solid OpenSCAD_Model
  facet normal 1 -0 0
    outer loop
      vertex 40.5 -4 7.5
      vertex 40.5 4 5
      vertex 40.5 4 7.5
    endloop
  endfacet
  facet normal 1 0 0
    outer loop
      vertex 40.5 4 5
      vertex 40.5 -4 7.5
      vertex 40.5 -4 5
    endloop
  endfacet
  facet normal -0 0 1
    outer loop
      vertex -40.5 4 7.5
      vertex -4 -4 7.5
      vertex -4 4 7.5
    endloop
  endfacet
  facet normal 0 0 1
    outer loop
      vertex -4 -4 7.5
      vertex -40.5 4 7.5
      vertex -40.5 -4 7.5
    endloop
  endfacet
  facet normal 0 0 1
    outer loop
      vertex -4 4 7.5
      vertex 4 4 7.5
      vertex 4 40.5 7.5
    endloop
  endfacet
  facet normal 0 -0 1
    outer loop
      vertex 3.2322 0.339717 7.5
      vertex 4 4 7.5
      vertex 3.20999 0.508411 7.5
    endloop
  endfacet
  facet normal -0 0 1
    outer loop
      vertex 3.24555 -0.170092 7.5
      vertex 4 -4 7.5
      vertex 3.25 0 7.5
    endloop
  endfacet
  facet normal 0 0 1
    outer loop
      vertex 4 4 7.5
      vertex 3.25 0 7.5
      vertex 4 -4 7.5
    endloop
  endfacet
  facet normal 0 -0 1
    outer loop
      vertex 3.25 0 7.5
      vertex 4 4 7.5
      vertex 3.24555 0.170092 7.5
    endloop
  endfacet
  facet normal 0 -0 1
    outer loop
      vertex 3.24555 0.170092 7.5
      vertex 4 4 7.5
      vertex 3.2322 0.339717 7.5
    endloop
  endfacet
  facet normal 0 0 1
    outer loop
      vertex 4 4 7.5
      vertex 3.17898 0.675713 7.5
      vertex 3.20999 0.508411 7.5
    endloop
  endfacet
  facet normal 0 0 1
    outer loop
      vertex 4 4 7.5
      vertex 3.13926 0.841162 7.5
      vertex 3.17898 0.675713 7.5
    endloop
  endfacet
  facet normal 0 0 1
    outer loop
      vertex 4 4 7.5
      vertex 3.09093 1.0043 7.5
      vertex 3.13926 0.841162 7.5
    endloop
  endfacet
  facet normal 0 0 1
    outer loop
      vertex 4 4 7.5
      vertex 3.03414 1.1647 7.5
      vertex 3.09093 1.0043 7.5
    endloop
  endfacet
  facet normal 0 0 1
    outer loop
      vertex 4 4 7.5
      vertex 2.96902 1.32189 7.5
      vertex 3.03414 1.1647 7.5
    endloop
  endfacet
  facet normal 0 0 1
    outer loop
      vertex 4 4 7.5
      vertex 2.89577 1.47547 7.5
      vertex 2.96902 1.32189 7.5
    endloop
  endfacet
  facet normal 0 0 1
    outer loop
      vertex 4 4 7.5
      vertex 2.81458 1.625 7.5
      vertex 2.89577 1.47547 7.5
    endloop
  endfacet
  facet normal 0 0 1
    outer loop
      vertex 4 4 7.5
      vertex 2.72568 1.77008 7.5
      vertex 2.81458 1.625 7.5
    endloop
  endfacet
  facet normal 0 0 1
    outer loop
      vertex 4 4 7.5
      vertex 2.6293 1.9103 7.5
      vertex 2.72568 1.77008 7.5
    endloop
  endfacet
  facet normal 0 0 1
    outer loop
      vertex 4 4 7.5
      vertex 2.52572 2.04529 7.5
      vertex 2.6293 1.9103 7.5
    endloop
  endfacet
  facet normal 0 0 1
    outer loop
      vertex 4 4 7.5
      vertex 2.41522 2.17467 7.5
      vertex 2.52572 2.04529 7.5
    endloop
  endfacet
  facet normal 0 0 1
    outer loop
      vertex 4 4 7.5
      vertex 2.2981 2.2981 7.5
      vertex 2.41522 2.17467 7.5
    endloop
  endfacet
  facet normal 0 0 1
    outer loop
      vertex 4 4 7.5
      vertex 2.17467 2.41522 7.5
      vertex 2.2981 2.2981 7.5
    endloop
  endfacet
  facet normal 0 0 1
    outer loop
      vertex 4 4 7.5
      vertex 2.04529 2.52572 7.5
      vertex 2.17467 2.41522 7.5
    endloop
  endfacet
  facet normal 0 0 1
    outer loop
      vertex 4 4 7.5
      vertex 1.9103 2.6293 7.5
      vertex 2.04529 2.52572 7.5
    endloop
  endfacet
  facet normal 0 0 1
    outer loop
      vertex 4 4 7.5
      vertex 1.77008 2.72568 7.5
      vertex 1.9103 2.6293 7.5
    endloop
  endfacet
  facet normal 0 0 1
    outer loop
      vertex 4 4 7.5
      vertex 1.625 2.81458 7.5
      vertex 1.77008 2.72568 7.5
    endloop
  endfacet
  facet normal 0 0 1
    outer loop
      vertex 4 4 7.5
      vertex 1.47547 2.89577 7.5
      vertex 1.625 2.81458 7.5
    endloop
  endfacet
  facet normal 0 0 1
    outer loop
      vertex 4 4 7.5
      vertex 1.32189 2.96902 7.5
      vertex 1.47547 2.89577 7.5
    endloop
  endfacet
  facet normal 0 0 1
    outer loop
      vertex 4 4 7.5
      vertex 1.1647 3.03414 7.5
      vertex 1.32189 2.96902 7.5
    endloop
  endfacet
  facet normal 0 0 1
    outer loop
      vertex 4 4 7.5
      vertex 1.0043 3.09093 7.5
      vertex 1.1647 3.03414 7.5
    endloop
  endfacet
  facet normal 0 0 1
    outer loop
      vertex 4 4 7.5
      vertex 0.841162 3.13926 7.5
      vertex 1.0043 3.09093 7.5
    endloop
  endfacet
  facet normal 0 0 1
    outer loop
      vertex 4 4 7.5
      vertex 0.675713 3.17898 7.5
      vertex 0.841162 3.13926 7.5
    endloop
  endfacet
  facet normal 0 0 1
    outer loop
      vertex 4 4 7.5
      vertex 0.508411 3.20999 7.5
      vertex 0.675713 3.17898 7.5
    endloop
  endfacet
  facet normal 0 0 1
    outer loop
      vertex 4 4 7.5
      vertex 0.339717 3.2322 7.5
      vertex 0.508411 3.20999 7.5
    endloop
  endfacet
  facet normal 0 0 1
    outer loop
      vertex 4 4 7.5
      vertex 0.170092 3.24555 7.5
      vertex 0.339717 3.2322 7.5
    endloop
  endfacet
  facet normal 0 -0 1
    outer loop
      vertex 0 3.25 7.5
      vertex 4 4 7.5
      vertex -4 4 7.5
    endloop
  endfacet
  facet normal 0 0 1
    outer loop
      vertex 4 4 7.5
      vertex 0 3.25 7.5
      vertex 0.170092 3.24555 7.5
    endloop
  endfacet
  facet normal 0 0 1
    outer loop
      vertex 0 3.25 7.5
      vertex -4 4 7.5
      vertex -0.170092 3.24555 7.5
    endloop
  endfacet
  facet normal 0 0 1
    outer loop
      vertex -0.170092 3.24555 7.5
      vertex -4 4 7.5
      vertex -0.339717 3.2322 7.5
    endloop
  endfacet
  facet normal 0 0 1
    outer loop
      vertex -0.339717 3.2322 7.5
      vertex -4 4 7.5
      vertex -0.508411 3.20999 7.5
    endloop
  endfacet
  facet normal 0 0 1
    outer loop
      vertex -0.508411 3.20999 7.5
      vertex -4 4 7.5
      vertex -0.675713 3.17898 7.5
    endloop
  endfacet
  facet normal 0 0 1
    outer loop
      vertex -0.675713 3.17898 7.5
      vertex -4 4 7.5
      vertex -0.841162 3.13926 7.5
    endloop
  endfacet
  facet normal 0 0 1
    outer loop
      vertex -0.841162 3.13926 7.5
      vertex -4 4 7.5
      vertex -1.0043 3.09093 7.5
    endloop
  endfacet
  facet normal 0 0 1
    outer loop
      vertex -1.0043 3.09093 7.5
      vertex -4 4 7.5
      vertex -1.1647 3.03414 7.5
    endloop
  endfacet
  facet normal 0 0 1
    outer loop
      vertex -1.1647 3.03414 7.5
      vertex -4 4 7.5
      vertex -1.32189 2.96902 7.5
    endloop
  endfacet
  facet normal 0 0 1
    outer loop
      vertex -1.32189 2.96902 7.5
      vertex -4 4 7.5
      vertex -1.47547 2.89577 7.5
    endloop
  endfacet
  facet normal 0 0 1
    outer loop
      vertex -1.47547 2.89577 7.5
      vertex -4 4 7.5
      vertex -1.625 2.81458 7.5
    endloop
  endfacet
  facet normal 0 0 1
    outer loop
      vertex -1.625 2.81458 7.5
      vertex -4 4 7.5
      vertex -1.77008 2.72568 7.5
    endloop
  endfacet
  facet normal 0 0 1
    outer loop
      vertex -1.77008 2.72568 7.5
      vertex -4 4 7.5
      vertex -1.9103 2.6293 7.5
    endloop
  endfacet
  facet normal 0 0 1
    outer loop
      vertex -1.9103 2.6293 7.5
      vertex -4 4 7.5
      vertex -2.04529 2.52572 7.5
    endloop
  endfacet
  facet normal 0 0 1
    outer loop
      vertex -2.04529 2.52572 7.5
      vertex -4 4 7.5
      vertex -2.17467 2.41522 7.5
    endloop
  endfacet
  facet normal 0 0 1
    outer loop
      vertex -2.17467 2.41522 7.5
      vertex -4 4 7.5
      vertex -2.2981 2.2981 7.5
    endloop
  endfacet
  facet normal 0 0 1
    outer loop
      vertex -2.2981 2.2981 7.5
      vertex -4 4 7.5
      vertex -2.41522 2.17467 7.5
    endloop
  endfacet
  facet normal 0 0 1
    outer loop
      vertex -2.41522 2.17467 7.5
      vertex -4 4 7.5
      vertex -2.52572 2.04529 7.5
    endloop
  endfacet
  facet normal 0 0 1
    outer loop
      vertex -2.52572 2.04529 7.5
      vertex -4 4 7.5
      vertex -2.6293 1.9103 7.5
    endloop
  endfacet
  facet normal 0 0 1
    outer loop
      vertex -2.6293 1.9103 7.5
      vertex -4 4 7.5
      vertex -2.72568 1.77008 7.5
    endloop
  endfacet
  facet normal 0 0 1
    outer loop
      vertex -2.72568 1.77008 7.5
      vertex -4 4 7.5
      vertex -2.81458 1.625 7.5
    endloop
  endfacet
  facet normal 0 0 1
    outer loop
      vertex -2.81458 1.625 7.5
      vertex -4 4 7.5
      vertex -2.89577 1.47547 7.5
    endloop
  endfacet
  facet normal 0 0 1
    outer loop
      vertex -2.89577 1.47547 7.5
      vertex -4 4 7.5
      vertex -2.96902 1.32189 7.5
    endloop
  endfacet
  facet normal 0 0 1
    outer loop
      vertex -2.96902 1.32189 7.5
      vertex -4 4 7.5
      vertex -3.03414 1.1647 7.5
    endloop
  endfacet
  facet normal 0 0 1
    outer loop
      vertex -3.03414 1.1647 7.5
      vertex -4 4 7.5
      vertex -3.09093 1.0043 7.5
    endloop
  endfacet
  facet normal 0 0 1
    outer loop
      vertex -3.09093 1.0043 7.5
      vertex -4 4 7.5
      vertex -3.13926 0.841162 7.5
    endloop
  endfacet
  facet normal 0 0 1
    outer loop
      vertex -3.13926 0.841162 7.5
      vertex -4 4 7.5
      vertex -3.17898 0.675713 7.5
    endloop
  endfacet
  facet normal 0 0 1
    outer loop
      vertex -3.2322 0.339717 7.5
      vertex -4 4 7.5
      vertex -3.24555 0.170092 7.5
    endloop
  endfacet
  facet normal 0 0 1
    outer loop
      vertex -3.20999 0.508411 7.5
      vertex -4 4 7.5
      vertex -3.2322 0.339717 7.5
    endloop
  endfacet
  facet normal 0 0 1
    outer loop
      vertex -3.17898 0.675713 7.5
      vertex -4 4 7.5
      vertex -3.20999 0.508411 7.5
    endloop
  endfacet
  facet normal 0 0 1
    outer loop
      vertex -4 4 7.5
      vertex 4 40.5 7.5
      vertex -4 40.5 7.5
    endloop
  endfacet
  facet normal -0 0 1
    outer loop
      vertex 4 4 7.5
      vertex 40.5 -4 7.5
      vertex 40.5 4 7.5
    endloop
  endfacet
  facet normal 0 0 1
    outer loop
      vertex 40.5 -4 7.5
      vertex 4 4 7.5
      vertex 4 -4 7.5
    endloop
  endfacet
  facet normal -0 0 1
    outer loop
      vertex 3.2322 -0.339717 7.5
      vertex 4 -4 7.5
      vertex 3.24555 -0.170092 7.5
    endloop
  endfacet
  facet normal -0 0 1
    outer loop
      vertex 3.20999 -0.508411 7.5
      vertex 4 -4 7.5
      vertex 3.2322 -0.339717 7.5
    endloop
  endfacet
  facet normal -0 0 1
    outer loop
      vertex 3.17898 -0.675713 7.5
      vertex 4 -4 7.5
      vertex 3.20999 -0.508411 7.5
    endloop
  endfacet
  facet normal -0 0 1
    outer loop
      vertex 3.13926 -0.841162 7.5
      vertex 4 -4 7.5
      vertex 3.17898 -0.675713 7.5
    endloop
  endfacet
  facet normal -0 0 1
    outer loop
      vertex 3.09093 -1.0043 7.5
      vertex 4 -4 7.5
      vertex 3.13926 -0.841162 7.5
    endloop
  endfacet
  facet normal -0 0 1
    outer loop
      vertex 3.03414 -1.1647 7.5
      vertex 4 -4 7.5
      vertex 3.09093 -1.0043 7.5
    endloop
  endfacet
  facet normal -0 0 1
    outer loop
      vertex 2.96902 -1.32189 7.5
      vertex 4 -4 7.5
      vertex 3.03414 -1.1647 7.5
    endloop
  endfacet
  facet normal -0 0 1
    outer loop
      vertex 2.89577 -1.47547 7.5
      vertex 4 -4 7.5
      vertex 2.96902 -1.32189 7.5
    endloop
  endfacet
  facet normal -0 0 1
    outer loop
      vertex 2.81458 -1.625 7.5
      vertex 4 -4 7.5
      vertex 2.89577 -1.47547 7.5
    endloop
  endfacet
  facet normal -0 0 1
    outer loop
      vertex 2.72568 -1.77008 7.5
      vertex 4 -4 7.5
      vertex 2.81458 -1.625 7.5
    endloop
  endfacet
  facet normal -0 0 1
    outer loop
      vertex 2.6293 -1.9103 7.5
      vertex 4 -4 7.5
      vertex 2.72568 -1.77008 7.5
    endloop
  endfacet
  facet normal -0 0 1
    outer loop
      vertex 2.52572 -2.04529 7.5
      vertex 4 -4 7.5
      vertex 2.6293 -1.9103 7.5
    endloop
  endfacet
  facet normal -0 0 1
    outer loop
      vertex 2.41522 -2.17467 7.5
      vertex 4 -4 7.5
      vertex 2.52572 -2.04529 7.5
    endloop
  endfacet
  facet normal -0 0 1
    outer loop
      vertex 2.2981 -2.2981 7.5
      vertex 4 -4 7.5
      vertex 2.41522 -2.17467 7.5
    endloop
  endfacet
  facet normal -0 0 1
    outer loop
      vertex 2.17467 -2.41522 7.5
      vertex 4 -4 7.5
      vertex 2.2981 -2.2981 7.5
    endloop
  endfacet
  facet normal -0 0 1
    outer loop
      vertex 2.04529 -2.52572 7.5
      vertex 4 -4 7.5
      vertex 2.17467 -2.41522 7.5
    endloop
  endfacet
  facet normal -0 0 1
    outer loop
      vertex 1.9103 -2.6293 7.5
      vertex 4 -4 7.5
      vertex 2.04529 -2.52572 7.5
    endloop
  endfacet
  facet normal -0 0 1
    outer loop
      vertex 1.77008 -2.72568 7.5
      vertex 4 -4 7.5
      vertex 1.9103 -2.6293 7.5
    endloop
  endfacet
  facet normal -0 0 1
    outer loop
      vertex 1.625 -2.81458 7.5
      vertex 4 -4 7.5
      vertex 1.77008 -2.72568 7.5
    endloop
  endfacet
  facet normal -0 0 1
    outer loop
      vertex 1.47547 -2.89577 7.5
      vertex 4 -4 7.5
      vertex 1.625 -2.81458 7.5
    endloop
  endfacet
  facet normal -0 0 1
    outer loop
      vertex 1.32189 -2.96902 7.5
      vertex 4 -4 7.5
      vertex 1.47547 -2.89577 7.5
    endloop
  endfacet
  facet normal -0 0 1
    outer loop
      vertex 1.1647 -3.03414 7.5
      vertex 4 -4 7.5
      vertex 1.32189 -2.96902 7.5
    endloop
  endfacet
  facet normal -0 0 1
    outer loop
      vertex 1.0043 -3.09093 7.5
      vertex 4 -4 7.5
      vertex 1.1647 -3.03414 7.5
    endloop
  endfacet
  facet normal -0 0 1
    outer loop
      vertex 0.841162 -3.13926 7.5
      vertex 4 -4 7.5
      vertex 1.0043 -3.09093 7.5
    endloop
  endfacet
  facet normal -0 0 1
    outer loop
      vertex 0.675713 -3.17898 7.5
      vertex 4 -4 7.5
      vertex 0.841162 -3.13926 7.5
    endloop
  endfacet
  facet normal -0 0 1
    outer loop
      vertex 0.508411 -3.20999 7.5
      vertex 4 -4 7.5
      vertex 0.675713 -3.17898 7.5
    endloop
  endfacet
  facet normal -0 0 1
    outer loop
      vertex 0.339717 -3.2322 7.5
      vertex 4 -4 7.5
      vertex 0.508411 -3.20999 7.5
    endloop
  endfacet
  facet normal -0 0 1
    outer loop
      vertex 0.170092 -3.24555 7.5
      vertex 4 -4 7.5
      vertex 0.339717 -3.2322 7.5
    endloop
  endfacet
  facet normal -0 0 1
    outer loop
      vertex 0 -3.25 7.5
      vertex 4 -4 7.5
      vertex 0.170092 -3.24555 7.5
    endloop
  endfacet
  facet normal 0 0 1
    outer loop
      vertex 4 -4 7.5
      vertex 0 -3.25 7.5
      vertex -4 -4 7.5
    endloop
  endfacet
  facet normal 0 0 1
    outer loop
      vertex -4 -4 7.5
      vertex 0 -3.25 7.5
      vertex -0.170092 -3.24555 7.5
    endloop
  endfacet
  facet normal 0 0 1
    outer loop
      vertex -4 -4 7.5
      vertex -0.170092 -3.24555 7.5
      vertex -0.339717 -3.2322 7.5
    endloop
  endfacet
  facet normal 0 0 1
    outer loop
      vertex -4 -4 7.5
      vertex -0.339717 -3.2322 7.5
      vertex -0.508411 -3.20999 7.5
    endloop
  endfacet
  facet normal 0 0 1
    outer loop
      vertex -4 -4 7.5
      vertex -0.508411 -3.20999 7.5
      vertex -0.675713 -3.17898 7.5
    endloop
  endfacet
  facet normal 0 0 1
    outer loop
      vertex -4 -4 7.5
      vertex -0.675713 -3.17898 7.5
      vertex -0.841162 -3.13926 7.5
    endloop
  endfacet
  facet normal 0 0 1
    outer loop
      vertex -4 -4 7.5
      vertex -0.841162 -3.13926 7.5
      vertex -1.0043 -3.09093 7.5
    endloop
  endfacet
  facet normal 0 0 1
    outer loop
      vertex -4 -4 7.5
      vertex -1.0043 -3.09093 7.5
      vertex -1.1647 -3.03414 7.5
    endloop
  endfacet
  facet normal 0 0 1
    outer loop
      vertex -4 -4 7.5
      vertex -1.1647 -3.03414 7.5
      vertex -1.32189 -2.96902 7.5
    endloop
  endfacet
  facet normal 0 0 1
    outer loop
      vertex -4 -4 7.5
      vertex -1.32189 -2.96902 7.5
      vertex -1.47547 -2.89577 7.5
    endloop
  endfacet
  facet normal 0 0 1
    outer loop
      vertex -4 -4 7.5
      vertex -1.47547 -2.89577 7.5
      vertex -1.625 -2.81458 7.5
    endloop
  endfacet
  facet normal 0 0 1
    outer loop
      vertex -4 -4 7.5
      vertex -1.625 -2.81458 7.5
      vertex -1.77008 -2.72568 7.5
    endloop
  endfacet
  facet normal 0 0 1
    outer loop
      vertex -4 -4 7.5
      vertex -1.77008 -2.72568 7.5
      vertex -1.9103 -2.6293 7.5
    endloop
  endfacet
  facet normal 0 0 1
    outer loop
      vertex -4 -4 7.5
      vertex -1.9103 -2.6293 7.5
      vertex -2.04529 -2.52572 7.5
    endloop
  endfacet
  facet normal 0 0 1
    outer loop
      vertex -4 -4 7.5
      vertex -2.04529 -2.52572 7.5
      vertex -2.17467 -2.41522 7.5
    endloop
  endfacet
  facet normal 0 0 1
    outer loop
      vertex -4 -4 7.5
      vertex -2.17467 -2.41522 7.5
      vertex -2.2981 -2.2981 7.5
    endloop
  endfacet
  facet normal 0 0 1
    outer loop
      vertex -4 -4 7.5
      vertex -2.2981 -2.2981 7.5
      vertex -2.41522 -2.17467 7.5
    endloop
  endfacet
  facet normal 0 0 1
    outer loop
      vertex -4 -4 7.5
      vertex -2.41522 -2.17467 7.5
      vertex -2.52572 -2.04529 7.5
    endloop
  endfacet
  facet normal 0 0 1
    outer loop
      vertex -4 -4 7.5
      vertex -2.52572 -2.04529 7.5
      vertex -2.6293 -1.9103 7.5
    endloop
  endfacet
  facet normal 0 0 1
    outer loop
      vertex -4 -4 7.5
      vertex -2.6293 -1.9103 7.5
      vertex -2.72568 -1.77008 7.5
    endloop
  endfacet
  facet normal 0 0 1
    outer loop
      vertex -4 -4 7.5
      vertex -2.72568 -1.77008 7.5
      vertex -2.81458 -1.625 7.5
    endloop
  endfacet
  facet normal 0 0 1
    outer loop
      vertex -4 -4 7.5
      vertex -2.81458 -1.625 7.5
      vertex -2.89577 -1.47547 7.5
    endloop
  endfacet
  facet normal 0 0 1
    outer loop
      vertex -4 -4 7.5
      vertex -2.89577 -1.47547 7.5
      vertex -2.96902 -1.32189 7.5
    endloop
  endfacet
  facet normal 0 0 1
    outer loop
      vertex -4 -4 7.5
      vertex -2.96902 -1.32189 7.5
      vertex -3.03414 -1.1647 7.5
    endloop
  endfacet
  facet normal 0 0 1
    outer loop
      vertex -4 -4 7.5
      vertex -3.03414 -1.1647 7.5
      vertex -3.09093 -1.0043 7.5
    endloop
  endfacet
  facet normal 0 0 1
    outer loop
      vertex -4 -4 7.5
      vertex -3.09093 -1.0043 7.5
      vertex -3.13926 -0.841162 7.5
    endloop
  endfacet
  facet normal 0 0 1
    outer loop
      vertex -4 -4 7.5
      vertex -3.13926 -0.841162 7.5
      vertex -3.17898 -0.675713 7.5
    endloop
  endfacet
  facet normal 0 0 1
    outer loop
      vertex -4 -4 7.5
      vertex -3.17898 -0.675713 7.5
      vertex -3.20999 -0.508411 7.5
    endloop
  endfacet
  facet normal 0 0 1
    outer loop
      vertex -3.24555 0.170092 7.5
      vertex -4 4 7.5
      vertex -3.25 0 7.5
    endloop
  endfacet
  facet normal 0 0 1
    outer loop
      vertex -4 -4 7.5
      vertex -3.25 0 7.5
      vertex -4 4 7.5
    endloop
  endfacet
  facet normal 0 0 1
    outer loop
      vertex -3.25 0 7.5
      vertex -4 -4 7.5
      vertex -3.24555 -0.170092 7.5
    endloop
  endfacet
  facet normal 0 0 1
    outer loop
      vertex -3.24555 -0.170092 7.5
      vertex -4 -4 7.5
      vertex -3.2322 -0.339717 7.5
    endloop
  endfacet
  facet normal 0 0 1
    outer loop
      vertex -3.2322 -0.339717 7.5
      vertex -4 -4 7.5
      vertex -3.20999 -0.508411 7.5
    endloop
  endfacet
  facet normal 0 0 1
    outer loop
      vertex 4 -4 7.5
      vertex -4 -4 7.5
      vertex 4 -40.5 7.5
    endloop
  endfacet
  facet normal 0 0 1
    outer loop
      vertex 4 -40.5 7.5
      vertex -4 -4 7.5
      vertex -4 -40.5 7.5
    endloop
  endfacet
  facet normal -1 0 0
    outer loop
      vertex -40.5 -4 5
      vertex -40.5 4 7.5
      vertex -40.5 4 5
    endloop
  endfacet
  facet normal -1 -0 0
    outer loop
      vertex -40.5 4 7.5
      vertex -40.5 -4 5
      vertex -40.5 -4 7.5
    endloop
  endfacet
  facet normal 0 1 -0
    outer loop
      vertex -4 4 5
      vertex -40.5 4 7.5
      vertex -4 4 7.5
    endloop
  endfacet
  facet normal 0 1 0
    outer loop
      vertex -40.5 4 7.5
      vertex -4 4 5
      vertex -40.5 4 5
    endloop
  endfacet
  facet normal 0 1 -0
    outer loop
      vertex 40.5 4 5
      vertex 4 4 7.5
      vertex 40.5 4 7.5
    endloop
  endfacet
  facet normal 0 1 0
    outer loop
      vertex 4 4 7.5
      vertex 40.5 4 5
      vertex 4 4 5
    endloop
  endfacet
  facet normal 0 -1 0
    outer loop
      vertex -40.5 -4 5
      vertex -4 -4 7.5
      vertex -40.5 -4 7.5
    endloop
  endfacet
  facet normal 0 -1 -0
    outer loop
      vertex -4 -4 7.5
      vertex -40.5 -4 5
      vertex -4 -4 5
    endloop
  endfacet
  facet normal 0 -1 0
    outer loop
      vertex 4 -4 5
      vertex 40.5 -4 7.5
      vertex 4 -4 7.5
    endloop
  endfacet
  facet normal 0 -1 -0
    outer loop
      vertex 40.5 -4 7.5
      vertex 4 -4 5
      vertex 40.5 -4 5
    endloop
  endfacet
  facet normal 0 -1 0
    outer loop
      vertex -4 -40.5 5
      vertex 4 -40.5 7.5
      vertex -4 -40.5 7.5
    endloop
  endfacet
  facet normal 0 -1 -0
    outer loop
      vertex 4 -40.5 7.5
      vertex -4 -40.5 5
      vertex 4 -40.5 5
    endloop
  endfacet
  facet normal -1 0 0
    outer loop
      vertex -4 -40.5 5
      vertex -4 -4 7.5
      vertex -4 -4 5
    endloop
  endfacet
  facet normal -1 -0 0
    outer loop
      vertex -4 -4 7.5
      vertex -4 -40.5 5
      vertex -4 -40.5 7.5
    endloop
  endfacet
  facet normal -1 0 0
    outer loop
      vertex -4 4 5
      vertex -4 40.5 7.5
      vertex -4 40.5 5
    endloop
  endfacet
  facet normal -1 -0 0
    outer loop
      vertex -4 40.5 7.5
      vertex -4 4 5
      vertex -4 4 7.5
    endloop
  endfacet
  facet normal 1 -0 0
    outer loop
      vertex 4 -40.5 7.5
      vertex 4 -4 5
      vertex 4 -4 7.5
    endloop
  endfacet
  facet normal 1 0 0
    outer loop
      vertex 4 -4 5
      vertex 4 -40.5 7.5
      vertex 4 -40.5 5
    endloop
  endfacet
  facet normal 1 -0 0
    outer loop
      vertex 4 4 7.5
      vertex 4 40.5 5
      vertex 4 40.5 7.5
    endloop
  endfacet
  facet normal 1 0 0
    outer loop
      vertex 4 40.5 5
      vertex 4 4 7.5
      vertex 4 4 5
    endloop
  endfacet
  facet normal 0 1 -0
    outer loop
      vertex 4 40.5 5
      vertex -4 40.5 7.5
      vertex 4 40.5 7.5
    endloop
  endfacet
  facet normal 0 1 0
    outer loop
      vertex -4 40.5 7.5
      vertex 4 40.5 5
      vertex -4 40.5 5
    endloop
  endfacet
  facet normal 0.996918 0.0784498 0
    outer loop
      vertex 44.7386 2.34465 5
      vertex 44.5546 4.68287 0
      vertex 44.5546 4.68287 5
    endloop
  endfacet
  facet normal 0.996918 0.0784498 0
    outer loop
      vertex 44.5546 4.68287 0
      vertex 44.7386 2.34465 5
      vertex 44.7386 2.34465 0
    endloop
  endfacet
  facet normal 0.999657 0.0261783 0
    outer loop
      vertex 44.8 0 5
      vertex 44.7386 2.34465 0
      vertex 44.7386 2.34465 5
    endloop
  endfacet
  facet normal 0.999657 0.0261783 0
    outer loop
      vertex 44.7386 2.34465 0
      vertex 44.8 0 5
      vertex 44.8 0 0
    endloop
  endfacet
  facet normal 0.0784498 -0.996918 0
    outer loop
      vertex 2.34465 -44.7386 0
      vertex 4.68287 -44.5546 5
      vertex 2.34465 -44.7386 5
    endloop
  endfacet
  facet normal 0.0784498 -0.996918 0
    outer loop
      vertex 4.68287 -44.5546 5
      vertex 2.34465 -44.7386 0
      vertex 4.68287 -44.5546 0
    endloop
  endfacet
  facet normal 0.942644 -0.333799 0
    outer loop
      vertex 41.8244 -16.0549 5
      vertex 42.6073 -13.844 0
      vertex 42.6073 -13.844 5
    endloop
  endfacet
  facet normal 0.942644 -0.333799 0
    outer loop
      vertex 42.6073 -13.844 0
      vertex 41.8244 -16.0549 5
      vertex 41.8244 -16.0549 0
    endloop
  endfacet
  facet normal -0.284033 -0.958814 0
    outer loop
      vertex -13.844 -42.6073 0
      vertex -11.5951 -43.2735 5
      vertex -13.844 -42.6073 5
    endloop
  endfacet
  facet normal -0.284033 -0.958814 -0
    outer loop
      vertex -11.5951 -43.2735 5
      vertex -13.844 -42.6073 0
      vertex -11.5951 -43.2735 0
    endloop
  endfacet
  facet normal 0.430491 -0.902595 0
    outer loop
      vertex 18.2218 -40.9268 0
      vertex 20.3388 -39.9171 5
      vertex 18.2218 -40.9268 5
    endloop
  endfacet
  facet normal 0.430491 -0.902595 0
    outer loop
      vertex 20.3388 -39.9171 5
      vertex 18.2218 -40.9268 0
      vertex 20.3388 -39.9171 0
    endloop
  endfacet
  facet normal 0.649435 0.760417 -0
    outer loop
      vertex 29.9771 33.2929 0
      vertex 28.1936 34.8161 5
      vertex 29.9771 33.2929 5
    endloop
  endfacet
  facet normal 0.649435 0.760417 0
    outer loop
      vertex 28.1936 34.8161 5
      vertex 29.9771 33.2929 0
      vertex 28.1936 34.8161 0
    endloop
  endfacet
  facet normal -0.793341 0.608777 0
    outer loop
      vertex -36.244 26.3328 0
      vertex -34.8161 28.1936 5
      vertex -34.8161 28.1936 0
    endloop
  endfacet
  facet normal -0.793341 0.608777 0
    outer loop
      vertex -34.8161 28.1936 5
      vertex -36.244 26.3328 0
      vertex -36.244 26.3328 5
    endloop
  endfacet
  facet normal 0.382698 -0.923873 0
    outer loop
      vertex 16.0549 -41.8244 0
      vertex 18.2218 -40.9268 5
      vertex 16.0549 -41.8244 5
    endloop
  endfacet
  facet normal 0.382698 -0.923873 0
    outer loop
      vertex 18.2218 -40.9268 5
      vertex 16.0549 -41.8244 0
      vertex 18.2218 -40.9268 0
    endloop
  endfacet
  facet normal 0.284033 0.958814 -0
    outer loop
      vertex 13.844 42.6073 0
      vertex 11.5951 43.2735 5
      vertex 13.844 42.6073 5
    endloop
  endfacet
  facet normal 0.284033 0.958814 0
    outer loop
      vertex 11.5951 43.2735 5
      vertex 13.844 42.6073 0
      vertex 11.5951 43.2735 0
    endloop
  endfacet
  facet normal -0.382698 0.923873 0
    outer loop
      vertex -16.0549 41.8244 0
      vertex -18.2218 40.9268 5
      vertex -16.0549 41.8244 5
    endloop
  endfacet
  facet normal -0.382698 0.923873 0
    outer loop
      vertex -18.2218 40.9268 5
      vertex -16.0549 41.8244 0
      vertex -18.2218 40.9268 0
    endloop
  endfacet
  facet normal -0.972374 -0.23343 0
    outer loop
      vertex -43.2735 -11.5951 0
      vertex -43.821 -9.31444 5
      vertex -43.821 -9.31444 0
    endloop
  endfacet
  facet normal -0.972374 -0.23343 0
    outer loop
      vertex -43.821 -9.31444 5
      vertex -43.2735 -11.5951 0
      vertex -43.2735 -11.5951 5
    endloop
  endfacet
  facet normal 0.878806 0.477178 0
    outer loop
      vertex 39.9171 20.3388 5
      vertex 38.7979 22.4 0
      vertex 38.7979 22.4 5
    endloop
  endfacet
  facet normal 0.878806 0.477178 0
    outer loop
      vertex 38.7979 22.4 0
      vertex 39.9171 20.3388 5
      vertex 39.9171 20.3388 0
    endloop
  endfacet
  facet normal 0.688361 -0.725369 0
    outer loop
      vertex 29.9771 -33.2929 0
      vertex 31.6784 -31.6784 5
      vertex 29.9771 -33.2929 5
    endloop
  endfacet
  facet normal 0.688361 -0.725369 0
    outer loop
      vertex 31.6784 -31.6784 5
      vertex 29.9771 -33.2929 0
      vertex 31.6784 -31.6784 0
    endloop
  endfacet
  facet normal 0.942644 0.333799 0
    outer loop
      vertex 42.6073 13.844 5
      vertex 41.8244 16.0549 0
      vertex 41.8244 16.0549 5
    endloop
  endfacet
  facet normal 0.942644 0.333799 0
    outer loop
      vertex 41.8244 16.0549 0
      vertex 42.6073 13.844 5
      vertex 42.6073 13.844 0
    endloop
  endfacet
  facet normal 0.852636 0.522505 0
    outer loop
      vertex 38.7979 22.4 5
      vertex 37.5724 24.3998 0
      vertex 37.5724 24.3998 5
    endloop
  endfacet
  facet normal 0.852636 0.522505 0
    outer loop
      vertex 37.5724 24.3998 0
      vertex 38.7979 22.4 5
      vertex 38.7979 22.4 0
    endloop
  endfacet
  facet normal 0.923873 0.382698 0
    outer loop
      vertex 41.8244 16.0549 5
      vertex 40.9268 18.2218 0
      vertex 40.9268 18.2218 5
    endloop
  endfacet
  facet normal 0.923873 0.382698 0
    outer loop
      vertex 40.9268 18.2218 0
      vertex 41.8244 16.0549 5
      vertex 41.8244 16.0549 0
    endloop
  endfacet
  facet normal 0.0261783 0.999657 -0
    outer loop
      vertex 2.34465 44.7386 0
      vertex 0 44.8 5
      vertex 2.34465 44.7386 5
    endloop
  endfacet
  facet normal 0.0261783 0.999657 0
    outer loop
      vertex 0 44.8 5
      vertex 2.34465 44.7386 0
      vertex 0 44.8 0
    endloop
  endfacet
  facet normal -0.0784498 0.996918 0
    outer loop
      vertex -2.34465 44.7386 0
      vertex -4.68287 44.5546 5
      vertex -2.34465 44.7386 5
    endloop
  endfacet
  facet normal -0.0784498 0.996918 0
    outer loop
      vertex -4.68287 44.5546 5
      vertex -2.34465 44.7386 0
      vertex -4.68287 44.5546 0
    endloop
  endfacet
  facet normal 0.793341 0.608777 0
    outer loop
      vertex 36.244 26.3328 5
      vertex 34.8161 28.1936 0
      vertex 34.8161 28.1936 5
    endloop
  endfacet
  facet normal 0.793341 0.608777 0
    outer loop
      vertex 34.8161 28.1936 0
      vertex 36.244 26.3328 5
      vertex 36.244 26.3328 0
    endloop
  endfacet
  facet normal -0.333799 0.942644 0
    outer loop
      vertex -13.844 42.6073 0
      vertex -16.0549 41.8244 5
      vertex -13.844 42.6073 5
    endloop
  endfacet
  facet normal -0.333799 0.942644 0
    outer loop
      vertex -16.0549 41.8244 5
      vertex -13.844 42.6073 0
      vertex -16.0549 41.8244 0
    endloop
  endfacet
  facet normal -0.13055 0.991442 0
    outer loop
      vertex -4.68287 44.5546 0
      vertex -7.00826 44.2484 5
      vertex -4.68287 44.5546 5
    endloop
  endfacet
  facet normal -0.13055 0.991442 0
    outer loop
      vertex -7.00826 44.2484 5
      vertex -4.68287 44.5546 0
      vertex -7.00826 44.2484 0
    endloop
  endfacet
  facet normal -0.996918 -0.0784498 0
    outer loop
      vertex -44.5546 -4.68287 0
      vertex -44.7386 -2.34465 5
      vertex -44.7386 -2.34465 0
    endloop
  endfacet
  facet normal -0.996918 -0.0784498 0
    outer loop
      vertex -44.7386 -2.34465 5
      vertex -44.5546 -4.68287 0
      vertex -44.5546 -4.68287 5
    endloop
  endfacet
  facet normal 0.23343 -0.972374 0
    outer loop
      vertex 9.31444 -43.821 0
      vertex 11.5951 -43.2735 5
      vertex 9.31444 -43.821 5
    endloop
  endfacet
  facet normal 0.23343 -0.972374 0
    outer loop
      vertex 11.5951 -43.2735 5
      vertex 9.31444 -43.821 0
      vertex 11.5951 -43.2735 0
    endloop
  endfacet
  facet normal -0.725369 -0.688361 0
    outer loop
      vertex -31.6784 -31.6784 0
      vertex -33.2929 -29.9771 5
      vertex -33.2929 -29.9771 0
    endloop
  endfacet
  facet normal -0.725369 -0.688361 0
    outer loop
      vertex -33.2929 -29.9771 5
      vertex -31.6784 -31.6784 0
      vertex -31.6784 -31.6784 5
    endloop
  endfacet
  facet normal 0.983257 -0.182225 0
    outer loop
      vertex 43.821 -9.31444 5
      vertex 44.2484 -7.00826 0
      vertex 44.2484 -7.00826 5
    endloop
  endfacet
  facet normal 0.983257 -0.182225 0
    outer loop
      vertex 44.2484 -7.00826 0
      vertex 43.821 -9.31444 5
      vertex 43.821 -9.31444 0
    endloop
  endfacet
  facet normal 0.688361 0.725369 -0
    outer loop
      vertex 31.6784 31.6784 0
      vertex 29.9771 33.2929 5
      vertex 31.6784 31.6784 5
    endloop
  endfacet
  facet normal 0.688361 0.725369 0
    outer loop
      vertex 29.9771 33.2929 5
      vertex 31.6784 31.6784 0
      vertex 29.9771 33.2929 0
    endloop
  endfacet
  facet normal 0.958814 -0.284033 0
    outer loop
      vertex 42.6073 -13.844 5
      vertex 43.2735 -11.5951 0
      vertex 43.2735 -11.5951 5
    endloop
  endfacet
  facet normal 0.958814 -0.284033 0
    outer loop
      vertex 43.2735 -11.5951 0
      vertex 42.6073 -13.844 5
      vertex 42.6073 -13.844 0
    endloop
  endfacet
  facet normal -0.333799 -0.942644 0
    outer loop
      vertex -16.0549 -41.8244 0
      vertex -13.844 -42.6073 5
      vertex -16.0549 -41.8244 5
    endloop
  endfacet
  facet normal -0.333799 -0.942644 -0
    outer loop
      vertex -13.844 -42.6073 5
      vertex -16.0549 -41.8244 0
      vertex -13.844 -42.6073 0
    endloop
  endfacet
  facet normal 0.0784498 0.996918 -0
    outer loop
      vertex 4.68287 44.5546 0
      vertex 2.34465 44.7386 5
      vertex 4.68287 44.5546 5
    endloop
  endfacet
  facet normal 0.0784498 0.996918 0
    outer loop
      vertex 2.34465 44.7386 5
      vertex 4.68287 44.5546 0
      vertex 2.34465 44.7386 0
    endloop
  endfacet
  facet normal 0.608777 -0.793341 0
    outer loop
      vertex 26.3328 -36.244 0
      vertex 28.1936 -34.8161 5
      vertex 26.3328 -36.244 5
    endloop
  endfacet
  facet normal 0.608777 -0.793341 0
    outer loop
      vertex 28.1936 -34.8161 5
      vertex 26.3328 -36.244 0
      vertex 28.1936 -34.8161 0
    endloop
  endfacet
  facet normal 0.566373 -0.824149 0
    outer loop
      vertex 24.3998 -37.5724 0
      vertex 26.3328 -36.244 5
      vertex 24.3998 -37.5724 5
    endloop
  endfacet
  facet normal 0.566373 -0.824149 0
    outer loop
      vertex 26.3328 -36.244 5
      vertex 24.3998 -37.5724 0
      vertex 26.3328 -36.244 0
    endloop
  endfacet
  facet normal 0.958814 0.284033 0
    outer loop
      vertex 43.2735 11.5951 5
      vertex 42.6073 13.844 0
      vertex 42.6073 13.844 5
    endloop
  endfacet
  facet normal 0.958814 0.284033 0
    outer loop
      vertex 42.6073 13.844 0
      vertex 43.2735 11.5951 5
      vertex 43.2735 11.5951 0
    endloop
  endfacet
  facet normal 0.824149 0.566373 0
    outer loop
      vertex 37.5724 24.3998 5
      vertex 36.244 26.3328 0
      vertex 36.244 26.3328 5
    endloop
  endfacet
  facet normal 0.824149 0.566373 0
    outer loop
      vertex 36.244 26.3328 0
      vertex 37.5724 24.3998 5
      vertex 37.5724 24.3998 0
    endloop
  endfacet
  facet normal 0.333799 0.942644 -0
    outer loop
      vertex 16.0549 41.8244 0
      vertex 13.844 42.6073 5
      vertex 16.0549 41.8244 5
    endloop
  endfacet
  facet normal 0.333799 0.942644 0
    outer loop
      vertex 13.844 42.6073 5
      vertex 16.0549 41.8244 0
      vertex 13.844 42.6073 0
    endloop
  endfacet
  facet normal -0.999657 -0.0261783 0
    outer loop
      vertex -44.7386 -2.34465 0
      vertex -44.8 0 5
      vertex -44.8 0 0
    endloop
  endfacet
  facet normal -0.999657 -0.0261783 0
    outer loop
      vertex -44.8 0 5
      vertex -44.7386 -2.34465 0
      vertex -44.7386 -2.34465 5
    endloop
  endfacet
  facet normal 0.0261783 -0.999657 0
    outer loop
      vertex 0 -44.8 0
      vertex 2.34465 -44.7386 5
      vertex 0 -44.8 5
    endloop
  endfacet
  facet normal 0.0261783 -0.999657 0
    outer loop
      vertex 2.34465 -44.7386 5
      vertex 0 -44.8 0
      vertex 2.34465 -44.7386 0
    endloop
  endfacet
  facet normal -0.972374 0.23343 0
    outer loop
      vertex -43.821 9.31444 0
      vertex -43.2735 11.5951 5
      vertex -43.2735 11.5951 0
    endloop
  endfacet
  facet normal -0.972374 0.23343 0
    outer loop
      vertex -43.2735 11.5951 5
      vertex -43.821 9.31444 0
      vertex -43.821 9.31444 5
    endloop
  endfacet
  facet normal 0.566373 0.824149 -0
    outer loop
      vertex 26.3328 36.244 0
      vertex 24.3998 37.5724 5
      vertex 26.3328 36.244 5
    endloop
  endfacet
  facet normal 0.566373 0.824149 0
    outer loop
      vertex 24.3998 37.5724 5
      vertex 26.3328 36.244 0
      vertex 24.3998 37.5724 0
    endloop
  endfacet
  facet normal 0.972374 -0.23343 0
    outer loop
      vertex 43.2735 -11.5951 5
      vertex 43.821 -9.31444 0
      vertex 43.821 -9.31444 5
    endloop
  endfacet
  facet normal 0.972374 -0.23343 0
    outer loop
      vertex 43.821 -9.31444 0
      vertex 43.2735 -11.5951 5
      vertex 43.2735 -11.5951 0
    endloop
  endfacet
  facet normal 0.999657 -0.0261783 0
    outer loop
      vertex 44.7386 -2.34465 5
      vertex 44.8 0 0
      vertex 44.8 0 5
    endloop
  endfacet
  facet normal 0.999657 -0.0261783 0
    outer loop
      vertex 44.8 0 0
      vertex 44.7386 -2.34465 5
      vertex 44.7386 -2.34465 0
    endloop
  endfacet
  facet normal 0.878806 -0.477178 0
    outer loop
      vertex 38.7979 -22.4 5
      vertex 39.9171 -20.3388 0
      vertex 39.9171 -20.3388 5
    endloop
  endfacet
  facet normal 0.878806 -0.477178 0
    outer loop
      vertex 39.9171 -20.3388 0
      vertex 38.7979 -22.4 5
      vertex 38.7979 -22.4 0
    endloop
  endfacet
  facet normal -0.942644 -0.333799 0
    outer loop
      vertex -41.8244 -16.0549 0
      vertex -42.6073 -13.844 5
      vertex -42.6073 -13.844 0
    endloop
  endfacet
  facet normal -0.942644 -0.333799 0
    outer loop
      vertex -42.6073 -13.844 5
      vertex -41.8244 -16.0549 0
      vertex -41.8244 -16.0549 5
    endloop
  endfacet
  facet normal -0.878806 0.477178 0
    outer loop
      vertex -39.9171 20.3388 0
      vertex -38.7979 22.4 5
      vertex -38.7979 22.4 0
    endloop
  endfacet
  facet normal -0.878806 0.477178 0
    outer loop
      vertex -38.7979 22.4 5
      vertex -39.9171 20.3388 0
      vertex -39.9171 20.3388 5
    endloop
  endfacet
  facet normal 0.760417 0.649435 0
    outer loop
      vertex 34.8161 28.1936 5
      vertex 33.2929 29.9771 0
      vertex 33.2929 29.9771 5
    endloop
  endfacet
  facet normal 0.760417 0.649435 0
    outer loop
      vertex 33.2929 29.9771 0
      vertex 34.8161 28.1936 5
      vertex 34.8161 28.1936 0
    endloop
  endfacet
  facet normal -0.725369 0.688361 0
    outer loop
      vertex -33.2929 29.9771 0
      vertex -31.6784 31.6784 5
      vertex -31.6784 31.6784 0
    endloop
  endfacet
  facet normal -0.725369 0.688361 0
    outer loop
      vertex -31.6784 31.6784 5
      vertex -33.2929 29.9771 0
      vertex -33.2929 29.9771 5
    endloop
  endfacet
  facet normal 0.760417 -0.649435 0
    outer loop
      vertex 33.2929 -29.9771 5
      vertex 34.8161 -28.1936 0
      vertex 34.8161 -28.1936 5
    endloop
  endfacet
  facet normal 0.760417 -0.649435 0
    outer loop
      vertex 34.8161 -28.1936 0
      vertex 33.2929 -29.9771 5
      vertex 33.2929 -29.9771 0
    endloop
  endfacet
  facet normal 0.991442 -0.13055 0
    outer loop
      vertex 44.2484 -7.00826 5
      vertex 44.5546 -4.68287 0
      vertex 44.5546 -4.68287 5
    endloop
  endfacet
  facet normal 0.991442 -0.13055 0
    outer loop
      vertex 44.5546 -4.68287 0
      vertex 44.2484 -7.00826 5
      vertex 44.2484 -7.00826 0
    endloop
  endfacet
  facet normal -0.608777 0.793341 0
    outer loop
      vertex -26.3328 36.244 0
      vertex -28.1936 34.8161 5
      vertex -26.3328 36.244 5
    endloop
  endfacet
  facet normal -0.608777 0.793341 0
    outer loop
      vertex -28.1936 34.8161 5
      vertex -26.3328 36.244 0
      vertex -28.1936 34.8161 0
    endloop
  endfacet
  facet normal -0.958814 -0.284033 0
    outer loop
      vertex -42.6073 -13.844 0
      vertex -43.2735 -11.5951 5
      vertex -43.2735 -11.5951 0
    endloop
  endfacet
  facet normal -0.958814 -0.284033 0
    outer loop
      vertex -43.2735 -11.5951 5
      vertex -42.6073 -13.844 0
      vertex -42.6073 -13.844 5
    endloop
  endfacet
  facet normal 0.333799 -0.942644 0
    outer loop
      vertex 13.844 -42.6073 0
      vertex 16.0549 -41.8244 5
      vertex 13.844 -42.6073 5
    endloop
  endfacet
  facet normal 0.333799 -0.942644 0
    outer loop
      vertex 16.0549 -41.8244 5
      vertex 13.844 -42.6073 0
      vertex 16.0549 -41.8244 0
    endloop
  endfacet
  facet normal 0.477178 -0.878806 0
    outer loop
      vertex 20.3388 -39.9171 0
      vertex 22.4 -38.7979 5
      vertex 20.3388 -39.9171 5
    endloop
  endfacet
  facet normal 0.477178 -0.878806 0
    outer loop
      vertex 22.4 -38.7979 5
      vertex 20.3388 -39.9171 0
      vertex 22.4 -38.7979 0
    endloop
  endfacet
  facet normal -0.902595 -0.430491 0
    outer loop
      vertex -39.9171 -20.3388 0
      vertex -40.9268 -18.2218 5
      vertex -40.9268 -18.2218 0
    endloop
  endfacet
  facet normal -0.902595 -0.430491 0
    outer loop
      vertex -40.9268 -18.2218 5
      vertex -39.9171 -20.3388 0
      vertex -39.9171 -20.3388 5
    endloop
  endfacet
  facet normal 0.902595 -0.430491 0
    outer loop
      vertex 39.9171 -20.3388 5
      vertex 40.9268 -18.2218 0
      vertex 40.9268 -18.2218 5
    endloop
  endfacet
  facet normal 0.902595 -0.430491 0
    outer loop
      vertex 40.9268 -18.2218 0
      vertex 39.9171 -20.3388 5
      vertex 39.9171 -20.3388 0
    endloop
  endfacet
  facet normal 0.996918 -0.0784498 0
    outer loop
      vertex 44.5546 -4.68287 5
      vertex 44.7386 -2.34465 0
      vertex 44.7386 -2.34465 5
    endloop
  endfacet
  facet normal 0.996918 -0.0784498 0
    outer loop
      vertex 44.7386 -2.34465 0
      vertex 44.5546 -4.68287 5
      vertex 44.5546 -4.68287 0
    endloop
  endfacet
  facet normal 0.382698 0.923873 -0
    outer loop
      vertex 18.2218 40.9268 0
      vertex 16.0549 41.8244 5
      vertex 18.2218 40.9268 5
    endloop
  endfacet
  facet normal 0.382698 0.923873 0
    outer loop
      vertex 16.0549 41.8244 5
      vertex 18.2218 40.9268 0
      vertex 16.0549 41.8244 0
    endloop
  endfacet
  facet normal 0.902595 0.430491 0
    outer loop
      vertex 40.9268 18.2218 5
      vertex 39.9171 20.3388 0
      vertex 39.9171 20.3388 5
    endloop
  endfacet
  facet normal 0.902595 0.430491 0
    outer loop
      vertex 39.9171 20.3388 0
      vertex 40.9268 18.2218 5
      vertex 40.9268 18.2218 0
    endloop
  endfacet
  facet normal 0.182225 -0.983257 0
    outer loop
      vertex 7.00826 -44.2484 0
      vertex 9.31444 -43.821 5
      vertex 7.00826 -44.2484 5
    endloop
  endfacet
  facet normal 0.182225 -0.983257 0
    outer loop
      vertex 9.31444 -43.821 5
      vertex 7.00826 -44.2484 0
      vertex 9.31444 -43.821 0
    endloop
  endfacet
  facet normal -0.923873 -0.382698 0
    outer loop
      vertex -40.9268 -18.2218 0
      vertex -41.8244 -16.0549 5
      vertex -41.8244 -16.0549 0
    endloop
  endfacet
  facet normal -0.923873 -0.382698 0
    outer loop
      vertex -41.8244 -16.0549 5
      vertex -40.9268 -18.2218 0
      vertex -40.9268 -18.2218 5
    endloop
  endfacet
  facet normal 0.983257 0.182225 0
    outer loop
      vertex 44.2484 7.00826 5
      vertex 43.821 9.31444 0
      vertex 43.821 9.31444 5
    endloop
  endfacet
  facet normal 0.983257 0.182225 0
    outer loop
      vertex 43.821 9.31444 0
      vertex 44.2484 7.00826 5
      vertex 44.2484 7.00826 0
    endloop
  endfacet
  facet normal -0.983257 0.182225 0
    outer loop
      vertex -44.2484 7.00826 0
      vertex -43.821 9.31444 5
      vertex -43.821 9.31444 0
    endloop
  endfacet
  facet normal -0.983257 0.182225 0
    outer loop
      vertex -43.821 9.31444 5
      vertex -44.2484 7.00826 0
      vertex -44.2484 7.00826 5
    endloop
  endfacet
  facet normal 0.13055 0.991442 -0
    outer loop
      vertex 7.00826 44.2484 0
      vertex 4.68287 44.5546 5
      vertex 7.00826 44.2484 5
    endloop
  endfacet
  facet normal 0.13055 0.991442 0
    outer loop
      vertex 4.68287 44.5546 5
      vertex 7.00826 44.2484 0
      vertex 4.68287 44.5546 0
    endloop
  endfacet
  facet normal 0.430491 0.902595 -0
    outer loop
      vertex 20.3388 39.9171 0
      vertex 18.2218 40.9268 5
      vertex 20.3388 39.9171 5
    endloop
  endfacet
  facet normal 0.430491 0.902595 0
    outer loop
      vertex 18.2218 40.9268 5
      vertex 20.3388 39.9171 0
      vertex 18.2218 40.9268 0
    endloop
  endfacet
  facet normal 0.972374 0.23343 0
    outer loop
      vertex 43.821 9.31444 5
      vertex 43.2735 11.5951 0
      vertex 43.2735 11.5951 5
    endloop
  endfacet
  facet normal 0.972374 0.23343 0
    outer loop
      vertex 43.2735 11.5951 0
      vertex 43.821 9.31444 5
      vertex 43.821 9.31444 0
    endloop
  endfacet
  facet normal -0.13055 -0.991442 0
    outer loop
      vertex -7.00826 -44.2484 0
      vertex -4.68287 -44.5546 5
      vertex -7.00826 -44.2484 5
    endloop
  endfacet
  facet normal -0.13055 -0.991442 -0
    outer loop
      vertex -4.68287 -44.5546 5
      vertex -7.00826 -44.2484 0
      vertex -4.68287 -44.5546 0
    endloop
  endfacet
  facet normal 0.284033 -0.958814 0
    outer loop
      vertex 11.5951 -43.2735 0
      vertex 13.844 -42.6073 5
      vertex 11.5951 -43.2735 5
    endloop
  endfacet
  facet normal 0.284033 -0.958814 0
    outer loop
      vertex 13.844 -42.6073 5
      vertex 11.5951 -43.2735 0
      vertex 13.844 -42.6073 0
    endloop
  endfacet
  facet normal -0.983257 -0.182225 0
    outer loop
      vertex -43.821 -9.31444 0
      vertex -44.2484 -7.00826 5
      vertex -44.2484 -7.00826 0
    endloop
  endfacet
  facet normal -0.983257 -0.182225 0
    outer loop
      vertex -44.2484 -7.00826 5
      vertex -43.821 -9.31444 0
      vertex -43.821 -9.31444 5
    endloop
  endfacet
  facet normal 0.991442 0.13055 0
    outer loop
      vertex 44.5546 4.68287 5
      vertex 44.2484 7.00826 0
      vertex 44.2484 7.00826 5
    endloop
  endfacet
  facet normal 0.991442 0.13055 0
    outer loop
      vertex 44.2484 7.00826 0
      vertex 44.5546 4.68287 5
      vertex 44.5546 4.68287 0
    endloop
  endfacet
  facet normal 0.824149 -0.566373 0
    outer loop
      vertex 36.244 -26.3328 5
      vertex 37.5724 -24.3998 0
      vertex 37.5724 -24.3998 5
    endloop
  endfacet
  facet normal 0.824149 -0.566373 0
    outer loop
      vertex 37.5724 -24.3998 0
      vertex 36.244 -26.3328 5
      vertex 36.244 -26.3328 0
    endloop
  endfacet
  facet normal 0.608777 0.793341 -0
    outer loop
      vertex 28.1936 34.8161 0
      vertex 26.3328 36.244 5
      vertex 28.1936 34.8161 5
    endloop
  endfacet
  facet normal 0.608777 0.793341 0
    outer loop
      vertex 26.3328 36.244 5
      vertex 28.1936 34.8161 0
      vertex 26.3328 36.244 0
    endloop
  endfacet
  facet normal -0.649435 0.760417 0
    outer loop
      vertex -28.1936 34.8161 0
      vertex -29.9771 33.2929 5
      vertex -28.1936 34.8161 5
    endloop
  endfacet
  facet normal -0.649435 0.760417 0
    outer loop
      vertex -29.9771 33.2929 5
      vertex -28.1936 34.8161 0
      vertex -29.9771 33.2929 0
    endloop
  endfacet
  facet normal -0.23343 0.972374 0
    outer loop
      vertex -9.31444 43.821 0
      vertex -11.5951 43.2735 5
      vertex -9.31444 43.821 5
    endloop
  endfacet
  facet normal -0.23343 0.972374 0
    outer loop
      vertex -11.5951 43.2735 5
      vertex -9.31444 43.821 0
      vertex -11.5951 43.2735 0
    endloop
  endfacet
  facet normal -0.182225 -0.983257 0
    outer loop
      vertex -9.31444 -43.821 0
      vertex -7.00826 -44.2484 5
      vertex -9.31444 -43.821 5
    endloop
  endfacet
  facet normal -0.182225 -0.983257 -0
    outer loop
      vertex -7.00826 -44.2484 5
      vertex -9.31444 -43.821 0
      vertex -7.00826 -44.2484 0
    endloop
  endfacet
  facet normal -0.182225 0.983257 0
    outer loop
      vertex -7.00826 44.2484 0
      vertex -9.31444 43.821 5
      vertex -7.00826 44.2484 5
    endloop
  endfacet
  facet normal -0.182225 0.983257 0
    outer loop
      vertex -9.31444 43.821 5
      vertex -7.00826 44.2484 0
      vertex -9.31444 43.821 0
    endloop
  endfacet
  facet normal -0.688361 0.725369 0
    outer loop
      vertex -29.9771 33.2929 0
      vertex -31.6784 31.6784 5
      vertex -29.9771 33.2929 5
    endloop
  endfacet
  facet normal -0.688361 0.725369 0
    outer loop
      vertex -31.6784 31.6784 5
      vertex -29.9771 33.2929 0
      vertex -31.6784 31.6784 0
    endloop
  endfacet
  facet normal -0.996918 0.0784498 0
    outer loop
      vertex -44.7386 2.34465 0
      vertex -44.5546 4.68287 5
      vertex -44.5546 4.68287 0
    endloop
  endfacet
  facet normal -0.996918 0.0784498 0
    outer loop
      vertex -44.5546 4.68287 5
      vertex -44.7386 2.34465 0
      vertex -44.7386 2.34465 5
    endloop
  endfacet
  facet normal -0.999657 0.0261783 0
    outer loop
      vertex -44.8 0 0
      vertex -44.7386 2.34465 5
      vertex -44.7386 2.34465 0
    endloop
  endfacet
  facet normal -0.999657 0.0261783 0
    outer loop
      vertex -44.7386 2.34465 5
      vertex -44.8 0 0
      vertex -44.8 0 5
    endloop
  endfacet
  facet normal 0.852636 -0.522505 0
    outer loop
      vertex 37.5724 -24.3998 5
      vertex 38.7979 -22.4 0
      vertex 38.7979 -22.4 5
    endloop
  endfacet
  facet normal 0.852636 -0.522505 0
    outer loop
      vertex 38.7979 -22.4 0
      vertex 37.5724 -24.3998 5
      vertex 37.5724 -24.3998 0
    endloop
  endfacet
  facet normal 0.923873 -0.382698 0
    outer loop
      vertex 40.9268 -18.2218 5
      vertex 41.8244 -16.0549 0
      vertex 41.8244 -16.0549 5
    endloop
  endfacet
  facet normal 0.923873 -0.382698 0
    outer loop
      vertex 41.8244 -16.0549 0
      vertex 40.9268 -18.2218 5
      vertex 40.9268 -18.2218 0
    endloop
  endfacet
  facet normal -0.608777 -0.793341 0
    outer loop
      vertex -28.1936 -34.8161 0
      vertex -26.3328 -36.244 5
      vertex -28.1936 -34.8161 5
    endloop
  endfacet
  facet normal -0.608777 -0.793341 -0
    outer loop
      vertex -26.3328 -36.244 5
      vertex -28.1936 -34.8161 0
      vertex -26.3328 -36.244 0
    endloop
  endfacet
  facet normal 0.725369 -0.688361 0
    outer loop
      vertex 31.6784 -31.6784 5
      vertex 33.2929 -29.9771 0
      vertex 33.2929 -29.9771 5
    endloop
  endfacet
  facet normal 0.725369 -0.688361 0
    outer loop
      vertex 33.2929 -29.9771 0
      vertex 31.6784 -31.6784 5
      vertex 31.6784 -31.6784 0
    endloop
  endfacet
  facet normal 0.725369 0.688361 0
    outer loop
      vertex 33.2929 29.9771 5
      vertex 31.6784 31.6784 0
      vertex 31.6784 31.6784 5
    endloop
  endfacet
  facet normal 0.725369 0.688361 0
    outer loop
      vertex 31.6784 31.6784 0
      vertex 33.2929 29.9771 5
      vertex 33.2929 29.9771 0
    endloop
  endfacet
  facet normal 0.13055 -0.991442 0
    outer loop
      vertex 4.68287 -44.5546 0
      vertex 7.00826 -44.2484 5
      vertex 4.68287 -44.5546 5
    endloop
  endfacet
  facet normal 0.13055 -0.991442 0
    outer loop
      vertex 7.00826 -44.2484 5
      vertex 4.68287 -44.5546 0
      vertex 7.00826 -44.2484 0
    endloop
  endfacet
  facet normal -0.760417 -0.649435 0
    outer loop
      vertex -33.2929 -29.9771 0
      vertex -34.8161 -28.1936 5
      vertex -34.8161 -28.1936 0
    endloop
  endfacet
  facet normal -0.760417 -0.649435 0
    outer loop
      vertex -34.8161 -28.1936 5
      vertex -33.2929 -29.9771 0
      vertex -33.2929 -29.9771 5
    endloop
  endfacet
  facet normal -0.824149 -0.566373 0
    outer loop
      vertex -36.244 -26.3328 0
      vertex -37.5724 -24.3998 5
      vertex -37.5724 -24.3998 0
    endloop
  endfacet
  facet normal -0.824149 -0.566373 0
    outer loop
      vertex -37.5724 -24.3998 5
      vertex -36.244 -26.3328 0
      vertex -36.244 -26.3328 5
    endloop
  endfacet
  facet normal -0.0784498 -0.996918 0
    outer loop
      vertex -4.68287 -44.5546 0
      vertex -2.34465 -44.7386 5
      vertex -4.68287 -44.5546 5
    endloop
  endfacet
  facet normal -0.0784498 -0.996918 -0
    outer loop
      vertex -2.34465 -44.7386 5
      vertex -4.68287 -44.5546 0
      vertex -2.34465 -44.7386 0
    endloop
  endfacet
  facet normal -0.878806 -0.477178 0
    outer loop
      vertex -38.7979 -22.4 0
      vertex -39.9171 -20.3388 5
      vertex -39.9171 -20.3388 0
    endloop
  endfacet
  facet normal -0.878806 -0.477178 0
    outer loop
      vertex -39.9171 -20.3388 5
      vertex -38.7979 -22.4 0
      vertex -38.7979 -22.4 5
    endloop
  endfacet
  facet normal -0.824149 0.566373 0
    outer loop
      vertex -37.5724 24.3998 0
      vertex -36.244 26.3328 5
      vertex -36.244 26.3328 0
    endloop
  endfacet
  facet normal -0.824149 0.566373 0
    outer loop
      vertex -36.244 26.3328 5
      vertex -37.5724 24.3998 0
      vertex -37.5724 24.3998 5
    endloop
  endfacet
  facet normal -0.991442 -0.13055 0
    outer loop
      vertex -44.2484 -7.00826 0
      vertex -44.5546 -4.68287 5
      vertex -44.5546 -4.68287 0
    endloop
  endfacet
  facet normal -0.991442 -0.13055 0
    outer loop
      vertex -44.5546 -4.68287 5
      vertex -44.2484 -7.00826 0
      vertex -44.2484 -7.00826 5
    endloop
  endfacet
  facet normal -0.382698 -0.923873 0
    outer loop
      vertex -18.2218 -40.9268 0
      vertex -16.0549 -41.8244 5
      vertex -18.2218 -40.9268 5
    endloop
  endfacet
  facet normal -0.382698 -0.923873 -0
    outer loop
      vertex -16.0549 -41.8244 5
      vertex -18.2218 -40.9268 0
      vertex -16.0549 -41.8244 0
    endloop
  endfacet
  facet normal -0.958814 0.284033 0
    outer loop
      vertex -43.2735 11.5951 0
      vertex -42.6073 13.844 5
      vertex -42.6073 13.844 0
    endloop
  endfacet
  facet normal -0.958814 0.284033 0
    outer loop
      vertex -42.6073 13.844 5
      vertex -43.2735 11.5951 0
      vertex -43.2735 11.5951 5
    endloop
  endfacet
  facet normal -0.991442 0.13055 0
    outer loop
      vertex -44.5546 4.68287 0
      vertex -44.2484 7.00826 5
      vertex -44.2484 7.00826 0
    endloop
  endfacet
  facet normal -0.991442 0.13055 0
    outer loop
      vertex -44.2484 7.00826 5
      vertex -44.5546 4.68287 0
      vertex -44.5546 4.68287 5
    endloop
  endfacet
  facet normal 0.23343 0.972374 -0
    outer loop
      vertex 11.5951 43.2735 0
      vertex 9.31444 43.821 5
      vertex 11.5951 43.2735 5
    endloop
  endfacet
  facet normal 0.23343 0.972374 0
    outer loop
      vertex 9.31444 43.821 5
      vertex 11.5951 43.2735 0
      vertex 9.31444 43.821 0
    endloop
  endfacet
  facet normal -0.942644 0.333799 0
    outer loop
      vertex -42.6073 13.844 0
      vertex -41.8244 16.0549 5
      vertex -41.8244 16.0549 0
    endloop
  endfacet
  facet normal -0.942644 0.333799 0
    outer loop
      vertex -41.8244 16.0549 5
      vertex -42.6073 13.844 0
      vertex -42.6073 13.844 5
    endloop
  endfacet
  facet normal -0.793341 -0.608777 0
    outer loop
      vertex -34.8161 -28.1936 0
      vertex -36.244 -26.3328 5
      vertex -36.244 -26.3328 0
    endloop
  endfacet
  facet normal -0.793341 -0.608777 0
    outer loop
      vertex -36.244 -26.3328 5
      vertex -34.8161 -28.1936 0
      vertex -34.8161 -28.1936 5
    endloop
  endfacet
  facet normal 0.793341 -0.608777 0
    outer loop
      vertex 34.8161 -28.1936 5
      vertex 36.244 -26.3328 0
      vertex 36.244 -26.3328 5
    endloop
  endfacet
  facet normal 0.793341 -0.608777 0
    outer loop
      vertex 36.244 -26.3328 0
      vertex 34.8161 -28.1936 5
      vertex 34.8161 -28.1936 0
    endloop
  endfacet
  facet normal 0.477178 0.878806 -0
    outer loop
      vertex 22.4 38.7979 0
      vertex 20.3388 39.9171 5
      vertex 22.4 38.7979 5
    endloop
  endfacet
  facet normal 0.477178 0.878806 0
    outer loop
      vertex 20.3388 39.9171 5
      vertex 22.4 38.7979 0
      vertex 20.3388 39.9171 0
    endloop
  endfacet
  facet normal 0.522505 0.852636 -0
    outer loop
      vertex 24.3998 37.5724 0
      vertex 22.4 38.7979 5
      vertex 24.3998 37.5724 5
    endloop
  endfacet
  facet normal 0.522505 0.852636 0
    outer loop
      vertex 22.4 38.7979 5
      vertex 24.3998 37.5724 0
      vertex 22.4 38.7979 0
    endloop
  endfacet
  facet normal -0.0261783 0.999657 0
    outer loop
      vertex 0 44.8 0
      vertex -2.34465 44.7386 5
      vertex 0 44.8 5
    endloop
  endfacet
  facet normal -0.0261783 0.999657 0
    outer loop
      vertex -2.34465 44.7386 5
      vertex 0 44.8 0
      vertex -2.34465 44.7386 0
    endloop
  endfacet
  facet normal -0.852636 0.522505 0
    outer loop
      vertex -38.7979 22.4 0
      vertex -37.5724 24.3998 5
      vertex -37.5724 24.3998 0
    endloop
  endfacet
  facet normal -0.852636 0.522505 0
    outer loop
      vertex -37.5724 24.3998 5
      vertex -38.7979 22.4 0
      vertex -38.7979 22.4 5
    endloop
  endfacet
  facet normal -0.760417 0.649435 0
    outer loop
      vertex -34.8161 28.1936 0
      vertex -33.2929 29.9771 5
      vertex -33.2929 29.9771 0
    endloop
  endfacet
  facet normal -0.760417 0.649435 0
    outer loop
      vertex -33.2929 29.9771 5
      vertex -34.8161 28.1936 0
      vertex -34.8161 28.1936 5
    endloop
  endfacet
  facet normal -0.566373 0.824149 0
    outer loop
      vertex -24.3998 37.5724 0
      vertex -26.3328 36.244 5
      vertex -24.3998 37.5724 5
    endloop
  endfacet
  facet normal -0.566373 0.824149 0
    outer loop
      vertex -26.3328 36.244 5
      vertex -24.3998 37.5724 0
      vertex -26.3328 36.244 0
    endloop
  endfacet
  facet normal -0.522505 0.852636 0
    outer loop
      vertex -22.4 38.7979 0
      vertex -24.3998 37.5724 5
      vertex -22.4 38.7979 5
    endloop
  endfacet
  facet normal -0.522505 0.852636 0
    outer loop
      vertex -24.3998 37.5724 5
      vertex -22.4 38.7979 0
      vertex -24.3998 37.5724 0
    endloop
  endfacet
  facet normal -0.566373 -0.824149 0
    outer loop
      vertex -26.3328 -36.244 0
      vertex -24.3998 -37.5724 5
      vertex -26.3328 -36.244 5
    endloop
  endfacet
  facet normal -0.566373 -0.824149 -0
    outer loop
      vertex -24.3998 -37.5724 5
      vertex -26.3328 -36.244 0
      vertex -24.3998 -37.5724 0
    endloop
  endfacet
  facet normal -0.688361 -0.725369 0
    outer loop
      vertex -31.6784 -31.6784 0
      vertex -29.9771 -33.2929 5
      vertex -31.6784 -31.6784 5
    endloop
  endfacet
  facet normal -0.688361 -0.725369 -0
    outer loop
      vertex -29.9771 -33.2929 5
      vertex -31.6784 -31.6784 0
      vertex -29.9771 -33.2929 0
    endloop
  endfacet
  facet normal -0.477178 -0.878806 0
    outer loop
      vertex -22.4 -38.7979 0
      vertex -20.3388 -39.9171 5
      vertex -22.4 -38.7979 5
    endloop
  endfacet
  facet normal -0.477178 -0.878806 -0
    outer loop
      vertex -20.3388 -39.9171 5
      vertex -22.4 -38.7979 0
      vertex -20.3388 -39.9171 0
    endloop
  endfacet
  facet normal -0.284033 0.958814 0
    outer loop
      vertex -11.5951 43.2735 0
      vertex -13.844 42.6073 5
      vertex -11.5951 43.2735 5
    endloop
  endfacet
  facet normal -0.284033 0.958814 0
    outer loop
      vertex -13.844 42.6073 5
      vertex -11.5951 43.2735 0
      vertex -13.844 42.6073 0
    endloop
  endfacet
  facet normal -0.923873 0.382698 0
    outer loop
      vertex -41.8244 16.0549 0
      vertex -40.9268 18.2218 5
      vertex -40.9268 18.2218 0
    endloop
  endfacet
  facet normal -0.923873 0.382698 0
    outer loop
      vertex -40.9268 18.2218 5
      vertex -41.8244 16.0549 0
      vertex -41.8244 16.0549 5
    endloop
  endfacet
  facet normal 0 0 -1
    outer loop
      vertex -25.379 -25.2532 0
      vertex -2.41522 -2.17467 0
      vertex -25.3144 -25.3144 0
    endloop
  endfacet
  facet normal 0 0 -1
    outer loop
      vertex -3.25 0 0
      vertex -24.8188 26.4275 0
      vertex -24.8165 26.5165 0
    endloop
  endfacet
  facet normal -0 0 -1
    outer loop
      vertex -2.41522 -2.17467 0
      vertex -25.379 -25.2532 0
      vertex -2.52572 -2.04529 0
    endloop
  endfacet
  facet normal 0 0 -1
    outer loop
      vertex -3.25 0 0
      vertex -24.8258 26.3388 0
      vertex -24.8188 26.4275 0
    endloop
  endfacet
  facet normal 0 0 -1
    outer loop
      vertex -25.4467 -25.1954 0
      vertex -2.52572 -2.04529 0
      vertex -25.379 -25.2532 0
    endloop
  endfacet
  facet normal 0 0 -1
    outer loop
      vertex -3.25 0 0
      vertex -24.8374 26.2506 0
      vertex -24.8258 26.3388 0
    endloop
  endfacet
  facet normal 0 0 -1
    outer loop
      vertex -25.5173 -25.1412 0
      vertex -2.52572 -2.04529 0
      vertex -25.4467 -25.1954 0
    endloop
  endfacet
  facet normal 0 0 -1
    outer loop
      vertex -3.25 0 0
      vertex -24.8537 26.1631 0
      vertex -24.8374 26.2506 0
    endloop
  endfacet
  facet normal -0 0 -1
    outer loop
      vertex -2.52572 -2.04529 0
      vertex -25.5173 -25.1412 0
      vertex -2.6293 -1.9103 0
    endloop
  endfacet
  facet normal 0 0 -1
    outer loop
      vertex -3.25 0 0
      vertex -24.8744 26.0765 0
      vertex -24.8537 26.1631 0
    endloop
  endfacet
  facet normal 0 0 -1
    outer loop
      vertex -25.5906 -25.0908 0
      vertex -2.6293 -1.9103 0
      vertex -25.5173 -25.1412 0
    endloop
  endfacet
  facet normal 0 0 -1
    outer loop
      vertex -3.25 0 0
      vertex -24.8997 25.9912 0
      vertex -24.8744 26.0765 0
    endloop
  endfacet
  facet normal -0 0 -1
    outer loop
      vertex -2.6293 -1.9103 0
      vertex -25.5906 -25.0908 0
      vertex -2.72568 -1.77008 0
    endloop
  endfacet
  facet normal 0 0 -1
    outer loop
      vertex -3.25 0 0
      vertex -24.9294 25.9073 0
      vertex -24.8997 25.9912 0
    endloop
  endfacet
  facet normal 0 0 -1
    outer loop
      vertex -25.6665 -25.0443 0
      vertex -2.72568 -1.77008 0
      vertex -25.5906 -25.0908 0
    endloop
  endfacet
  facet normal 0 0 -1
    outer loop
      vertex -3.25 0 0
      vertex -24.9635 25.8251 0
      vertex -24.9294 25.9073 0
    endloop
  endfacet
  facet normal -0 0 -1
    outer loop
      vertex -2.72568 -1.77008 0
      vertex -25.6665 -25.0443 0
      vertex -2.81458 -1.625 0
    endloop
  endfacet
  facet normal 0 0 -1
    outer loop
      vertex -3.25 0 0
      vertex -25.0018 25.7447 0
      vertex -24.9635 25.8251 0
    endloop
  endfacet
  facet normal 0 0 -1
    outer loop
      vertex -25.7447 -25.0018 0
      vertex -2.81458 -1.625 0
      vertex -25.6665 -25.0443 0
    endloop
  endfacet
  facet normal 0 0 -1
    outer loop
      vertex -3.25 0 0
      vertex -25.0443 25.6665 0
      vertex -25.0018 25.7447 0
    endloop
  endfacet
  facet normal -0 0 -1
    outer loop
      vertex -2.81458 -1.625 0
      vertex -25.7447 -25.0018 0
      vertex -2.89577 -1.47547 0
    endloop
  endfacet
  facet normal 0 0 -1
    outer loop
      vertex -3.25 0 0
      vertex -25.0908 25.5906 0
      vertex -25.0443 25.6665 0
    endloop
  endfacet
  facet normal 0 0 -1
    outer loop
      vertex -25.8251 -24.9635 0
      vertex -2.89577 -1.47547 0
      vertex -25.7447 -25.0018 0
    endloop
  endfacet
  facet normal 0 0 -1
    outer loop
      vertex -3.25 0 0
      vertex -25.1412 25.5173 0
      vertex -25.0908 25.5906 0
    endloop
  endfacet
  facet normal -0 0 -1
    outer loop
      vertex -2.89577 -1.47547 0
      vertex -25.8251 -24.9635 0
      vertex -2.96902 -1.32189 0
    endloop
  endfacet
  facet normal 0 0 -1
    outer loop
      vertex -3.25 0 0
      vertex -25.1954 25.4467 0
      vertex -25.1412 25.5173 0
    endloop
  endfacet
  facet normal 0 0 -1
    outer loop
      vertex -25.9073 -24.9294 0
      vertex -2.96902 -1.32189 0
      vertex -25.8251 -24.9635 0
    endloop
  endfacet
  facet normal 0 0 -1
    outer loop
      vertex -3.25 0 0
      vertex -25.2532 25.379 0
      vertex -25.1954 25.4467 0
    endloop
  endfacet
  facet normal -0 0 -1
    outer loop
      vertex -2.96902 -1.32189 0
      vertex -25.9073 -24.9294 0
      vertex -3.03414 -1.1647 0
    endloop
  endfacet
  facet normal 0 0 -1
    outer loop
      vertex -3.25 0 0
      vertex -25.3144 25.3144 0
      vertex -25.2532 25.379 0
    endloop
  endfacet
  facet normal 0 0 -1
    outer loop
      vertex -25.9912 -24.8997 0
      vertex -3.03414 -1.1647 0
      vertex -25.9073 -24.9294 0
    endloop
  endfacet
  facet normal 0 0 -1
    outer loop
      vertex -3.25 0 0
      vertex -25.379 25.2532 0
      vertex -25.3144 25.3144 0
    endloop
  endfacet
  facet normal -0 0 -1
    outer loop
      vertex -3.03414 -1.1647 0
      vertex -25.9912 -24.8997 0
      vertex -3.09093 -1.0043 0
    endloop
  endfacet
  facet normal 0 0 -1
    outer loop
      vertex -3.25 0 0
      vertex -25.4467 25.1954 0
      vertex -25.379 25.2532 0
    endloop
  endfacet
  facet normal 0 0 -1
    outer loop
      vertex -26.0765 -24.8744 0
      vertex -3.09093 -1.0043 0
      vertex -25.9912 -24.8997 0
    endloop
  endfacet
  facet normal 0 0 -1
    outer loop
      vertex -3.25 0 0
      vertex -25.5173 25.1412 0
      vertex -25.4467 25.1954 0
    endloop
  endfacet
  facet normal -0 0 -1
    outer loop
      vertex -3.09093 -1.0043 0
      vertex -26.0765 -24.8744 0
      vertex -3.13926 -0.841162 0
    endloop
  endfacet
  facet normal 0 0 -1
    outer loop
      vertex -3.25 0 0
      vertex -25.5906 25.0908 0
      vertex -25.5173 25.1412 0
    endloop
  endfacet
  facet normal 0 0 -1
    outer loop
      vertex -26.1631 -24.8537 0
      vertex -3.13926 -0.841162 0
      vertex -26.0765 -24.8744 0
    endloop
  endfacet
  facet normal 0 0 -1
    outer loop
      vertex -3.25 0 0
      vertex -25.6665 25.0443 0
      vertex -25.5906 25.0908 0
    endloop
  endfacet
  facet normal -0 0 -1
    outer loop
      vertex -3.13926 -0.841162 0
      vertex -26.1631 -24.8537 0
      vertex -3.17898 -0.675713 0
    endloop
  endfacet
  facet normal 0 0 -1
    outer loop
      vertex -3.25 0 0
      vertex -25.7447 25.0018 0
      vertex -25.6665 25.0443 0
    endloop
  endfacet
  facet normal 0 0 -1
    outer loop
      vertex -26.2506 -24.8374 0
      vertex -3.17898 -0.675713 0
      vertex -26.1631 -24.8537 0
    endloop
  endfacet
  facet normal 0 0 -1
    outer loop
      vertex -3.25 0 0
      vertex -25.8251 24.9635 0
      vertex -25.7447 25.0018 0
    endloop
  endfacet
  facet normal -0 0 -1
    outer loop
      vertex -3.17898 -0.675713 0
      vertex -26.2506 -24.8374 0
      vertex -3.20999 -0.508411 0
    endloop
  endfacet
  facet normal 0 0 -1
    outer loop
      vertex -3.25 0 0
      vertex -25.9073 24.9294 0
      vertex -25.8251 24.9635 0
    endloop
  endfacet
  facet normal 0 0 -1
    outer loop
      vertex -44.2484 -7.00826 0
      vertex -3.20999 -0.508411 0
      vertex -26.2506 -24.8374 0
    endloop
  endfacet
  facet normal 0 0 -1
    outer loop
      vertex -3.25 0 0
      vertex -25.9912 24.8997 0
      vertex -25.9073 24.9294 0
    endloop
  endfacet
  facet normal -0 0 -1
    outer loop
      vertex -3.20999 -0.508411 0
      vertex -44.2484 -7.00826 0
      vertex -3.2322 -0.339717 0
    endloop
  endfacet
  facet normal 0 0 -1
    outer loop
      vertex -3.25 0 0
      vertex -26.0765 24.8744 0
      vertex -25.9912 24.8997 0
    endloop
  endfacet
  facet normal 0 0 -1
    outer loop
      vertex -44.5546 -4.68287 0
      vertex -3.2322 -0.339717 0
      vertex -44.2484 -7.00826 0
    endloop
  endfacet
  facet normal 0 -0 -1
    outer loop
      vertex -44.7386 2.34465 0
      vertex -3.25 0 0
      vertex -44.8 0 0
    endloop
  endfacet
  facet normal -0 0 -1
    outer loop
      vertex -3.2322 -0.339717 0
      vertex -44.5546 -4.68287 0
      vertex -3.24555 -0.170092 0
    endloop
  endfacet
  facet normal 0 -0 -1
    outer loop
      vertex -44.5546 4.68287 0
      vertex -3.25 0 0
      vertex -44.7386 2.34465 0
    endloop
  endfacet
  facet normal 0 0 -1
    outer loop
      vertex -44.2484 -7.00826 0
      vertex -26.2506 -24.8374 0
      vertex -26.3388 -24.8258 0
    endloop
  endfacet
  facet normal 0 0 -1
    outer loop
      vertex -3.25 0 0
      vertex -26.1631 24.8537 0
      vertex -26.0765 24.8744 0
    endloop
  endfacet
  facet normal 0 0 -1
    outer loop
      vertex -43.821 -9.31444 0
      vertex -26.3388 -24.8258 0
      vertex -26.4275 -24.8188 0
    endloop
  endfacet
  facet normal 0 -0 -1
    outer loop
      vertex -44.2484 7.00826 0
      vertex -3.25 0 0
      vertex -44.5546 4.68287 0
    endloop
  endfacet
  facet normal 0 0 -1
    outer loop
      vertex -43.2735 -11.5951 0
      vertex -26.4275 -24.8188 0
      vertex -26.5165 -24.8165 0
    endloop
  endfacet
  facet normal 0 0 -1
    outer loop
      vertex -3.25 0 0
      vertex -26.2506 24.8374 0
      vertex -26.1631 24.8537 0
    endloop
  endfacet
  facet normal 0 0 -1
    outer loop
      vertex -42.6073 -13.844 0
      vertex -26.5165 -24.8165 0
      vertex -26.6055 -24.8188 0
    endloop
  endfacet
  facet normal 0 0 -1
    outer loop
      vertex -3.25 0 0
      vertex -44.2484 7.00826 0
      vertex -26.2506 24.8374 0
    endloop
  endfacet
  facet normal 0 0 -1
    outer loop
      vertex -42.6073 -13.844 0
      vertex -26.6055 -24.8188 0
      vertex -26.6942 -24.8258 0
    endloop
  endfacet
  facet normal 0 0 -1
    outer loop
      vertex -26.2506 24.8374 0
      vertex -44.2484 7.00826 0
      vertex -26.3388 24.8258 0
    endloop
  endfacet
  facet normal 0 0 -1
    outer loop
      vertex -41.8244 -16.0549 0
      vertex -26.6942 -24.8258 0
      vertex -26.7824 -24.8374 0
    endloop
  endfacet
  facet normal 0 -0 -1
    outer loop
      vertex -43.821 9.31444 0
      vertex -26.3388 24.8258 0
      vertex -44.2484 7.00826 0
    endloop
  endfacet
  facet normal 0 0 -1
    outer loop
      vertex -41.8244 -16.0549 0
      vertex -26.7824 -24.8374 0
      vertex -26.87 -24.8537 0
    endloop
  endfacet
  facet normal 0 0 -1
    outer loop
      vertex -26.3388 24.8258 0
      vertex -43.821 9.31444 0
      vertex -26.4275 24.8188 0
    endloop
  endfacet
  facet normal 0 0 -1
    outer loop
      vertex -40.9268 -18.2218 0
      vertex -26.87 -24.8537 0
      vertex -26.9565 -24.8744 0
    endloop
  endfacet
  facet normal 0 -0 -1
    outer loop
      vertex -43.2735 11.5951 0
      vertex -26.4275 24.8188 0
      vertex -43.821 9.31444 0
    endloop
  endfacet
  facet normal 0 0 -1
    outer loop
      vertex -40.9268 -18.2218 0
      vertex -26.9565 -24.8744 0
      vertex -27.0418 -24.8997 0
    endloop
  endfacet
  facet normal 0 0 -1
    outer loop
      vertex -26.4275 24.8188 0
      vertex -43.2735 11.5951 0
      vertex -26.5165 24.8165 0
    endloop
  endfacet
  facet normal 0 0 -1
    outer loop
      vertex -40.9268 -18.2218 0
      vertex -27.0418 -24.8997 0
      vertex -27.1257 -24.9294 0
    endloop
  endfacet
  facet normal 0 -0 -1
    outer loop
      vertex -42.6073 13.844 0
      vertex -26.5165 24.8165 0
      vertex -43.2735 11.5951 0
    endloop
  endfacet
  facet normal 0 0 -1
    outer loop
      vertex -39.9171 -20.3388 0
      vertex -27.1257 -24.9294 0
      vertex -27.208 -24.9635 0
    endloop
  endfacet
  facet normal -0 0 -1
    outer loop
      vertex -26.5165 24.8165 0
      vertex -42.6073 13.844 0
      vertex -26.6055 24.8188 0
    endloop
  endfacet
  facet normal 0 0 -1
    outer loop
      vertex -39.9171 -20.3388 0
      vertex -27.208 -24.9635 0
      vertex -27.2883 -25.0018 0
    endloop
  endfacet
  facet normal -0 0 -1
    outer loop
      vertex -26.6055 24.8188 0
      vertex -42.6073 13.844 0
      vertex -26.6942 24.8258 0
    endloop
  endfacet
  facet normal 0 0 -1
    outer loop
      vertex -39.9171 -20.3388 0
      vertex -27.2883 -25.0018 0
      vertex -27.3665 -25.0443 0
    endloop
  endfacet
  facet normal 0 -0 -1
    outer loop
      vertex -41.8244 16.0549 0
      vertex -26.6942 24.8258 0
      vertex -42.6073 13.844 0
    endloop
  endfacet
  facet normal 0 0 -1
    outer loop
      vertex -38.7979 -22.4 0
      vertex -27.3665 -25.0443 0
      vertex -27.4424 -25.0908 0
    endloop
  endfacet
  facet normal -0 0 -1
    outer loop
      vertex -26.6942 24.8258 0
      vertex -41.8244 16.0549 0
      vertex -26.7824 24.8374 0
    endloop
  endfacet
  facet normal 0 0 -1
    outer loop
      vertex -38.7979 -22.4 0
      vertex -27.4424 -25.0908 0
      vertex -27.5157 -25.1412 0
    endloop
  endfacet
  facet normal -0 0 -1
    outer loop
      vertex -26.7824 24.8374 0
      vertex -41.8244 16.0549 0
      vertex -26.87 24.8537 0
    endloop
  endfacet
  facet normal 0 0 -1
    outer loop
      vertex -38.7979 -22.4 0
      vertex -27.5157 -25.1412 0
      vertex -27.5863 -25.1954 0
    endloop
  endfacet
  facet normal 0 -0 -1
    outer loop
      vertex -40.9268 18.2218 0
      vertex -26.87 24.8537 0
      vertex -41.8244 16.0549 0
    endloop
  endfacet
  facet normal 0 0 -1
    outer loop
      vertex -37.5724 -24.3998 0
      vertex -27.5863 -25.1954 0
      vertex -27.654 -25.2532 0
    endloop
  endfacet
  facet normal -0 0 -1
    outer loop
      vertex -26.87 24.8537 0
      vertex -40.9268 18.2218 0
      vertex -26.9565 24.8744 0
    endloop
  endfacet
  facet normal 0 0 -1
    outer loop
      vertex -37.5724 -24.3998 0
      vertex -27.654 -25.2532 0
      vertex -27.7186 -25.3144 0
    endloop
  endfacet
  facet normal -0 0 -1
    outer loop
      vertex -26.9565 24.8744 0
      vertex -40.9268 18.2218 0
      vertex -27.0418 24.8997 0
    endloop
  endfacet
  facet normal 0 0 -1
    outer loop
      vertex -37.5724 -24.3998 0
      vertex -27.7186 -25.3144 0
      vertex -27.7799 -25.379 0
    endloop
  endfacet
  facet normal -0 0 -1
    outer loop
      vertex -27.0418 24.8997 0
      vertex -40.9268 18.2218 0
      vertex -27.1257 24.9294 0
    endloop
  endfacet
  facet normal 0 0 -1
    outer loop
      vertex -37.5724 -24.3998 0
      vertex -27.7799 -25.379 0
      vertex -27.8377 -25.4467 0
    endloop
  endfacet
  facet normal 0 -0 -1
    outer loop
      vertex -39.9171 20.3388 0
      vertex -27.1257 24.9294 0
      vertex -40.9268 18.2218 0
    endloop
  endfacet
  facet normal 0 0 -1
    outer loop
      vertex -37.5724 -24.3998 0
      vertex -27.8377 -25.4467 0
      vertex -27.8918 -25.5173 0
    endloop
  endfacet
  facet normal -0 0 -1
    outer loop
      vertex -27.1257 24.9294 0
      vertex -39.9171 20.3388 0
      vertex -27.208 24.9635 0
    endloop
  endfacet
  facet normal 0 0 -1
    outer loop
      vertex -36.244 -26.3328 0
      vertex -27.8918 -25.5173 0
      vertex -27.9422 -25.5906 0
    endloop
  endfacet
  facet normal -0 0 -1
    outer loop
      vertex -27.208 24.9635 0
      vertex -39.9171 20.3388 0
      vertex -27.2883 25.0018 0
    endloop
  endfacet
  facet normal 0 0 -1
    outer loop
      vertex -36.244 -26.3328 0
      vertex -27.9422 -25.5906 0
      vertex -27.9887 -25.6665 0
    endloop
  endfacet
  facet normal -0 0 -1
    outer loop
      vertex -27.2883 25.0018 0
      vertex -39.9171 20.3388 0
      vertex -27.3665 25.0443 0
    endloop
  endfacet
  facet normal 0 0 -1
    outer loop
      vertex -36.244 -26.3328 0
      vertex -27.9887 -25.6665 0
      vertex -28.0312 -25.7447 0
    endloop
  endfacet
  facet normal 0 -0 -1
    outer loop
      vertex -38.7979 22.4 0
      vertex -27.3665 25.0443 0
      vertex -39.9171 20.3388 0
    endloop
  endfacet
  facet normal 0 0 -1
    outer loop
      vertex -36.244 -26.3328 0
      vertex -28.0312 -25.7447 0
      vertex -28.0695 -25.8251 0
    endloop
  endfacet
  facet normal -0 0 -1
    outer loop
      vertex -27.3665 25.0443 0
      vertex -38.7979 22.4 0
      vertex -27.4424 25.0908 0
    endloop
  endfacet
  facet normal 0 0 -1
    outer loop
      vertex -36.244 -26.3328 0
      vertex -28.0695 -25.8251 0
      vertex -28.1036 -25.9073 0
    endloop
  endfacet
  facet normal -0 0 -1
    outer loop
      vertex -27.4424 25.0908 0
      vertex -38.7979 22.4 0
      vertex -27.5157 25.1412 0
    endloop
  endfacet
  facet normal 0 0 -1
    outer loop
      vertex -36.244 -26.3328 0
      vertex -28.1036 -25.9073 0
      vertex -28.1333 -25.9912 0
    endloop
  endfacet
  facet normal -0 0 -1
    outer loop
      vertex -27.5157 25.1412 0
      vertex -38.7979 22.4 0
      vertex -27.5863 25.1954 0
    endloop
  endfacet
  facet normal 0 0 -1
    outer loop
      vertex -34.8161 -28.1936 0
      vertex -28.1333 -25.9912 0
      vertex -28.1586 -26.0765 0
    endloop
  endfacet
  facet normal 0 -0 -1
    outer loop
      vertex -37.5724 24.3998 0
      vertex -27.5863 25.1954 0
      vertex -38.7979 22.4 0
    endloop
  endfacet
  facet normal 0 0 -1
    outer loop
      vertex -34.8161 -28.1936 0
      vertex -28.1586 -26.0765 0
      vertex -28.1794 -26.1631 0
    endloop
  endfacet
  facet normal -0 0 -1
    outer loop
      vertex -27.5863 25.1954 0
      vertex -37.5724 24.3998 0
      vertex -27.654 25.2532 0
    endloop
  endfacet
  facet normal 0 0 -1
    outer loop
      vertex -34.8161 -28.1936 0
      vertex -28.1794 -26.1631 0
      vertex -28.1956 -26.2506 0
    endloop
  endfacet
  facet normal -0 0 -1
    outer loop
      vertex -27.654 25.2532 0
      vertex -37.5724 24.3998 0
      vertex -27.7186 25.3144 0
    endloop
  endfacet
  facet normal 0 0 -1
    outer loop
      vertex -34.8161 -28.1936 0
      vertex -28.1956 -26.2506 0
      vertex -28.2072 -26.3388 0
    endloop
  endfacet
  facet normal -0 0 -1
    outer loop
      vertex -27.7186 25.3144 0
      vertex -37.5724 24.3998 0
      vertex -27.7799 25.379 0
    endloop
  endfacet
  facet normal 0 0 -1
    outer loop
      vertex -34.8161 -28.1936 0
      vertex -28.2072 -26.3388 0
      vertex -28.2142 -26.4275 0
    endloop
  endfacet
  facet normal -0 0 -1
    outer loop
      vertex -27.7799 25.379 0
      vertex -37.5724 24.3998 0
      vertex -27.8377 25.4467 0
    endloop
  endfacet
  facet normal 0 0 -1
    outer loop
      vertex -34.8161 -28.1936 0
      vertex -28.2142 -26.4275 0
      vertex -28.2165 -26.5165 0
    endloop
  endfacet
  facet normal -0 0 -1
    outer loop
      vertex -27.8377 25.4467 0
      vertex -37.5724 24.3998 0
      vertex -27.8918 25.5173 0
    endloop
  endfacet
  facet normal 0 0 -1
    outer loop
      vertex -24.8537 26.87 0
      vertex -16.0549 41.8244 0
      vertex -24.8374 26.7824 0
    endloop
  endfacet
  facet normal 0 0 -1
    outer loop
      vertex -16.0549 41.8244 0
      vertex -24.8537 26.87 0
      vertex -18.2218 40.9268 0
    endloop
  endfacet
  facet normal 0 0 -1
    outer loop
      vertex -24.8744 26.9565 0
      vertex -18.2218 40.9268 0
      vertex -24.8537 26.87 0
    endloop
  endfacet
  facet normal 0 0 -1
    outer loop
      vertex -24.8997 27.0418 0
      vertex -18.2218 40.9268 0
      vertex -24.8744 26.9565 0
    endloop
  endfacet
  facet normal 0 0 -1
    outer loop
      vertex -18.2218 40.9268 0
      vertex -24.8997 27.0418 0
      vertex -20.3388 39.9171 0
    endloop
  endfacet
  facet normal 0 0 -1
    outer loop
      vertex -24.9294 27.1257 0
      vertex -20.3388 39.9171 0
      vertex -24.8997 27.0418 0
    endloop
  endfacet
  facet normal 0 0 -1
    outer loop
      vertex -24.9635 27.208 0
      vertex -20.3388 39.9171 0
      vertex -24.9294 27.1257 0
    endloop
  endfacet
  facet normal 0 0 -1
    outer loop
      vertex -25.0018 27.2883 0
      vertex -20.3388 39.9171 0
      vertex -24.9635 27.208 0
    endloop
  endfacet
  facet normal 0 0 -1
    outer loop
      vertex -20.3388 39.9171 0
      vertex -25.0018 27.2883 0
      vertex -22.4 38.7979 0
    endloop
  endfacet
  facet normal 0 0 -1
    outer loop
      vertex -25.0443 27.3665 0
      vertex -22.4 38.7979 0
      vertex -25.0018 27.2883 0
    endloop
  endfacet
  facet normal 0 0 -1
    outer loop
      vertex -25.0908 27.4424 0
      vertex -22.4 38.7979 0
      vertex -25.0443 27.3665 0
    endloop
  endfacet
  facet normal 0 0 -1
    outer loop
      vertex -25.1412 27.5157 0
      vertex -22.4 38.7979 0
      vertex -25.0908 27.4424 0
    endloop
  endfacet
  facet normal 0 0 -1
    outer loop
      vertex -25.1954 27.5863 0
      vertex -22.4 38.7979 0
      vertex -25.1412 27.5157 0
    endloop
  endfacet
  facet normal 0 0 -1
    outer loop
      vertex -22.4 38.7979 0
      vertex -25.1954 27.5863 0
      vertex -24.3998 37.5724 0
    endloop
  endfacet
  facet normal 0 0 -1
    outer loop
      vertex -25.2532 27.654 0
      vertex -24.3998 37.5724 0
      vertex -25.1954 27.5863 0
    endloop
  endfacet
  facet normal 0 0 -1
    outer loop
      vertex -25.3144 27.7186 0
      vertex -24.3998 37.5724 0
      vertex -25.2532 27.654 0
    endloop
  endfacet
  facet normal 0 0 -1
    outer loop
      vertex -25.379 27.7799 0
      vertex -24.3998 37.5724 0
      vertex -25.3144 27.7186 0
    endloop
  endfacet
  facet normal 0 0 -1
    outer loop
      vertex -25.4467 27.8377 0
      vertex -24.3998 37.5724 0
      vertex -25.379 27.7799 0
    endloop
  endfacet
  facet normal 0 0 -1
    outer loop
      vertex -25.5173 27.8918 0
      vertex -24.3998 37.5724 0
      vertex -25.4467 27.8377 0
    endloop
  endfacet
  facet normal 0 0 -1
    outer loop
      vertex -26.3328 36.244 0
      vertex -25.5173 27.8918 0
      vertex -25.5906 27.9422 0
    endloop
  endfacet
  facet normal 0 0 -1
    outer loop
      vertex -26.3328 36.244 0
      vertex -25.5906 27.9422 0
      vertex -25.6665 27.9887 0
    endloop
  endfacet
  facet normal 0 0 -1
    outer loop
      vertex -26.3328 36.244 0
      vertex -25.6665 27.9887 0
      vertex -25.7447 28.0312 0
    endloop
  endfacet
  facet normal 0 0 -1
    outer loop
      vertex -26.3328 36.244 0
      vertex -25.7447 28.0312 0
      vertex -25.8251 28.0695 0
    endloop
  endfacet
  facet normal 0 0 -1
    outer loop
      vertex -26.3328 36.244 0
      vertex -25.8251 28.0695 0
      vertex -25.9073 28.1036 0
    endloop
  endfacet
  facet normal 0 0 -1
    outer loop
      vertex -26.3328 36.244 0
      vertex -25.9073 28.1036 0
      vertex -25.9912 28.1333 0
    endloop
  endfacet
  facet normal 0 0 -1
    outer loop
      vertex -28.1936 34.8161 0
      vertex -25.9912 28.1333 0
      vertex -26.0765 28.1586 0
    endloop
  endfacet
  facet normal 0 0 -1
    outer loop
      vertex -28.1936 34.8161 0
      vertex -26.0765 28.1586 0
      vertex -26.1631 28.1794 0
    endloop
  endfacet
  facet normal 0 0 -1
    outer loop
      vertex -28.1936 34.8161 0
      vertex -26.1631 28.1794 0
      vertex -26.2506 28.1956 0
    endloop
  endfacet
  facet normal 0 0 -1
    outer loop
      vertex -25.5173 27.8918 0
      vertex -26.3328 36.244 0
      vertex -24.3998 37.5724 0
    endloop
  endfacet
  facet normal 0 0 -1
    outer loop
      vertex -28.1936 34.8161 0
      vertex -26.2506 28.1956 0
      vertex -26.3388 28.2072 0
    endloop
  endfacet
  facet normal 0 0 -1
    outer loop
      vertex -28.1936 34.8161 0
      vertex -26.3388 28.2072 0
      vertex -26.4275 28.2142 0
    endloop
  endfacet
  facet normal 0 0 -1
    outer loop
      vertex -28.1936 34.8161 0
      vertex -26.4275 28.2142 0
      vertex -26.5165 28.2165 0
    endloop
  endfacet
  facet normal 0 0 -1
    outer loop
      vertex -28.1936 34.8161 0
      vertex -26.5165 28.2165 0
      vertex -26.6055 28.2142 0
    endloop
  endfacet
  facet normal 0 0 -1
    outer loop
      vertex -28.1936 34.8161 0
      vertex -26.6055 28.2142 0
      vertex -26.6942 28.2072 0
    endloop
  endfacet
  facet normal 0 0 -1
    outer loop
      vertex -29.9771 33.2929 0
      vertex -26.6942 28.2072 0
      vertex -26.7824 28.1956 0
    endloop
  endfacet
  facet normal 0 0 -1
    outer loop
      vertex -29.9771 33.2929 0
      vertex -26.7824 28.1956 0
      vertex -26.87 28.1794 0
    endloop
  endfacet
  facet normal 0 0 -1
    outer loop
      vertex -29.9771 33.2929 0
      vertex -26.87 28.1794 0
      vertex -26.9565 28.1586 0
    endloop
  endfacet
  facet normal 0 0 -1
    outer loop
      vertex -29.9771 33.2929 0
      vertex -26.9565 28.1586 0
      vertex -27.0418 28.1333 0
    endloop
  endfacet
  facet normal 0 0 -1
    outer loop
      vertex -29.9771 33.2929 0
      vertex -27.0418 28.1333 0
      vertex -27.1257 28.1036 0
    endloop
  endfacet
  facet normal 0 0 -1
    outer loop
      vertex -29.9771 33.2929 0
      vertex -27.1257 28.1036 0
      vertex -27.208 28.0695 0
    endloop
  endfacet
  facet normal 0 0 -1
    outer loop
      vertex -29.9771 33.2929 0
      vertex -27.208 28.0695 0
      vertex -27.2883 28.0312 0
    endloop
  endfacet
  facet normal 0 0 -1
    outer loop
      vertex -29.9771 33.2929 0
      vertex -27.2883 28.0312 0
      vertex -27.3665 27.9887 0
    endloop
  endfacet
  facet normal 0 0 -1
    outer loop
      vertex -29.9771 33.2929 0
      vertex -27.3665 27.9887 0
      vertex -27.4424 27.9422 0
    endloop
  endfacet
  facet normal 0 0 -1
    outer loop
      vertex -31.6784 31.6784 0
      vertex -27.4424 27.9422 0
      vertex -27.5157 27.8918 0
    endloop
  endfacet
  facet normal 0 0 -1
    outer loop
      vertex -31.6784 31.6784 0
      vertex -27.5157 27.8918 0
      vertex -27.5863 27.8377 0
    endloop
  endfacet
  facet normal 0 0 -1
    outer loop
      vertex -31.6784 31.6784 0
      vertex -27.5863 27.8377 0
      vertex -27.654 27.7799 0
    endloop
  endfacet
  facet normal 0 0 -1
    outer loop
      vertex -31.6784 31.6784 0
      vertex -27.654 27.7799 0
      vertex -27.7186 27.7186 0
    endloop
  endfacet
  facet normal 0 0 -1
    outer loop
      vertex -31.6784 31.6784 0
      vertex -27.7186 27.7186 0
      vertex -27.7799 27.654 0
    endloop
  endfacet
  facet normal 0 0 -1
    outer loop
      vertex -31.6784 31.6784 0
      vertex -27.7799 27.654 0
      vertex -27.8377 27.5863 0
    endloop
  endfacet
  facet normal 0 0 -1
    outer loop
      vertex -31.6784 31.6784 0
      vertex -27.8377 27.5863 0
      vertex -27.8918 27.5157 0
    endloop
  endfacet
  facet normal 0 0 -1
    outer loop
      vertex -31.6784 31.6784 0
      vertex -27.8918 27.5157 0
      vertex -27.9422 27.4424 0
    endloop
  endfacet
  facet normal 0 0 -1
    outer loop
      vertex -31.6784 31.6784 0
      vertex -27.9422 27.4424 0
      vertex -27.9887 27.3665 0
    endloop
  endfacet
  facet normal 0 0 -1
    outer loop
      vertex -33.2929 29.9771 0
      vertex -27.9887 27.3665 0
      vertex -28.0312 27.2883 0
    endloop
  endfacet
  facet normal 0 0 -1
    outer loop
      vertex -33.2929 29.9771 0
      vertex -28.0312 27.2883 0
      vertex -28.0695 27.208 0
    endloop
  endfacet
  facet normal 0 0 -1
    outer loop
      vertex -33.2929 29.9771 0
      vertex -28.0695 27.208 0
      vertex -28.1036 27.1257 0
    endloop
  endfacet
  facet normal 0 0 -1
    outer loop
      vertex -33.2929 29.9771 0
      vertex -28.1036 27.1257 0
      vertex -28.1333 27.0418 0
    endloop
  endfacet
  facet normal 0 0 -1
    outer loop
      vertex -33.2929 29.9771 0
      vertex -28.1333 27.0418 0
      vertex -28.1586 26.9565 0
    endloop
  endfacet
  facet normal 0 0 -1
    outer loop
      vertex -33.2929 29.9771 0
      vertex -28.1586 26.9565 0
      vertex -28.1794 26.87 0
    endloop
  endfacet
  facet normal 0 0 -1
    outer loop
      vertex -25.9912 28.1333 0
      vertex -28.1936 34.8161 0
      vertex -26.3328 36.244 0
    endloop
  endfacet
  facet normal 0 0 -1
    outer loop
      vertex -33.2929 29.9771 0
      vertex -28.1794 26.87 0
      vertex -28.1956 26.7824 0
    endloop
  endfacet
  facet normal 0 0 -1
    outer loop
      vertex -33.2929 29.9771 0
      vertex -28.1956 26.7824 0
      vertex -28.2072 26.6942 0
    endloop
  endfacet
  facet normal 0 0 -1
    outer loop
      vertex -34.8161 28.1936 0
      vertex -28.2072 26.6942 0
      vertex -28.2142 26.6055 0
    endloop
  endfacet
  facet normal 0 0 -1
    outer loop
      vertex -34.8161 28.1936 0
      vertex -28.2142 26.6055 0
      vertex -28.2165 26.5165 0
    endloop
  endfacet
  facet normal -0 0 -1
    outer loop
      vertex -28.2072 -26.6942 0
      vertex -34.8161 -28.1936 0
      vertex -28.2142 -26.6055 0
    endloop
  endfacet
  facet normal 0 0 -1
    outer loop
      vertex -26.6942 28.2072 0
      vertex -29.9771 33.2929 0
      vertex -28.1936 34.8161 0
    endloop
  endfacet
  facet normal -0 0 -1
    outer loop
      vertex -28.2142 -26.6055 0
      vertex -34.8161 -28.1936 0
      vertex -28.2165 -26.5165 0
    endloop
  endfacet
  facet normal 0 0 -1
    outer loop
      vertex -27.4424 27.9422 0
      vertex -31.6784 31.6784 0
      vertex -29.9771 33.2929 0
    endloop
  endfacet
  facet normal 0 0 -1
    outer loop
      vertex -28.1333 -25.9912 0
      vertex -34.8161 -28.1936 0
      vertex -36.244 -26.3328 0
    endloop
  endfacet
  facet normal 0 0 -1
    outer loop
      vertex -27.9887 27.3665 0
      vertex -33.2929 29.9771 0
      vertex -31.6784 31.6784 0
    endloop
  endfacet
  facet normal -0 0 -1
    outer loop
      vertex -27.8918 -25.5173 0
      vertex -36.244 -26.3328 0
      vertex -37.5724 -24.3998 0
    endloop
  endfacet
  facet normal 0 0 -1
    outer loop
      vertex -28.2072 26.6942 0
      vertex -34.8161 28.1936 0
      vertex -33.2929 29.9771 0
    endloop
  endfacet
  facet normal 0 0 -1
    outer loop
      vertex -27.5863 -25.1954 0
      vertex -37.5724 -24.3998 0
      vertex -38.7979 -22.4 0
    endloop
  endfacet
  facet normal 0 0 -1
    outer loop
      vertex -28.2142 26.4275 0
      vertex -34.8161 28.1936 0
      vertex -28.2165 26.5165 0
    endloop
  endfacet
  facet normal 0 0 -1
    outer loop
      vertex -27.3665 -25.0443 0
      vertex -38.7979 -22.4 0
      vertex -39.9171 -20.3388 0
    endloop
  endfacet
  facet normal 0 0 -1
    outer loop
      vertex -28.2072 26.3388 0
      vertex -34.8161 28.1936 0
      vertex -28.2142 26.4275 0
    endloop
  endfacet
  facet normal 0 0 -1
    outer loop
      vertex -27.1257 -24.9294 0
      vertex -39.9171 -20.3388 0
      vertex -40.9268 -18.2218 0
    endloop
  endfacet
  facet normal 0 0 -1
    outer loop
      vertex -28.1956 26.2506 0
      vertex -34.8161 28.1936 0
      vertex -28.2072 26.3388 0
    endloop
  endfacet
  facet normal 0 0 -1
    outer loop
      vertex -26.87 -24.8537 0
      vertex -40.9268 -18.2218 0
      vertex -41.8244 -16.0549 0
    endloop
  endfacet
  facet normal 0 0 -1
    outer loop
      vertex -28.1794 26.1631 0
      vertex -34.8161 28.1936 0
      vertex -28.1956 26.2506 0
    endloop
  endfacet
  facet normal 0 0 -1
    outer loop
      vertex -26.6942 -24.8258 0
      vertex -41.8244 -16.0549 0
      vertex -42.6073 -13.844 0
    endloop
  endfacet
  facet normal 0 0 -1
    outer loop
      vertex -28.1586 26.0765 0
      vertex -34.8161 28.1936 0
      vertex -28.1794 26.1631 0
    endloop
  endfacet
  facet normal 0 0 -1
    outer loop
      vertex -26.5165 -24.8165 0
      vertex -42.6073 -13.844 0
      vertex -43.2735 -11.5951 0
    endloop
  endfacet
  facet normal 0 0 -1
    outer loop
      vertex -28.1333 25.9912 0
      vertex -34.8161 28.1936 0
      vertex -28.1586 26.0765 0
    endloop
  endfacet
  facet normal 0 0 -1
    outer loop
      vertex -26.4275 -24.8188 0
      vertex -43.2735 -11.5951 0
      vertex -43.821 -9.31444 0
    endloop
  endfacet
  facet normal 0 -0 -1
    outer loop
      vertex -34.8161 28.1936 0
      vertex -28.1333 25.9912 0
      vertex -36.244 26.3328 0
    endloop
  endfacet
  facet normal 0 0 -1
    outer loop
      vertex -26.3388 -24.8258 0
      vertex -43.821 -9.31444 0
      vertex -44.2484 -7.00826 0
    endloop
  endfacet
  facet normal 0 0 -1
    outer loop
      vertex -28.1036 25.9073 0
      vertex -36.244 26.3328 0
      vertex -28.1333 25.9912 0
    endloop
  endfacet
  facet normal 0 0 -1
    outer loop
      vertex -44.7386 -2.34465 0
      vertex -3.24555 -0.170092 0
      vertex -44.5546 -4.68287 0
    endloop
  endfacet
  facet normal 0 0 -1
    outer loop
      vertex -28.0695 25.8251 0
      vertex -36.244 26.3328 0
      vertex -28.1036 25.9073 0
    endloop
  endfacet
  facet normal -0 0 -1
    outer loop
      vertex -3.24555 -0.170092 0
      vertex -44.7386 -2.34465 0
      vertex -3.25 0 0
    endloop
  endfacet
  facet normal 0 0 -1
    outer loop
      vertex -28.0312 25.7447 0
      vertex -36.244 26.3328 0
      vertex -28.0695 25.8251 0
    endloop
  endfacet
  facet normal -0 0 -1
    outer loop
      vertex -3.25 0 0
      vertex -44.7386 -2.34465 0
      vertex -44.8 0 0
    endloop
  endfacet
  facet normal 0 0 -1
    outer loop
      vertex -27.9887 25.6665 0
      vertex -36.244 26.3328 0
      vertex -28.0312 25.7447 0
    endloop
  endfacet
  facet normal 0 -0 -1
    outer loop
      vertex -36.244 26.3328 0
      vertex -27.8918 25.5173 0
      vertex -37.5724 24.3998 0
    endloop
  endfacet
  facet normal 0 0 -1
    outer loop
      vertex -27.9422 25.5906 0
      vertex -36.244 26.3328 0
      vertex -27.9887 25.6665 0
    endloop
  endfacet
  facet normal 0 0 -1
    outer loop
      vertex -27.8918 25.5173 0
      vertex -36.244 26.3328 0
      vertex -27.9422 25.5906 0
    endloop
  endfacet
  facet normal 0 0 -1
    outer loop
      vertex 2.2981 2.2981 0
      vertex 25.3144 25.3144 0
      vertex 2.41522 2.17467 0
    endloop
  endfacet
  facet normal -0 0 -1
    outer loop
      vertex 25.3144 25.3144 0
      vertex 2.2981 2.2981 0
      vertex 25.2532 25.379 0
    endloop
  endfacet
  facet normal 0 0 -1
    outer loop
      vertex 2.17467 2.41522 0
      vertex 25.2532 25.379 0
      vertex 2.2981 2.2981 0
    endloop
  endfacet
  facet normal -0 0 -1
    outer loop
      vertex 25.2532 25.379 0
      vertex 2.17467 2.41522 0
      vertex 25.1954 25.4467 0
    endloop
  endfacet
  facet normal 0 0 -1
    outer loop
      vertex 2.04529 2.52572 0
      vertex 25.1954 25.4467 0
      vertex 2.17467 2.41522 0
    endloop
  endfacet
  facet normal -0 0 -1
    outer loop
      vertex 25.1954 25.4467 0
      vertex 2.04529 2.52572 0
      vertex 25.1412 25.5173 0
    endloop
  endfacet
  facet normal 0 0 -1
    outer loop
      vertex 1.9103 2.6293 0
      vertex 25.1412 25.5173 0
      vertex 2.04529 2.52572 0
    endloop
  endfacet
  facet normal -0 0 -1
    outer loop
      vertex 25.1412 25.5173 0
      vertex 1.9103 2.6293 0
      vertex 25.0908 25.5906 0
    endloop
  endfacet
  facet normal 0 0 -1
    outer loop
      vertex 1.77008 2.72568 0
      vertex 25.0908 25.5906 0
      vertex 1.9103 2.6293 0
    endloop
  endfacet
  facet normal -0 0 -1
    outer loop
      vertex 25.0908 25.5906 0
      vertex 1.77008 2.72568 0
      vertex 25.0443 25.6665 0
    endloop
  endfacet
  facet normal 0 0 -1
    outer loop
      vertex 1.625 2.81458 0
      vertex 25.0443 25.6665 0
      vertex 1.77008 2.72568 0
    endloop
  endfacet
  facet normal -0 0 -1
    outer loop
      vertex 25.0443 25.6665 0
      vertex 1.625 2.81458 0
      vertex 25.0018 25.7447 0
    endloop
  endfacet
  facet normal 0 0 -1
    outer loop
      vertex 1.47547 2.89577 0
      vertex 25.0018 25.7447 0
      vertex 1.625 2.81458 0
    endloop
  endfacet
  facet normal -0 0 -1
    outer loop
      vertex 25.0018 25.7447 0
      vertex 1.47547 2.89577 0
      vertex 24.9635 25.8251 0
    endloop
  endfacet
  facet normal 0 0 -1
    outer loop
      vertex 1.32189 2.96902 0
      vertex 24.9635 25.8251 0
      vertex 1.47547 2.89577 0
    endloop
  endfacet
  facet normal -0 0 -1
    outer loop
      vertex 24.9635 25.8251 0
      vertex 1.32189 2.96902 0
      vertex 24.9294 25.9073 0
    endloop
  endfacet
  facet normal 0 0 -1
    outer loop
      vertex 1.1647 3.03414 0
      vertex 24.9294 25.9073 0
      vertex 1.32189 2.96902 0
    endloop
  endfacet
  facet normal -0 0 -1
    outer loop
      vertex 24.9294 25.9073 0
      vertex 1.1647 3.03414 0
      vertex 24.8997 25.9912 0
    endloop
  endfacet
  facet normal 0 0 -1
    outer loop
      vertex 1.0043 3.09093 0
      vertex 24.8997 25.9912 0
      vertex 1.1647 3.03414 0
    endloop
  endfacet
  facet normal -0 0 -1
    outer loop
      vertex 24.8997 25.9912 0
      vertex 1.0043 3.09093 0
      vertex 24.8744 26.0765 0
    endloop
  endfacet
  facet normal 0 0 -1
    outer loop
      vertex 0.841162 3.13926 0
      vertex 24.8744 26.0765 0
      vertex 1.0043 3.09093 0
    endloop
  endfacet
  facet normal -0 0 -1
    outer loop
      vertex 24.8744 26.0765 0
      vertex 0.841162 3.13926 0
      vertex 24.8537 26.1631 0
    endloop
  endfacet
  facet normal -0 0 -1
    outer loop
      vertex 24.8537 26.1631 0
      vertex 0.841162 3.13926 0
      vertex 24.8374 26.2506 0
    endloop
  endfacet
  facet normal 0 0 -1
    outer loop
      vertex 0.675713 3.17898 0
      vertex 24.8374 26.2506 0
      vertex 0.841162 3.13926 0
    endloop
  endfacet
  facet normal -0 0 -1
    outer loop
      vertex 24.8374 26.2506 0
      vertex 0.675713 3.17898 0
      vertex 7.00826 44.2484 0
    endloop
  endfacet
  facet normal 0 0 -1
    outer loop
      vertex 0.508411 3.20999 0
      vertex 7.00826 44.2484 0
      vertex 0.675713 3.17898 0
    endloop
  endfacet
  facet normal -0 0 -1
    outer loop
      vertex 7.00826 44.2484 0
      vertex 0.508411 3.20999 0
      vertex 4.68287 44.5546 0
    endloop
  endfacet
  facet normal 0 0 -1
    outer loop
      vertex 0.339717 3.2322 0
      vertex 4.68287 44.5546 0
      vertex 0.508411 3.20999 0
    endloop
  endfacet
  facet normal -0 0 -1
    outer loop
      vertex 4.68287 44.5546 0
      vertex 0.339717 3.2322 0
      vertex 2.34465 44.7386 0
    endloop
  endfacet
  facet normal 0 0 -1
    outer loop
      vertex 0.170092 3.24555 0
      vertex 2.34465 44.7386 0
      vertex 0.339717 3.2322 0
    endloop
  endfacet
  facet normal 0 0 -1
    outer loop
      vertex 0 3.25 0
      vertex 2.34465 44.7386 0
      vertex 0.170092 3.24555 0
    endloop
  endfacet
  facet normal 0 0 -1
    outer loop
      vertex 0 3.25 0
      vertex 0 44.8 0
      vertex 2.34465 44.7386 0
    endloop
  endfacet
  facet normal 0 0 -1
    outer loop
      vertex -0.170092 3.24555 0
      vertex 0 44.8 0
      vertex 0 3.25 0
    endloop
  endfacet
  facet normal 0 0 -1
    outer loop
      vertex -2.34465 44.7386 0
      vertex -0.170092 3.24555 0
      vertex -0.339717 3.2322 0
    endloop
  endfacet
  facet normal 0 0 -1
    outer loop
      vertex -4.68287 44.5546 0
      vertex -0.339717 3.2322 0
      vertex -0.508411 3.20999 0
    endloop
  endfacet
  facet normal 0 0 -1
    outer loop
      vertex -7.00826 44.2484 0
      vertex -0.508411 3.20999 0
      vertex -0.675713 3.17898 0
    endloop
  endfacet
  facet normal 0 0 -1
    outer loop
      vertex -24.8165 26.5165 0
      vertex -0.675713 3.17898 0
      vertex -0.841162 3.13926 0
    endloop
  endfacet
  facet normal 0 0 -1
    outer loop
      vertex -24.8165 26.5165 0
      vertex -0.841162 3.13926 0
      vertex -1.0043 3.09093 0
    endloop
  endfacet
  facet normal 0 0 -1
    outer loop
      vertex -24.8165 26.5165 0
      vertex -1.0043 3.09093 0
      vertex -1.1647 3.03414 0
    endloop
  endfacet
  facet normal 0 0 -1
    outer loop
      vertex -24.8165 26.5165 0
      vertex -1.1647 3.03414 0
      vertex -1.32189 2.96902 0
    endloop
  endfacet
  facet normal 0 0 -1
    outer loop
      vertex -24.8165 26.5165 0
      vertex -1.32189 2.96902 0
      vertex -1.47547 2.89577 0
    endloop
  endfacet
  facet normal 0 0 -1
    outer loop
      vertex -24.8165 26.5165 0
      vertex -1.47547 2.89577 0
      vertex -1.625 2.81458 0
    endloop
  endfacet
  facet normal 0 0 -1
    outer loop
      vertex -24.8165 26.5165 0
      vertex -1.625 2.81458 0
      vertex -1.77008 2.72568 0
    endloop
  endfacet
  facet normal 0 0 -1
    outer loop
      vertex -24.8165 26.5165 0
      vertex -1.77008 2.72568 0
      vertex -1.9103 2.6293 0
    endloop
  endfacet
  facet normal 0 0 -1
    outer loop
      vertex -24.8165 26.5165 0
      vertex -1.9103 2.6293 0
      vertex -2.04529 2.52572 0
    endloop
  endfacet
  facet normal 0 0 -1
    outer loop
      vertex -24.8165 26.5165 0
      vertex -2.04529 2.52572 0
      vertex -2.17467 2.41522 0
    endloop
  endfacet
  facet normal 0 0 -1
    outer loop
      vertex -24.8165 26.5165 0
      vertex -2.17467 2.41522 0
      vertex -2.2981 2.2981 0
    endloop
  endfacet
  facet normal 0 0 -1
    outer loop
      vertex -0.170092 3.24555 0
      vertex -2.34465 44.7386 0
      vertex 0 44.8 0
    endloop
  endfacet
  facet normal 0 0 -1
    outer loop
      vertex -24.8165 26.5165 0
      vertex -2.2981 2.2981 0
      vertex -2.41522 2.17467 0
    endloop
  endfacet
  facet normal 0 0 -1
    outer loop
      vertex -24.8165 26.5165 0
      vertex -2.41522 2.17467 0
      vertex -2.52572 2.04529 0
    endloop
  endfacet
  facet normal 0 0 -1
    outer loop
      vertex -24.8165 26.5165 0
      vertex -2.52572 2.04529 0
      vertex -2.6293 1.9103 0
    endloop
  endfacet
  facet normal 0 0 -1
    outer loop
      vertex -24.8165 26.5165 0
      vertex -2.6293 1.9103 0
      vertex -2.72568 1.77008 0
    endloop
  endfacet
  facet normal 0 0 -1
    outer loop
      vertex -24.8165 26.5165 0
      vertex -2.72568 1.77008 0
      vertex -2.81458 1.625 0
    endloop
  endfacet
  facet normal 0 0 -1
    outer loop
      vertex -24.8165 26.5165 0
      vertex -2.81458 1.625 0
      vertex -2.89577 1.47547 0
    endloop
  endfacet
  facet normal 0 0 -1
    outer loop
      vertex -24.8165 26.5165 0
      vertex -2.89577 1.47547 0
      vertex -2.96902 1.32189 0
    endloop
  endfacet
  facet normal 0 0 -1
    outer loop
      vertex -24.8165 26.5165 0
      vertex -2.96902 1.32189 0
      vertex -3.03414 1.1647 0
    endloop
  endfacet
  facet normal 0 0 -1
    outer loop
      vertex -24.8165 26.5165 0
      vertex -3.03414 1.1647 0
      vertex -3.09093 1.0043 0
    endloop
  endfacet
  facet normal 0 0 -1
    outer loop
      vertex -24.8165 26.5165 0
      vertex -3.09093 1.0043 0
      vertex -3.13926 0.841162 0
    endloop
  endfacet
  facet normal 0 0 -1
    outer loop
      vertex -24.8165 26.5165 0
      vertex -3.13926 0.841162 0
      vertex -3.17898 0.675713 0
    endloop
  endfacet
  facet normal 0 0 -1
    outer loop
      vertex -24.8165 26.5165 0
      vertex -3.17898 0.675713 0
      vertex -3.20999 0.508411 0
    endloop
  endfacet
  facet normal 0 0 -1
    outer loop
      vertex -3.24555 0.170092 0
      vertex -24.8165 26.5165 0
      vertex -3.2322 0.339717 0
    endloop
  endfacet
  facet normal 0 0 -1
    outer loop
      vertex -3.25 0 0
      vertex -24.8165 26.5165 0
      vertex -3.24555 0.170092 0
    endloop
  endfacet
  facet normal -0 0 -1
    outer loop
      vertex -2.2981 -2.2981 0
      vertex -25.3144 -25.3144 0
      vertex -2.41522 -2.17467 0
    endloop
  endfacet
  facet normal 0 0 -1
    outer loop
      vertex -25.3144 -25.3144 0
      vertex -2.2981 -2.2981 0
      vertex -25.2532 -25.379 0
    endloop
  endfacet
  facet normal 0 0 -1
    outer loop
      vertex -3.2322 0.339717 0
      vertex -24.8165 26.5165 0
      vertex -3.20999 0.508411 0
    endloop
  endfacet
  facet normal 0 0 -1
    outer loop
      vertex -24.8258 -26.3388 0
      vertex -9.31444 -43.821 0
      vertex -24.8188 -26.4275 0
    endloop
  endfacet
  facet normal 0 0 -1
    outer loop
      vertex -0.339717 3.2322 0
      vertex -4.68287 44.5546 0
      vertex -2.34465 44.7386 0
    endloop
  endfacet
  facet normal 0 0 -1
    outer loop
      vertex -11.5951 -43.2735 0
      vertex -24.8188 -26.4275 0
      vertex -9.31444 -43.821 0
    endloop
  endfacet
  facet normal 0 0 -1
    outer loop
      vertex -0.508411 3.20999 0
      vertex -7.00826 44.2484 0
      vertex -4.68287 44.5546 0
    endloop
  endfacet
  facet normal 0 0 -1
    outer loop
      vertex -24.8188 -26.4275 0
      vertex -11.5951 -43.2735 0
      vertex -24.8165 -26.5165 0
    endloop
  endfacet
  facet normal 0 0 -1
    outer loop
      vertex -0.675713 3.17898 0
      vertex -9.31444 43.821 0
      vertex -7.00826 44.2484 0
    endloop
  endfacet
  facet normal 0 0 -1
    outer loop
      vertex -24.8165 -26.5165 0
      vertex -11.5951 -43.2735 0
      vertex -13.844 -42.6073 0
    endloop
  endfacet
  facet normal 0 0 -1
    outer loop
      vertex -0.675713 3.17898 0
      vertex -24.8165 26.5165 0
      vertex -9.31444 43.821 0
    endloop
  endfacet
  facet normal 0 0 -1
    outer loop
      vertex -24.8258 -26.6942 0
      vertex -13.844 -42.6073 0
      vertex -16.0549 -41.8244 0
    endloop
  endfacet
  facet normal 0 0 -1
    outer loop
      vertex -9.31444 43.821 0
      vertex -24.8165 26.5165 0
      vertex -11.5951 43.2735 0
    endloop
  endfacet
  facet normal 0 0 -1
    outer loop
      vertex -24.8537 -26.87 0
      vertex -16.0549 -41.8244 0
      vertex -18.2218 -40.9268 0
    endloop
  endfacet
  facet normal 0 0 -1
    outer loop
      vertex -11.5951 43.2735 0
      vertex -24.8165 26.5165 0
      vertex -13.844 42.6073 0
    endloop
  endfacet
  facet normal 0 0 -1
    outer loop
      vertex -24.8997 -27.0418 0
      vertex -18.2218 -40.9268 0
      vertex -20.3388 -39.9171 0
    endloop
  endfacet
  facet normal 0 0 -1
    outer loop
      vertex -24.8188 26.6055 0
      vertex -13.844 42.6073 0
      vertex -24.8165 26.5165 0
    endloop
  endfacet
  facet normal 0 0 -1
    outer loop
      vertex -25.0018 -27.2883 0
      vertex -20.3388 -39.9171 0
      vertex -22.4 -38.7979 0
    endloop
  endfacet
  facet normal 0 0 -1
    outer loop
      vertex -24.8258 26.6942 0
      vertex -13.844 42.6073 0
      vertex -24.8188 26.6055 0
    endloop
  endfacet
  facet normal 0 0 -1
    outer loop
      vertex -25.1954 -27.5863 0
      vertex -22.4 -38.7979 0
      vertex -24.3998 -37.5724 0
    endloop
  endfacet
  facet normal 0 0 -1
    outer loop
      vertex -13.844 42.6073 0
      vertex -24.8258 26.6942 0
      vertex -16.0549 41.8244 0
    endloop
  endfacet
  facet normal 0 0 -1
    outer loop
      vertex -24.8374 26.7824 0
      vertex -16.0549 41.8244 0
      vertex -24.8258 26.6942 0
    endloop
  endfacet
  facet normal 0 0 -1
    outer loop
      vertex -13.844 -42.6073 0
      vertex -24.8188 -26.6055 0
      vertex -24.8165 -26.5165 0
    endloop
  endfacet
  facet normal 0 0 -1
    outer loop
      vertex -13.844 -42.6073 0
      vertex -24.8258 -26.6942 0
      vertex -24.8188 -26.6055 0
    endloop
  endfacet
  facet normal 0 0 -1
    outer loop
      vertex -16.0549 -41.8244 0
      vertex -24.8374 -26.7824 0
      vertex -24.8258 -26.6942 0
    endloop
  endfacet
  facet normal 0 0 -1
    outer loop
      vertex -16.0549 -41.8244 0
      vertex -24.8537 -26.87 0
      vertex -24.8374 -26.7824 0
    endloop
  endfacet
  facet normal 0 0 -1
    outer loop
      vertex -18.2218 -40.9268 0
      vertex -24.8744 -26.9565 0
      vertex -24.8537 -26.87 0
    endloop
  endfacet
  facet normal 0 0 -1
    outer loop
      vertex -18.2218 -40.9268 0
      vertex -24.8997 -27.0418 0
      vertex -24.8744 -26.9565 0
    endloop
  endfacet
  facet normal 0 0 -1
    outer loop
      vertex -20.3388 -39.9171 0
      vertex -24.9294 -27.1257 0
      vertex -24.8997 -27.0418 0
    endloop
  endfacet
  facet normal 0 0 -1
    outer loop
      vertex -20.3388 -39.9171 0
      vertex -24.9635 -27.208 0
      vertex -24.9294 -27.1257 0
    endloop
  endfacet
  facet normal 0 0 -1
    outer loop
      vertex -20.3388 -39.9171 0
      vertex -25.0018 -27.2883 0
      vertex -24.9635 -27.208 0
    endloop
  endfacet
  facet normal 0 0 -1
    outer loop
      vertex -22.4 -38.7979 0
      vertex -25.0443 -27.3665 0
      vertex -25.0018 -27.2883 0
    endloop
  endfacet
  facet normal 0 0 -1
    outer loop
      vertex -22.4 -38.7979 0
      vertex -25.0908 -27.4424 0
      vertex -25.0443 -27.3665 0
    endloop
  endfacet
  facet normal 0 0 -1
    outer loop
      vertex -22.4 -38.7979 0
      vertex -25.1412 -27.5157 0
      vertex -25.0908 -27.4424 0
    endloop
  endfacet
  facet normal 0 0 -1
    outer loop
      vertex -22.4 -38.7979 0
      vertex -25.1954 -27.5863 0
      vertex -25.1412 -27.5157 0
    endloop
  endfacet
  facet normal 0 0 -1
    outer loop
      vertex -24.3998 -37.5724 0
      vertex -25.2532 -27.654 0
      vertex -25.1954 -27.5863 0
    endloop
  endfacet
  facet normal 0 0 -1
    outer loop
      vertex -24.3998 -37.5724 0
      vertex -25.3144 -27.7186 0
      vertex -25.2532 -27.654 0
    endloop
  endfacet
  facet normal 0 0 -1
    outer loop
      vertex -24.3998 -37.5724 0
      vertex -25.379 -27.7799 0
      vertex -25.3144 -27.7186 0
    endloop
  endfacet
  facet normal 0 0 -1
    outer loop
      vertex -24.3998 -37.5724 0
      vertex -25.4467 -27.8377 0
      vertex -25.379 -27.7799 0
    endloop
  endfacet
  facet normal 0 0 -1
    outer loop
      vertex -24.3998 -37.5724 0
      vertex -25.5173 -27.8918 0
      vertex -25.4467 -27.8377 0
    endloop
  endfacet
  facet normal 0 0 -1
    outer loop
      vertex -26.3328 -36.244 0
      vertex -25.5173 -27.8918 0
      vertex -24.3998 -37.5724 0
    endloop
  endfacet
  facet normal 0 0 -1
    outer loop
      vertex -25.5173 -27.8918 0
      vertex -26.3328 -36.244 0
      vertex -25.5906 -27.9422 0
    endloop
  endfacet
  facet normal 0 0 -1
    outer loop
      vertex -25.5906 -27.9422 0
      vertex -26.3328 -36.244 0
      vertex -25.6665 -27.9887 0
    endloop
  endfacet
  facet normal 0 0 -1
    outer loop
      vertex -25.6665 -27.9887 0
      vertex -26.3328 -36.244 0
      vertex -25.7447 -28.0312 0
    endloop
  endfacet
  facet normal 0 0 -1
    outer loop
      vertex -25.7447 -28.0312 0
      vertex -26.3328 -36.244 0
      vertex -25.8251 -28.0695 0
    endloop
  endfacet
  facet normal 0 0 -1
    outer loop
      vertex -25.8251 -28.0695 0
      vertex -26.3328 -36.244 0
      vertex -25.9073 -28.1036 0
    endloop
  endfacet
  facet normal 0 0 -1
    outer loop
      vertex -25.9073 -28.1036 0
      vertex -26.3328 -36.244 0
      vertex -25.9912 -28.1333 0
    endloop
  endfacet
  facet normal 0 0 -1
    outer loop
      vertex -28.1936 -34.8161 0
      vertex -25.9912 -28.1333 0
      vertex -26.3328 -36.244 0
    endloop
  endfacet
  facet normal 0 0 -1
    outer loop
      vertex -25.9912 -28.1333 0
      vertex -28.1936 -34.8161 0
      vertex -26.0765 -28.1586 0
    endloop
  endfacet
  facet normal 0 0 -1
    outer loop
      vertex -26.0765 -28.1586 0
      vertex -28.1936 -34.8161 0
      vertex -26.1631 -28.1794 0
    endloop
  endfacet
  facet normal 0 0 -1
    outer loop
      vertex -26.1631 -28.1794 0
      vertex -28.1936 -34.8161 0
      vertex -26.2506 -28.1956 0
    endloop
  endfacet
  facet normal 0 0 -1
    outer loop
      vertex -26.2506 -28.1956 0
      vertex -28.1936 -34.8161 0
      vertex -26.3388 -28.2072 0
    endloop
  endfacet
  facet normal 0 0 -1
    outer loop
      vertex -26.3388 -28.2072 0
      vertex -28.1936 -34.8161 0
      vertex -26.4275 -28.2142 0
    endloop
  endfacet
  facet normal 0 0 -1
    outer loop
      vertex -26.4275 -28.2142 0
      vertex -28.1936 -34.8161 0
      vertex -26.5165 -28.2165 0
    endloop
  endfacet
  facet normal -0 0 -1
    outer loop
      vertex -26.5165 -28.2165 0
      vertex -28.1936 -34.8161 0
      vertex -26.6055 -28.2142 0
    endloop
  endfacet
  facet normal -0 0 -1
    outer loop
      vertex -26.6055 -28.2142 0
      vertex -28.1936 -34.8161 0
      vertex -26.6942 -28.2072 0
    endloop
  endfacet
  facet normal 0 0 -1
    outer loop
      vertex -29.9771 -33.2929 0
      vertex -26.6942 -28.2072 0
      vertex -28.1936 -34.8161 0
    endloop
  endfacet
  facet normal -0 0 -1
    outer loop
      vertex -26.6942 -28.2072 0
      vertex -29.9771 -33.2929 0
      vertex -26.7824 -28.1956 0
    endloop
  endfacet
  facet normal -0 0 -1
    outer loop
      vertex -26.7824 -28.1956 0
      vertex -29.9771 -33.2929 0
      vertex -26.87 -28.1794 0
    endloop
  endfacet
  facet normal -0 0 -1
    outer loop
      vertex -26.87 -28.1794 0
      vertex -29.9771 -33.2929 0
      vertex -26.9565 -28.1586 0
    endloop
  endfacet
  facet normal -0 0 -1
    outer loop
      vertex -26.9565 -28.1586 0
      vertex -29.9771 -33.2929 0
      vertex -27.0418 -28.1333 0
    endloop
  endfacet
  facet normal -0 0 -1
    outer loop
      vertex -27.0418 -28.1333 0
      vertex -29.9771 -33.2929 0
      vertex -27.1257 -28.1036 0
    endloop
  endfacet
  facet normal -0 0 -1
    outer loop
      vertex -27.1257 -28.1036 0
      vertex -29.9771 -33.2929 0
      vertex -27.208 -28.0695 0
    endloop
  endfacet
  facet normal -0 0 -1
    outer loop
      vertex -27.208 -28.0695 0
      vertex -29.9771 -33.2929 0
      vertex -27.2883 -28.0312 0
    endloop
  endfacet
  facet normal -0 0 -1
    outer loop
      vertex -27.2883 -28.0312 0
      vertex -29.9771 -33.2929 0
      vertex -27.3665 -27.9887 0
    endloop
  endfacet
  facet normal -0 0 -1
    outer loop
      vertex -27.3665 -27.9887 0
      vertex -29.9771 -33.2929 0
      vertex -27.4424 -27.9422 0
    endloop
  endfacet
  facet normal 0 0 -1
    outer loop
      vertex -31.6784 -31.6784 0
      vertex -27.4424 -27.9422 0
      vertex -29.9771 -33.2929 0
    endloop
  endfacet
  facet normal -0 0 -1
    outer loop
      vertex -27.4424 -27.9422 0
      vertex -31.6784 -31.6784 0
      vertex -27.5157 -27.8918 0
    endloop
  endfacet
  facet normal -0 0 -1
    outer loop
      vertex -27.5157 -27.8918 0
      vertex -31.6784 -31.6784 0
      vertex -27.5863 -27.8377 0
    endloop
  endfacet
  facet normal -0 0 -1
    outer loop
      vertex -27.5863 -27.8377 0
      vertex -31.6784 -31.6784 0
      vertex -27.654 -27.7799 0
    endloop
  endfacet
  facet normal -0 0 -1
    outer loop
      vertex -27.654 -27.7799 0
      vertex -31.6784 -31.6784 0
      vertex -27.7186 -27.7186 0
    endloop
  endfacet
  facet normal -0 0 -1
    outer loop
      vertex -27.7186 -27.7186 0
      vertex -31.6784 -31.6784 0
      vertex -27.7799 -27.654 0
    endloop
  endfacet
  facet normal -0 0 -1
    outer loop
      vertex -27.7799 -27.654 0
      vertex -31.6784 -31.6784 0
      vertex -27.8377 -27.5863 0
    endloop
  endfacet
  facet normal -0 0 -1
    outer loop
      vertex -27.8377 -27.5863 0
      vertex -31.6784 -31.6784 0
      vertex -27.8918 -27.5157 0
    endloop
  endfacet
  facet normal -0 0 -1
    outer loop
      vertex -27.8918 -27.5157 0
      vertex -31.6784 -31.6784 0
      vertex -27.9422 -27.4424 0
    endloop
  endfacet
  facet normal -0 0 -1
    outer loop
      vertex -27.9422 -27.4424 0
      vertex -31.6784 -31.6784 0
      vertex -27.9887 -27.3665 0
    endloop
  endfacet
  facet normal 0 0 -1
    outer loop
      vertex -33.2929 -29.9771 0
      vertex -27.9887 -27.3665 0
      vertex -31.6784 -31.6784 0
    endloop
  endfacet
  facet normal -0 0 -1
    outer loop
      vertex -27.9887 -27.3665 0
      vertex -33.2929 -29.9771 0
      vertex -28.0312 -27.2883 0
    endloop
  endfacet
  facet normal -0 0 -1
    outer loop
      vertex -28.0312 -27.2883 0
      vertex -33.2929 -29.9771 0
      vertex -28.0695 -27.208 0
    endloop
  endfacet
  facet normal -0 0 -1
    outer loop
      vertex -28.0695 -27.208 0
      vertex -33.2929 -29.9771 0
      vertex -28.1036 -27.1257 0
    endloop
  endfacet
  facet normal -0 0 -1
    outer loop
      vertex -28.1036 -27.1257 0
      vertex -33.2929 -29.9771 0
      vertex -28.1333 -27.0418 0
    endloop
  endfacet
  facet normal -0 0 -1
    outer loop
      vertex -28.1333 -27.0418 0
      vertex -33.2929 -29.9771 0
      vertex -28.1586 -26.9565 0
    endloop
  endfacet
  facet normal -0 0 -1
    outer loop
      vertex -28.1586 -26.9565 0
      vertex -33.2929 -29.9771 0
      vertex -28.1794 -26.87 0
    endloop
  endfacet
  facet normal -0 0 -1
    outer loop
      vertex -28.1794 -26.87 0
      vertex -33.2929 -29.9771 0
      vertex -28.1956 -26.7824 0
    endloop
  endfacet
  facet normal 0 0 -1
    outer loop
      vertex -34.8161 -28.1936 0
      vertex -28.2072 -26.6942 0
      vertex -33.2929 -29.9771 0
    endloop
  endfacet
  facet normal -0 0 -1
    outer loop
      vertex -28.1956 -26.7824 0
      vertex -33.2929 -29.9771 0
      vertex -28.2072 -26.6942 0
    endloop
  endfacet
  facet normal 0 0 -1
    outer loop
      vertex 27.8377 -25.4467 0
      vertex 37.5724 -24.3998 0
      vertex 27.8918 -25.5173 0
    endloop
  endfacet
  facet normal 0 0 -1
    outer loop
      vertex 44.8 0 0
      vertex 28.2142 26.4275 0
      vertex 28.2165 26.5165 0
    endloop
  endfacet
  facet normal 0 0 -1
    outer loop
      vertex 27.7799 -25.379 0
      vertex 37.5724 -24.3998 0
      vertex 27.8377 -25.4467 0
    endloop
  endfacet
  facet normal 0 0 -1
    outer loop
      vertex 44.8 0 0
      vertex 28.2072 26.3388 0
      vertex 28.2142 26.4275 0
    endloop
  endfacet
  facet normal 0 0 -1
    outer loop
      vertex 27.7186 -25.3144 0
      vertex 37.5724 -24.3998 0
      vertex 27.7799 -25.379 0
    endloop
  endfacet
  facet normal 0 0 -1
    outer loop
      vertex 44.8 0 0
      vertex 28.1956 26.2506 0
      vertex 28.2072 26.3388 0
    endloop
  endfacet
  facet normal 0 0 -1
    outer loop
      vertex 27.654 -25.2532 0
      vertex 37.5724 -24.3998 0
      vertex 27.7186 -25.3144 0
    endloop
  endfacet
  facet normal 0 0 -1
    outer loop
      vertex 44.8 0 0
      vertex 28.1794 26.1631 0
      vertex 28.1956 26.2506 0
    endloop
  endfacet
  facet normal 0 0 -1
    outer loop
      vertex 27.5863 -25.1954 0
      vertex 37.5724 -24.3998 0
      vertex 27.654 -25.2532 0
    endloop
  endfacet
  facet normal 0 0 -1
    outer loop
      vertex 44.8 0 0
      vertex 28.1586 26.0765 0
      vertex 28.1794 26.1631 0
    endloop
  endfacet
  facet normal -0 0 -1
    outer loop
      vertex 37.5724 -24.3998 0
      vertex 27.5863 -25.1954 0
      vertex 38.7979 -22.4 0
    endloop
  endfacet
  facet normal 0 0 -1
    outer loop
      vertex 44.8 0 0
      vertex 28.1333 25.9912 0
      vertex 28.1586 26.0765 0
    endloop
  endfacet
  facet normal 0 0 -1
    outer loop
      vertex 27.5157 -25.1412 0
      vertex 38.7979 -22.4 0
      vertex 27.5863 -25.1954 0
    endloop
  endfacet
  facet normal 0 0 -1
    outer loop
      vertex 44.8 0 0
      vertex 28.1036 25.9073 0
      vertex 28.1333 25.9912 0
    endloop
  endfacet
  facet normal 0 0 -1
    outer loop
      vertex 27.4424 -25.0908 0
      vertex 38.7979 -22.4 0
      vertex 27.5157 -25.1412 0
    endloop
  endfacet
  facet normal 0 0 -1
    outer loop
      vertex 44.8 0 0
      vertex 28.0695 25.8251 0
      vertex 28.1036 25.9073 0
    endloop
  endfacet
  facet normal 0 0 -1
    outer loop
      vertex 27.3665 -25.0443 0
      vertex 38.7979 -22.4 0
      vertex 27.4424 -25.0908 0
    endloop
  endfacet
  facet normal 0 0 -1
    outer loop
      vertex 44.8 0 0
      vertex 28.0312 25.7447 0
      vertex 28.0695 25.8251 0
    endloop
  endfacet
  facet normal -0 0 -1
    outer loop
      vertex 38.7979 -22.4 0
      vertex 27.3665 -25.0443 0
      vertex 39.9171 -20.3388 0
    endloop
  endfacet
  facet normal 0 0 -1
    outer loop
      vertex 44.8 0 0
      vertex 27.9887 25.6665 0
      vertex 28.0312 25.7447 0
    endloop
  endfacet
  facet normal 0 0 -1
    outer loop
      vertex 27.2883 -25.0018 0
      vertex 39.9171 -20.3388 0
      vertex 27.3665 -25.0443 0
    endloop
  endfacet
  facet normal 0 0 -1
    outer loop
      vertex 44.8 0 0
      vertex 27.9422 25.5906 0
      vertex 27.9887 25.6665 0
    endloop
  endfacet
  facet normal 0 0 -1
    outer loop
      vertex 27.208 -24.9635 0
      vertex 39.9171 -20.3388 0
      vertex 27.2883 -25.0018 0
    endloop
  endfacet
  facet normal 0 0 -1
    outer loop
      vertex 44.8 0 0
      vertex 27.8918 25.5173 0
      vertex 27.9422 25.5906 0
    endloop
  endfacet
  facet normal 0 0 -1
    outer loop
      vertex 27.1257 -24.9294 0
      vertex 39.9171 -20.3388 0
      vertex 27.208 -24.9635 0
    endloop
  endfacet
  facet normal 0 0 -1
    outer loop
      vertex 44.8 0 0
      vertex 27.8377 25.4467 0
      vertex 27.8918 25.5173 0
    endloop
  endfacet
  facet normal -0 0 -1
    outer loop
      vertex 39.9171 -20.3388 0
      vertex 27.1257 -24.9294 0
      vertex 40.9268 -18.2218 0
    endloop
  endfacet
  facet normal 0 0 -1
    outer loop
      vertex 44.8 0 0
      vertex 27.7799 25.379 0
      vertex 27.8377 25.4467 0
    endloop
  endfacet
  facet normal 0 0 -1
    outer loop
      vertex 27.0418 -24.8997 0
      vertex 40.9268 -18.2218 0
      vertex 27.1257 -24.9294 0
    endloop
  endfacet
  facet normal 0 0 -1
    outer loop
      vertex 44.8 0 0
      vertex 27.7186 25.3144 0
      vertex 27.7799 25.379 0
    endloop
  endfacet
  facet normal 0 0 -1
    outer loop
      vertex 26.9565 -24.8744 0
      vertex 40.9268 -18.2218 0
      vertex 27.0418 -24.8997 0
    endloop
  endfacet
  facet normal 0 0 -1
    outer loop
      vertex 44.8 0 0
      vertex 27.654 25.2532 0
      vertex 27.7186 25.3144 0
    endloop
  endfacet
  facet normal 0 0 -1
    outer loop
      vertex 26.87 -24.8537 0
      vertex 40.9268 -18.2218 0
      vertex 26.9565 -24.8744 0
    endloop
  endfacet
  facet normal 0 0 -1
    outer loop
      vertex 44.8 0 0
      vertex 27.5863 25.1954 0
      vertex 27.654 25.2532 0
    endloop
  endfacet
  facet normal -0 0 -1
    outer loop
      vertex 40.9268 -18.2218 0
      vertex 26.87 -24.8537 0
      vertex 41.8244 -16.0549 0
    endloop
  endfacet
  facet normal 0 0 -1
    outer loop
      vertex 44.8 0 0
      vertex 27.5157 25.1412 0
      vertex 27.5863 25.1954 0
    endloop
  endfacet
  facet normal 0 0 -1
    outer loop
      vertex 26.7824 -24.8374 0
      vertex 41.8244 -16.0549 0
      vertex 26.87 -24.8537 0
    endloop
  endfacet
  facet normal 0 0 -1
    outer loop
      vertex 44.8 0 0
      vertex 27.4424 25.0908 0
      vertex 27.5157 25.1412 0
    endloop
  endfacet
  facet normal 0 0 -1
    outer loop
      vertex 26.6942 -24.8258 0
      vertex 41.8244 -16.0549 0
      vertex 26.7824 -24.8374 0
    endloop
  endfacet
  facet normal 0 0 -1
    outer loop
      vertex 44.8 0 0
      vertex 27.3665 25.0443 0
      vertex 27.4424 25.0908 0
    endloop
  endfacet
  facet normal -0 0 -1
    outer loop
      vertex 41.8244 -16.0549 0
      vertex 26.6942 -24.8258 0
      vertex 42.6073 -13.844 0
    endloop
  endfacet
  facet normal 0 0 -1
    outer loop
      vertex 44.8 0 0
      vertex 27.2883 25.0018 0
      vertex 27.3665 25.0443 0
    endloop
  endfacet
  facet normal 0 0 -1
    outer loop
      vertex 26.6055 -24.8188 0
      vertex 42.6073 -13.844 0
      vertex 26.6942 -24.8258 0
    endloop
  endfacet
  facet normal 0 0 -1
    outer loop
      vertex 44.8 0 0
      vertex 27.208 24.9635 0
      vertex 27.2883 25.0018 0
    endloop
  endfacet
  facet normal 0 0 -1
    outer loop
      vertex 26.5165 -24.8165 0
      vertex 42.6073 -13.844 0
      vertex 26.6055 -24.8188 0
    endloop
  endfacet
  facet normal 0 0 -1
    outer loop
      vertex 44.8 0 0
      vertex 27.1257 24.9294 0
      vertex 27.208 24.9635 0
    endloop
  endfacet
  facet normal -0 0 -1
    outer loop
      vertex 42.6073 -13.844 0
      vertex 26.5165 -24.8165 0
      vertex 43.2735 -11.5951 0
    endloop
  endfacet
  facet normal 0 0 -1
    outer loop
      vertex 44.8 0 0
      vertex 27.0418 24.8997 0
      vertex 27.1257 24.9294 0
    endloop
  endfacet
  facet normal 0 0 -1
    outer loop
      vertex 26.4275 -24.8188 0
      vertex 43.2735 -11.5951 0
      vertex 26.5165 -24.8165 0
    endloop
  endfacet
  facet normal 0 0 -1
    outer loop
      vertex 44.8 0 0
      vertex 26.9565 24.8744 0
      vertex 27.0418 24.8997 0
    endloop
  endfacet
  facet normal -0 0 -1
    outer loop
      vertex 43.2735 -11.5951 0
      vertex 26.4275 -24.8188 0
      vertex 43.821 -9.31444 0
    endloop
  endfacet
  facet normal 0 0 -1
    outer loop
      vertex 44.8 0 0
      vertex 26.87 24.8537 0
      vertex 26.9565 24.8744 0
    endloop
  endfacet
  facet normal 0 0 -1
    outer loop
      vertex 26.3388 -24.8258 0
      vertex 43.821 -9.31444 0
      vertex 26.4275 -24.8188 0
    endloop
  endfacet
  facet normal 0 0 -1
    outer loop
      vertex 44.8 0 0
      vertex 26.7824 24.8374 0
      vertex 26.87 24.8537 0
    endloop
  endfacet
  facet normal -0 0 -1
    outer loop
      vertex 43.821 -9.31444 0
      vertex 26.3388 -24.8258 0
      vertex 44.2484 -7.00826 0
    endloop
  endfacet
  facet normal 0 0 -1
    outer loop
      vertex 44.8 0 0
      vertex 26.6942 24.8258 0
      vertex 26.7824 24.8374 0
    endloop
  endfacet
  facet normal 0 0 -1
    outer loop
      vertex 3.20999 -0.508411 0
      vertex 44.2484 -7.00826 0
      vertex 26.3388 -24.8258 0
    endloop
  endfacet
  facet normal 0 0 -1
    outer loop
      vertex 44.8 0 0
      vertex 26.6055 24.8188 0
      vertex 26.6942 24.8258 0
    endloop
  endfacet
  facet normal 0 0 -1
    outer loop
      vertex 44.2484 -7.00826 0
      vertex 3.20999 -0.508411 0
      vertex 44.5546 -4.68287 0
    endloop
  endfacet
  facet normal 0 0 -1
    outer loop
      vertex 3.24555 0.170092 0
      vertex 44.8 0 0
      vertex 3.25 0 0
    endloop
  endfacet
  facet normal 0 -0 -1
    outer loop
      vertex 3.2322 -0.339717 0
      vertex 44.5546 -4.68287 0
      vertex 3.20999 -0.508411 0
    endloop
  endfacet
  facet normal 0 0 -1
    outer loop
      vertex 44.8 0 0
      vertex 26.5165 24.8165 0
      vertex 26.6055 24.8188 0
    endloop
  endfacet
  facet normal 0 0 -1
    outer loop
      vertex 44.5546 -4.68287 0
      vertex 3.2322 -0.339717 0
      vertex 44.7386 -2.34465 0
    endloop
  endfacet
  facet normal 0 0 -1
    outer loop
      vertex 44.8 0 0
      vertex 26.4275 24.8188 0
      vertex 26.5165 24.8165 0
    endloop
  endfacet
  facet normal 0 0 -1
    outer loop
      vertex 3.20999 -0.508411 0
      vertex 26.3388 -24.8258 0
      vertex 26.2506 -24.8374 0
    endloop
  endfacet
  facet normal 0 0 -1
    outer loop
      vertex 44.8 0 0
      vertex 26.3388 24.8258 0
      vertex 26.4275 24.8188 0
    endloop
  endfacet
  facet normal 0 0 -1
    outer loop
      vertex 3.17898 -0.675713 0
      vertex 26.2506 -24.8374 0
      vertex 26.1631 -24.8537 0
    endloop
  endfacet
  facet normal 0 0 -1
    outer loop
      vertex 3.2322 0.339717 0
      vertex 44.8 0 0
      vertex 3.24555 0.170092 0
    endloop
  endfacet
  facet normal 0 0 -1
    outer loop
      vertex 3.13926 -0.841162 0
      vertex 26.1631 -24.8537 0
      vertex 26.0765 -24.8744 0
    endloop
  endfacet
  facet normal 0 0 -1
    outer loop
      vertex 3.20999 0.508411 0
      vertex 44.8 0 0
      vertex 3.2322 0.339717 0
    endloop
  endfacet
  facet normal 0 0 -1
    outer loop
      vertex 3.09093 -1.0043 0
      vertex 26.0765 -24.8744 0
      vertex 25.9912 -24.8997 0
    endloop
  endfacet
  facet normal 0 0 -1
    outer loop
      vertex 44.8 0 0
      vertex 3.20999 0.508411 0
      vertex 26.3388 24.8258 0
    endloop
  endfacet
  facet normal 0 0 -1
    outer loop
      vertex 3.03414 -1.1647 0
      vertex 25.9912 -24.8997 0
      vertex 25.9073 -24.9294 0
    endloop
  endfacet
  facet normal -0 0 -1
    outer loop
      vertex 26.3388 24.8258 0
      vertex 3.20999 0.508411 0
      vertex 26.2506 24.8374 0
    endloop
  endfacet
  facet normal 0 0 -1
    outer loop
      vertex 2.96902 -1.32189 0
      vertex 25.9073 -24.9294 0
      vertex 25.8251 -24.9635 0
    endloop
  endfacet
  facet normal 0 0 -1
    outer loop
      vertex 3.17898 0.675713 0
      vertex 26.2506 24.8374 0
      vertex 3.20999 0.508411 0
    endloop
  endfacet
  facet normal 0 0 -1
    outer loop
      vertex 2.89577 -1.47547 0
      vertex 25.8251 -24.9635 0
      vertex 25.7447 -25.0018 0
    endloop
  endfacet
  facet normal -0 0 -1
    outer loop
      vertex 26.2506 24.8374 0
      vertex 3.17898 0.675713 0
      vertex 26.1631 24.8537 0
    endloop
  endfacet
  facet normal 0 0 -1
    outer loop
      vertex 2.81458 -1.625 0
      vertex 25.7447 -25.0018 0
      vertex 25.6665 -25.0443 0
    endloop
  endfacet
  facet normal 0 0 -1
    outer loop
      vertex 3.13926 0.841162 0
      vertex 26.1631 24.8537 0
      vertex 3.17898 0.675713 0
    endloop
  endfacet
  facet normal 0 0 -1
    outer loop
      vertex 2.72568 -1.77008 0
      vertex 25.6665 -25.0443 0
      vertex 25.5906 -25.0908 0
    endloop
  endfacet
  facet normal -0 0 -1
    outer loop
      vertex 26.1631 24.8537 0
      vertex 3.13926 0.841162 0
      vertex 26.0765 24.8744 0
    endloop
  endfacet
  facet normal 0 0 -1
    outer loop
      vertex 2.6293 -1.9103 0
      vertex 25.5906 -25.0908 0
      vertex 25.5173 -25.1412 0
    endloop
  endfacet
  facet normal 0 0 -1
    outer loop
      vertex 3.09093 1.0043 0
      vertex 26.0765 24.8744 0
      vertex 3.13926 0.841162 0
    endloop
  endfacet
  facet normal 0 0 -1
    outer loop
      vertex 2.52572 -2.04529 0
      vertex 25.5173 -25.1412 0
      vertex 25.4467 -25.1954 0
    endloop
  endfacet
  facet normal -0 0 -1
    outer loop
      vertex 26.0765 24.8744 0
      vertex 3.09093 1.0043 0
      vertex 25.9912 24.8997 0
    endloop
  endfacet
  facet normal 0 0 -1
    outer loop
      vertex 2.52572 -2.04529 0
      vertex 25.4467 -25.1954 0
      vertex 25.379 -25.2532 0
    endloop
  endfacet
  facet normal 0 0 -1
    outer loop
      vertex 3.03414 1.1647 0
      vertex 25.9912 24.8997 0
      vertex 3.09093 1.0043 0
    endloop
  endfacet
  facet normal 0 0 -1
    outer loop
      vertex 2.41522 -2.17467 0
      vertex 25.379 -25.2532 0
      vertex 25.3144 -25.3144 0
    endloop
  endfacet
  facet normal -0 0 -1
    outer loop
      vertex 25.9912 24.8997 0
      vertex 3.03414 1.1647 0
      vertex 25.9073 24.9294 0
    endloop
  endfacet
  facet normal 0 0 -1
    outer loop
      vertex 2.2981 -2.2981 0
      vertex 25.3144 -25.3144 0
      vertex 25.2532 -25.379 0
    endloop
  endfacet
  facet normal 0 0 -1
    outer loop
      vertex 2.96902 1.32189 0
      vertex 25.9073 24.9294 0
      vertex 3.03414 1.1647 0
    endloop
  endfacet
  facet normal 0 0 -1
    outer loop
      vertex 2.17467 -2.41522 0
      vertex 25.2532 -25.379 0
      vertex 25.1954 -25.4467 0
    endloop
  endfacet
  facet normal -0 0 -1
    outer loop
      vertex 25.9073 24.9294 0
      vertex 2.96902 1.32189 0
      vertex 25.8251 24.9635 0
    endloop
  endfacet
  facet normal 0 0 -1
    outer loop
      vertex 2.04529 -2.52572 0
      vertex 25.1954 -25.4467 0
      vertex 25.1412 -25.5173 0
    endloop
  endfacet
  facet normal 0 0 -1
    outer loop
      vertex 2.89577 1.47547 0
      vertex 25.8251 24.9635 0
      vertex 2.96902 1.32189 0
    endloop
  endfacet
  facet normal 0 0 -1
    outer loop
      vertex 1.9103 -2.6293 0
      vertex 25.1412 -25.5173 0
      vertex 25.0908 -25.5906 0
    endloop
  endfacet
  facet normal -0 0 -1
    outer loop
      vertex 25.8251 24.9635 0
      vertex 2.89577 1.47547 0
      vertex 25.7447 25.0018 0
    endloop
  endfacet
  facet normal 0 0 -1
    outer loop
      vertex 1.77008 -2.72568 0
      vertex 25.0908 -25.5906 0
      vertex 25.0443 -25.6665 0
    endloop
  endfacet
  facet normal 0 0 -1
    outer loop
      vertex 2.81458 1.625 0
      vertex 25.7447 25.0018 0
      vertex 2.89577 1.47547 0
    endloop
  endfacet
  facet normal 0 0 -1
    outer loop
      vertex 1.625 -2.81458 0
      vertex 25.0443 -25.6665 0
      vertex 25.0018 -25.7447 0
    endloop
  endfacet
  facet normal -0 0 -1
    outer loop
      vertex 25.7447 25.0018 0
      vertex 2.81458 1.625 0
      vertex 25.6665 25.0443 0
    endloop
  endfacet
  facet normal 0 0 -1
    outer loop
      vertex 1.47547 -2.89577 0
      vertex 25.0018 -25.7447 0
      vertex 24.9635 -25.8251 0
    endloop
  endfacet
  facet normal 0 0 -1
    outer loop
      vertex 2.72568 1.77008 0
      vertex 25.6665 25.0443 0
      vertex 2.81458 1.625 0
    endloop
  endfacet
  facet normal 0 0 -1
    outer loop
      vertex 1.32189 -2.96902 0
      vertex 24.9635 -25.8251 0
      vertex 24.9294 -25.9073 0
    endloop
  endfacet
  facet normal -0 0 -1
    outer loop
      vertex 25.6665 25.0443 0
      vertex 2.72568 1.77008 0
      vertex 25.5906 25.0908 0
    endloop
  endfacet
  facet normal 0 0 -1
    outer loop
      vertex 1.1647 -3.03414 0
      vertex 24.9294 -25.9073 0
      vertex 24.8997 -25.9912 0
    endloop
  endfacet
  facet normal 0 0 -1
    outer loop
      vertex 2.6293 1.9103 0
      vertex 25.5906 25.0908 0
      vertex 2.72568 1.77008 0
    endloop
  endfacet
  facet normal 0 0 -1
    outer loop
      vertex 1.0043 -3.09093 0
      vertex 24.8997 -25.9912 0
      vertex 24.8744 -26.0765 0
    endloop
  endfacet
  facet normal -0 0 -1
    outer loop
      vertex 25.5906 25.0908 0
      vertex 2.6293 1.9103 0
      vertex 25.5173 25.1412 0
    endloop
  endfacet
  facet normal 0 0 -1
    outer loop
      vertex 0.841162 -3.13926 0
      vertex 24.8744 -26.0765 0
      vertex 24.8537 -26.1631 0
    endloop
  endfacet
  facet normal 0 0 -1
    outer loop
      vertex 2.52572 2.04529 0
      vertex 25.5173 25.1412 0
      vertex 2.6293 1.9103 0
    endloop
  endfacet
  facet normal 0 0 -1
    outer loop
      vertex 0.841162 -3.13926 0
      vertex 24.8537 -26.1631 0
      vertex 24.8374 -26.2506 0
    endloop
  endfacet
  facet normal -0 0 -1
    outer loop
      vertex 25.5173 25.1412 0
      vertex 2.52572 2.04529 0
      vertex 25.4467 25.1954 0
    endloop
  endfacet
  facet normal 0 0 -1
    outer loop
      vertex 0.675713 -3.17898 0
      vertex 24.8374 -26.2506 0
      vertex 24.8258 -26.3388 0
    endloop
  endfacet
  facet normal -0 0 -1
    outer loop
      vertex 25.4467 25.1954 0
      vertex 2.52572 2.04529 0
      vertex 25.379 25.2532 0
    endloop
  endfacet
  facet normal 0 0 -1
    outer loop
      vertex 9.31444 -43.821 0
      vertex 24.8258 -26.3388 0
      vertex 24.8188 -26.4275 0
    endloop
  endfacet
  facet normal 0 0 -1
    outer loop
      vertex 2.41522 2.17467 0
      vertex 25.379 25.2532 0
      vertex 2.52572 2.04529 0
    endloop
  endfacet
  facet normal 0 0 -1
    outer loop
      vertex 11.5951 -43.2735 0
      vertex 24.8188 -26.4275 0
      vertex 24.8165 -26.5165 0
    endloop
  endfacet
  facet normal 0 0 -1
    outer loop
      vertex 24.8374 26.2506 0
      vertex 7.00826 44.2484 0
      vertex 24.8258 26.3388 0
    endloop
  endfacet
  facet normal 0 0 -1
    outer loop
      vertex 27.8918 -25.5173 0
      vertex 36.244 -26.3328 0
      vertex 27.9422 -25.5906 0
    endloop
  endfacet
  facet normal 0 0 -1
    outer loop
      vertex 27.9422 -25.5906 0
      vertex 36.244 -26.3328 0
      vertex 27.9887 -25.6665 0
    endloop
  endfacet
  facet normal 0 0 -1
    outer loop
      vertex 36.244 -26.3328 0
      vertex 27.8918 -25.5173 0
      vertex 37.5724 -24.3998 0
    endloop
  endfacet
  facet normal 0 0 -1
    outer loop
      vertex 27.9887 -25.6665 0
      vertex 36.244 -26.3328 0
      vertex 28.0312 -25.7447 0
    endloop
  endfacet
  facet normal 0 0 -1
    outer loop
      vertex 44.8 0 0
      vertex 28.2165 26.5165 0
      vertex 44.7386 2.34465 0
    endloop
  endfacet
  facet normal 0 0 -1
    outer loop
      vertex 28.0312 -25.7447 0
      vertex 36.244 -26.3328 0
      vertex 28.0695 -25.8251 0
    endloop
  endfacet
  facet normal 0 0 -1
    outer loop
      vertex 44.7386 2.34465 0
      vertex 28.2165 26.5165 0
      vertex 44.5546 4.68287 0
    endloop
  endfacet
  facet normal 0 0 -1
    outer loop
      vertex 28.0695 -25.8251 0
      vertex 36.244 -26.3328 0
      vertex 28.1036 -25.9073 0
    endloop
  endfacet
  facet normal 0 0 -1
    outer loop
      vertex 44.5546 4.68287 0
      vertex 28.2165 26.5165 0
      vertex 44.2484 7.00826 0
    endloop
  endfacet
  facet normal 0 0 -1
    outer loop
      vertex 28.1036 -25.9073 0
      vertex 36.244 -26.3328 0
      vertex 28.1333 -25.9912 0
    endloop
  endfacet
  facet normal 0 0 -1
    outer loop
      vertex 44.2484 7.00826 0
      vertex 28.2165 26.5165 0
      vertex 43.821 9.31444 0
    endloop
  endfacet
  facet normal 0 0 -1
    outer loop
      vertex 34.8161 -28.1936 0
      vertex 28.1333 -25.9912 0
      vertex 36.244 -26.3328 0
    endloop
  endfacet
  facet normal 0 0 -1
    outer loop
      vertex 43.821 9.31444 0
      vertex 28.2165 26.5165 0
      vertex 43.2735 11.5951 0
    endloop
  endfacet
  facet normal 0 0 -1
    outer loop
      vertex 28.1333 -25.9912 0
      vertex 34.8161 -28.1936 0
      vertex 28.1586 -26.0765 0
    endloop
  endfacet
  facet normal 0 0 -1
    outer loop
      vertex 43.2735 11.5951 0
      vertex 28.2165 26.5165 0
      vertex 42.6073 13.844 0
    endloop
  endfacet
  facet normal 0 0 -1
    outer loop
      vertex 28.1586 -26.0765 0
      vertex 34.8161 -28.1936 0
      vertex 28.1794 -26.1631 0
    endloop
  endfacet
  facet normal 0 0 -1
    outer loop
      vertex 42.6073 13.844 0
      vertex 28.2165 26.5165 0
      vertex 41.8244 16.0549 0
    endloop
  endfacet
  facet normal 0 0 -1
    outer loop
      vertex 28.1794 -26.1631 0
      vertex 34.8161 -28.1936 0
      vertex 28.1956 -26.2506 0
    endloop
  endfacet
  facet normal 0 0 -1
    outer loop
      vertex 41.8244 16.0549 0
      vertex 28.2165 26.5165 0
      vertex 40.9268 18.2218 0
    endloop
  endfacet
  facet normal 0 0 -1
    outer loop
      vertex 28.1956 -26.2506 0
      vertex 34.8161 -28.1936 0
      vertex 28.2072 -26.3388 0
    endloop
  endfacet
  facet normal 0 0 -1
    outer loop
      vertex 40.9268 18.2218 0
      vertex 28.2165 26.5165 0
      vertex 39.9171 20.3388 0
    endloop
  endfacet
  facet normal 0 0 -1
    outer loop
      vertex 28.2072 -26.3388 0
      vertex 34.8161 -28.1936 0
      vertex 28.2142 -26.4275 0
    endloop
  endfacet
  facet normal 0 0 -1
    outer loop
      vertex 39.9171 20.3388 0
      vertex 28.2165 26.5165 0
      vertex 38.7979 22.4 0
    endloop
  endfacet
  facet normal 0 0 -1
    outer loop
      vertex 28.2142 -26.4275 0
      vertex 34.8161 -28.1936 0
      vertex 28.2165 -26.5165 0
    endloop
  endfacet
  facet normal 0 0 -1
    outer loop
      vertex 38.7979 22.4 0
      vertex 28.2165 26.5165 0
      vertex 37.5724 24.3998 0
    endloop
  endfacet
  facet normal 0 0 -1
    outer loop
      vertex 28.2072 -26.6942 0
      vertex 34.8161 -28.1936 0
      vertex 33.2929 -29.9771 0
    endloop
  endfacet
  facet normal 0 0 -1
    outer loop
      vertex 37.5724 24.3998 0
      vertex 28.2165 26.5165 0
      vertex 36.244 26.3328 0
    endloop
  endfacet
  facet normal 0 0 -1
    outer loop
      vertex 27.9887 -27.3665 0
      vertex 33.2929 -29.9771 0
      vertex 31.6784 -31.6784 0
    endloop
  endfacet
  facet normal 0 0 -1
    outer loop
      vertex 36.244 26.3328 0
      vertex 28.2165 26.5165 0
      vertex 34.8161 28.1936 0
    endloop
  endfacet
  facet normal 0 0 -1
    outer loop
      vertex 27.4424 -27.9422 0
      vertex 31.6784 -31.6784 0
      vertex 29.9771 -33.2929 0
    endloop
  endfacet
  facet normal 0 0 -1
    outer loop
      vertex 28.2142 26.6055 0
      vertex 34.8161 28.1936 0
      vertex 28.2165 26.5165 0
    endloop
  endfacet
  facet normal 0 0 -1
    outer loop
      vertex 28.2072 26.6942 0
      vertex 34.8161 28.1936 0
      vertex 28.2142 26.6055 0
    endloop
  endfacet
  facet normal 0 0 -1
    outer loop
      vertex 34.8161 -28.1936 0
      vertex 28.2142 -26.6055 0
      vertex 28.2165 -26.5165 0
    endloop
  endfacet
  facet normal 0 0 -1
    outer loop
      vertex 34.8161 -28.1936 0
      vertex 28.2072 -26.6942 0
      vertex 28.2142 -26.6055 0
    endloop
  endfacet
  facet normal 0 0 -1
    outer loop
      vertex 33.2929 -29.9771 0
      vertex 28.1956 -26.7824 0
      vertex 28.2072 -26.6942 0
    endloop
  endfacet
  facet normal 0 0 -1
    outer loop
      vertex 26.6942 -28.2072 0
      vertex 29.9771 -33.2929 0
      vertex 28.1936 -34.8161 0
    endloop
  endfacet
  facet normal 0 0 -1
    outer loop
      vertex 33.2929 -29.9771 0
      vertex 28.1794 -26.87 0
      vertex 28.1956 -26.7824 0
    endloop
  endfacet
  facet normal 0 0 -1
    outer loop
      vertex 33.2929 -29.9771 0
      vertex 28.1586 -26.9565 0
      vertex 28.1794 -26.87 0
    endloop
  endfacet
  facet normal 0 0 -1
    outer loop
      vertex 33.2929 -29.9771 0
      vertex 28.1333 -27.0418 0
      vertex 28.1586 -26.9565 0
    endloop
  endfacet
  facet normal 0 0 -1
    outer loop
      vertex 33.2929 -29.9771 0
      vertex 28.1036 -27.1257 0
      vertex 28.1333 -27.0418 0
    endloop
  endfacet
  facet normal 0 0 -1
    outer loop
      vertex 33.2929 -29.9771 0
      vertex 28.0695 -27.208 0
      vertex 28.1036 -27.1257 0
    endloop
  endfacet
  facet normal 0 0 -1
    outer loop
      vertex 33.2929 -29.9771 0
      vertex 28.0312 -27.2883 0
      vertex 28.0695 -27.208 0
    endloop
  endfacet
  facet normal 0 0 -1
    outer loop
      vertex 33.2929 -29.9771 0
      vertex 27.9887 -27.3665 0
      vertex 28.0312 -27.2883 0
    endloop
  endfacet
  facet normal 0 0 -1
    outer loop
      vertex 31.6784 -31.6784 0
      vertex 27.9422 -27.4424 0
      vertex 27.9887 -27.3665 0
    endloop
  endfacet
  facet normal 0 0 -1
    outer loop
      vertex 31.6784 -31.6784 0
      vertex 27.8918 -27.5157 0
      vertex 27.9422 -27.4424 0
    endloop
  endfacet
  facet normal 0 0 -1
    outer loop
      vertex 31.6784 -31.6784 0
      vertex 27.8377 -27.5863 0
      vertex 27.8918 -27.5157 0
    endloop
  endfacet
  facet normal 0 0 -1
    outer loop
      vertex 31.6784 -31.6784 0
      vertex 27.7799 -27.654 0
      vertex 27.8377 -27.5863 0
    endloop
  endfacet
  facet normal 0 0 -1
    outer loop
      vertex 31.6784 -31.6784 0
      vertex 27.7186 -27.7186 0
      vertex 27.7799 -27.654 0
    endloop
  endfacet
  facet normal 0 0 -1
    outer loop
      vertex 31.6784 -31.6784 0
      vertex 27.654 -27.7799 0
      vertex 27.7186 -27.7186 0
    endloop
  endfacet
  facet normal 0 0 -1
    outer loop
      vertex 31.6784 -31.6784 0
      vertex 27.5863 -27.8377 0
      vertex 27.654 -27.7799 0
    endloop
  endfacet
  facet normal 0 0 -1
    outer loop
      vertex 31.6784 -31.6784 0
      vertex 27.5157 -27.8918 0
      vertex 27.5863 -27.8377 0
    endloop
  endfacet
  facet normal 0 0 -1
    outer loop
      vertex 31.6784 -31.6784 0
      vertex 27.4424 -27.9422 0
      vertex 27.5157 -27.8918 0
    endloop
  endfacet
  facet normal 0 0 -1
    outer loop
      vertex 29.9771 -33.2929 0
      vertex 27.3665 -27.9887 0
      vertex 27.4424 -27.9422 0
    endloop
  endfacet
  facet normal 0 0 -1
    outer loop
      vertex 29.9771 -33.2929 0
      vertex 27.2883 -28.0312 0
      vertex 27.3665 -27.9887 0
    endloop
  endfacet
  facet normal 0 0 -1
    outer loop
      vertex 29.9771 -33.2929 0
      vertex 27.208 -28.0695 0
      vertex 27.2883 -28.0312 0
    endloop
  endfacet
  facet normal 0 0 -1
    outer loop
      vertex 29.9771 -33.2929 0
      vertex 27.1257 -28.1036 0
      vertex 27.208 -28.0695 0
    endloop
  endfacet
  facet normal 0 0 -1
    outer loop
      vertex 29.9771 -33.2929 0
      vertex 27.0418 -28.1333 0
      vertex 27.1257 -28.1036 0
    endloop
  endfacet
  facet normal 0 0 -1
    outer loop
      vertex 29.9771 -33.2929 0
      vertex 26.9565 -28.1586 0
      vertex 27.0418 -28.1333 0
    endloop
  endfacet
  facet normal 0 0 -1
    outer loop
      vertex 29.9771 -33.2929 0
      vertex 26.87 -28.1794 0
      vertex 26.9565 -28.1586 0
    endloop
  endfacet
  facet normal 0 0 -1
    outer loop
      vertex 29.9771 -33.2929 0
      vertex 26.7824 -28.1956 0
      vertex 26.87 -28.1794 0
    endloop
  endfacet
  facet normal 0 0 -1
    outer loop
      vertex 29.9771 -33.2929 0
      vertex 26.6942 -28.2072 0
      vertex 26.7824 -28.1956 0
    endloop
  endfacet
  facet normal 0 0 -1
    outer loop
      vertex 28.1936 -34.8161 0
      vertex 26.6055 -28.2142 0
      vertex 26.6942 -28.2072 0
    endloop
  endfacet
  facet normal 0 0 -1
    outer loop
      vertex 28.1936 -34.8161 0
      vertex 26.5165 -28.2165 0
      vertex 26.6055 -28.2142 0
    endloop
  endfacet
  facet normal 0 0 -1
    outer loop
      vertex 28.1936 -34.8161 0
      vertex 26.4275 -28.2142 0
      vertex 26.5165 -28.2165 0
    endloop
  endfacet
  facet normal 0 0 -1
    outer loop
      vertex 28.1936 -34.8161 0
      vertex 26.3388 -28.2072 0
      vertex 26.4275 -28.2142 0
    endloop
  endfacet
  facet normal 0 0 -1
    outer loop
      vertex 25.9912 -28.1333 0
      vertex 28.1936 -34.8161 0
      vertex 26.3328 -36.244 0
    endloop
  endfacet
  facet normal 0 0 -1
    outer loop
      vertex 28.1936 -34.8161 0
      vertex 26.2506 -28.1956 0
      vertex 26.3388 -28.2072 0
    endloop
  endfacet
  facet normal 0 0 -1
    outer loop
      vertex 28.1936 -34.8161 0
      vertex 26.1631 -28.1794 0
      vertex 26.2506 -28.1956 0
    endloop
  endfacet
  facet normal 0 0 -1
    outer loop
      vertex 28.1936 -34.8161 0
      vertex 26.0765 -28.1586 0
      vertex 26.1631 -28.1794 0
    endloop
  endfacet
  facet normal 0 0 -1
    outer loop
      vertex 28.1936 -34.8161 0
      vertex 25.9912 -28.1333 0
      vertex 26.0765 -28.1586 0
    endloop
  endfacet
  facet normal 0 0 -1
    outer loop
      vertex 26.3328 -36.244 0
      vertex 25.9073 -28.1036 0
      vertex 25.9912 -28.1333 0
    endloop
  endfacet
  facet normal 0 0 -1
    outer loop
      vertex 26.3328 -36.244 0
      vertex 25.8251 -28.0695 0
      vertex 25.9073 -28.1036 0
    endloop
  endfacet
  facet normal 0 0 -1
    outer loop
      vertex 26.3328 -36.244 0
      vertex 25.7447 -28.0312 0
      vertex 25.8251 -28.0695 0
    endloop
  endfacet
  facet normal 0 0 -1
    outer loop
      vertex 26.3328 -36.244 0
      vertex 25.6665 -27.9887 0
      vertex 25.7447 -28.0312 0
    endloop
  endfacet
  facet normal 0 0 -1
    outer loop
      vertex 26.3328 -36.244 0
      vertex 25.5906 -27.9422 0
      vertex 25.6665 -27.9887 0
    endloop
  endfacet
  facet normal 0 0 -1
    outer loop
      vertex 26.3328 -36.244 0
      vertex 25.5173 -27.8918 0
      vertex 25.5906 -27.9422 0
    endloop
  endfacet
  facet normal 0 0 -1
    outer loop
      vertex 24.3998 -37.5724 0
      vertex 25.5173 -27.8918 0
      vertex 26.3328 -36.244 0
    endloop
  endfacet
  facet normal -0 0 -1
    outer loop
      vertex 25.5173 -27.8918 0
      vertex 24.3998 -37.5724 0
      vertex 25.4467 -27.8377 0
    endloop
  endfacet
  facet normal -0 0 -1
    outer loop
      vertex 25.4467 -27.8377 0
      vertex 24.3998 -37.5724 0
      vertex 25.379 -27.7799 0
    endloop
  endfacet
  facet normal -0 0 -1
    outer loop
      vertex 25.379 -27.7799 0
      vertex 24.3998 -37.5724 0
      vertex 25.3144 -27.7186 0
    endloop
  endfacet
  facet normal -0 0 -1
    outer loop
      vertex 25.3144 -27.7186 0
      vertex 24.3998 -37.5724 0
      vertex 25.2532 -27.654 0
    endloop
  endfacet
  facet normal -0 0 -1
    outer loop
      vertex 25.2532 -27.654 0
      vertex 24.3998 -37.5724 0
      vertex 25.1954 -27.5863 0
    endloop
  endfacet
  facet normal 0 0 -1
    outer loop
      vertex 22.4 -38.7979 0
      vertex 25.1954 -27.5863 0
      vertex 24.3998 -37.5724 0
    endloop
  endfacet
  facet normal -0 0 -1
    outer loop
      vertex 25.1954 -27.5863 0
      vertex 22.4 -38.7979 0
      vertex 25.1412 -27.5157 0
    endloop
  endfacet
  facet normal -0 0 -1
    outer loop
      vertex 25.1412 -27.5157 0
      vertex 22.4 -38.7979 0
      vertex 25.0908 -27.4424 0
    endloop
  endfacet
  facet normal -0 0 -1
    outer loop
      vertex 25.0908 -27.4424 0
      vertex 22.4 -38.7979 0
      vertex 25.0443 -27.3665 0
    endloop
  endfacet
  facet normal -0 0 -1
    outer loop
      vertex 25.0443 -27.3665 0
      vertex 22.4 -38.7979 0
      vertex 25.0018 -27.2883 0
    endloop
  endfacet
  facet normal 0 0 -1
    outer loop
      vertex 20.3388 -39.9171 0
      vertex 25.0018 -27.2883 0
      vertex 22.4 -38.7979 0
    endloop
  endfacet
  facet normal -0 0 -1
    outer loop
      vertex 25.0018 -27.2883 0
      vertex 20.3388 -39.9171 0
      vertex 24.9635 -27.208 0
    endloop
  endfacet
  facet normal -0 0 -1
    outer loop
      vertex 24.9635 -27.208 0
      vertex 20.3388 -39.9171 0
      vertex 24.9294 -27.1257 0
    endloop
  endfacet
  facet normal -0 0 -1
    outer loop
      vertex 24.9294 -27.1257 0
      vertex 20.3388 -39.9171 0
      vertex 24.8997 -27.0418 0
    endloop
  endfacet
  facet normal -0 0 -1
    outer loop
      vertex 24.8537 -26.87 0
      vertex 16.0549 -41.8244 0
      vertex 24.8374 -26.7824 0
    endloop
  endfacet
  facet normal 0 0 -1
    outer loop
      vertex 16.0549 -41.8244 0
      vertex 24.8537 -26.87 0
      vertex 18.2218 -40.9268 0
    endloop
  endfacet
  facet normal -0 0 -1
    outer loop
      vertex 24.8744 -26.9565 0
      vertex 18.2218 -40.9268 0
      vertex 24.8537 -26.87 0
    endloop
  endfacet
  facet normal -0 0 -1
    outer loop
      vertex 24.8997 -27.0418 0
      vertex 18.2218 -40.9268 0
      vertex 24.8744 -26.9565 0
    endloop
  endfacet
  facet normal 0 0 -1
    outer loop
      vertex 18.2218 -40.9268 0
      vertex 24.8997 -27.0418 0
      vertex 20.3388 -39.9171 0
    endloop
  endfacet
  facet normal -0 0 -1
    outer loop
      vertex 34.8161 28.1936 0
      vertex 28.2072 26.6942 0
      vertex 33.2929 29.9771 0
    endloop
  endfacet
  facet normal 0 0 -1
    outer loop
      vertex 28.1956 26.7824 0
      vertex 33.2929 29.9771 0
      vertex 28.2072 26.6942 0
    endloop
  endfacet
  facet normal 0 0 -1
    outer loop
      vertex 28.1794 26.87 0
      vertex 33.2929 29.9771 0
      vertex 28.1956 26.7824 0
    endloop
  endfacet
  facet normal 0 0 -1
    outer loop
      vertex 28.1586 26.9565 0
      vertex 33.2929 29.9771 0
      vertex 28.1794 26.87 0
    endloop
  endfacet
  facet normal 0 0 -1
    outer loop
      vertex 28.1333 27.0418 0
      vertex 33.2929 29.9771 0
      vertex 28.1586 26.9565 0
    endloop
  endfacet
  facet normal 0 0 -1
    outer loop
      vertex 28.1036 27.1257 0
      vertex 33.2929 29.9771 0
      vertex 28.1333 27.0418 0
    endloop
  endfacet
  facet normal 0 0 -1
    outer loop
      vertex 28.0695 27.208 0
      vertex 33.2929 29.9771 0
      vertex 28.1036 27.1257 0
    endloop
  endfacet
  facet normal 0 0 -1
    outer loop
      vertex 28.0312 27.2883 0
      vertex 33.2929 29.9771 0
      vertex 28.0695 27.208 0
    endloop
  endfacet
  facet normal 0 0 -1
    outer loop
      vertex 27.9887 27.3665 0
      vertex 33.2929 29.9771 0
      vertex 28.0312 27.2883 0
    endloop
  endfacet
  facet normal -0 0 -1
    outer loop
      vertex 33.2929 29.9771 0
      vertex 27.9887 27.3665 0
      vertex 31.6784 31.6784 0
    endloop
  endfacet
  facet normal 0 0 -1
    outer loop
      vertex 27.9422 27.4424 0
      vertex 31.6784 31.6784 0
      vertex 27.9887 27.3665 0
    endloop
  endfacet
  facet normal 0 0 -1
    outer loop
      vertex 27.8918 27.5157 0
      vertex 31.6784 31.6784 0
      vertex 27.9422 27.4424 0
    endloop
  endfacet
  facet normal 0 0 -1
    outer loop
      vertex 27.8377 27.5863 0
      vertex 31.6784 31.6784 0
      vertex 27.8918 27.5157 0
    endloop
  endfacet
  facet normal 0 0 -1
    outer loop
      vertex 27.7799 27.654 0
      vertex 31.6784 31.6784 0
      vertex 27.8377 27.5863 0
    endloop
  endfacet
  facet normal 0 0 -1
    outer loop
      vertex 27.7186 27.7186 0
      vertex 31.6784 31.6784 0
      vertex 27.7799 27.654 0
    endloop
  endfacet
  facet normal 0 0 -1
    outer loop
      vertex 27.654 27.7799 0
      vertex 31.6784 31.6784 0
      vertex 27.7186 27.7186 0
    endloop
  endfacet
  facet normal 0 0 -1
    outer loop
      vertex 27.5863 27.8377 0
      vertex 31.6784 31.6784 0
      vertex 27.654 27.7799 0
    endloop
  endfacet
  facet normal 0 0 -1
    outer loop
      vertex 27.5157 27.8918 0
      vertex 31.6784 31.6784 0
      vertex 27.5863 27.8377 0
    endloop
  endfacet
  facet normal 0 0 -1
    outer loop
      vertex 27.4424 27.9422 0
      vertex 31.6784 31.6784 0
      vertex 27.5157 27.8918 0
    endloop
  endfacet
  facet normal -0 0 -1
    outer loop
      vertex 31.6784 31.6784 0
      vertex 27.4424 27.9422 0
      vertex 29.9771 33.2929 0
    endloop
  endfacet
  facet normal 0 0 -1
    outer loop
      vertex 27.3665 27.9887 0
      vertex 29.9771 33.2929 0
      vertex 27.4424 27.9422 0
    endloop
  endfacet
  facet normal 0 0 -1
    outer loop
      vertex 27.2883 28.0312 0
      vertex 29.9771 33.2929 0
      vertex 27.3665 27.9887 0
    endloop
  endfacet
  facet normal 0 0 -1
    outer loop
      vertex 27.208 28.0695 0
      vertex 29.9771 33.2929 0
      vertex 27.2883 28.0312 0
    endloop
  endfacet
  facet normal 0 0 -1
    outer loop
      vertex 27.1257 28.1036 0
      vertex 29.9771 33.2929 0
      vertex 27.208 28.0695 0
    endloop
  endfacet
  facet normal 0 0 -1
    outer loop
      vertex 27.0418 28.1333 0
      vertex 29.9771 33.2929 0
      vertex 27.1257 28.1036 0
    endloop
  endfacet
  facet normal 0 0 -1
    outer loop
      vertex 26.9565 28.1586 0
      vertex 29.9771 33.2929 0
      vertex 27.0418 28.1333 0
    endloop
  endfacet
  facet normal 0 0 -1
    outer loop
      vertex 26.87 28.1794 0
      vertex 29.9771 33.2929 0
      vertex 26.9565 28.1586 0
    endloop
  endfacet
  facet normal 0 0 -1
    outer loop
      vertex 26.7824 28.1956 0
      vertex 29.9771 33.2929 0
      vertex 26.87 28.1794 0
    endloop
  endfacet
  facet normal 0 0 -1
    outer loop
      vertex 26.6942 28.2072 0
      vertex 29.9771 33.2929 0
      vertex 26.7824 28.1956 0
    endloop
  endfacet
  facet normal -0 0 -1
    outer loop
      vertex 29.9771 33.2929 0
      vertex 26.6942 28.2072 0
      vertex 28.1936 34.8161 0
    endloop
  endfacet
  facet normal 0 0 -1
    outer loop
      vertex 26.6055 28.2142 0
      vertex 28.1936 34.8161 0
      vertex 26.6942 28.2072 0
    endloop
  endfacet
  facet normal 0 0 -1
    outer loop
      vertex 26.5165 28.2165 0
      vertex 28.1936 34.8161 0
      vertex 26.6055 28.2142 0
    endloop
  endfacet
  facet normal 0 0 -1
    outer loop
      vertex 26.4275 28.2142 0
      vertex 28.1936 34.8161 0
      vertex 26.5165 28.2165 0
    endloop
  endfacet
  facet normal 0 0 -1
    outer loop
      vertex 26.3388 28.2072 0
      vertex 28.1936 34.8161 0
      vertex 26.4275 28.2142 0
    endloop
  endfacet
  facet normal 0 0 -1
    outer loop
      vertex 26.2506 28.1956 0
      vertex 28.1936 34.8161 0
      vertex 26.3388 28.2072 0
    endloop
  endfacet
  facet normal 0 0 -1
    outer loop
      vertex 26.1631 28.1794 0
      vertex 28.1936 34.8161 0
      vertex 26.2506 28.1956 0
    endloop
  endfacet
  facet normal 0 0 -1
    outer loop
      vertex 26.0765 28.1586 0
      vertex 28.1936 34.8161 0
      vertex 26.1631 28.1794 0
    endloop
  endfacet
  facet normal 0 0 -1
    outer loop
      vertex 25.9912 28.1333 0
      vertex 28.1936 34.8161 0
      vertex 26.0765 28.1586 0
    endloop
  endfacet
  facet normal -0 0 -1
    outer loop
      vertex 28.1936 34.8161 0
      vertex 25.9912 28.1333 0
      vertex 26.3328 36.244 0
    endloop
  endfacet
  facet normal 0 0 -1
    outer loop
      vertex 25.9073 28.1036 0
      vertex 26.3328 36.244 0
      vertex 25.9912 28.1333 0
    endloop
  endfacet
  facet normal 0 0 -1
    outer loop
      vertex 25.8251 28.0695 0
      vertex 26.3328 36.244 0
      vertex 25.9073 28.1036 0
    endloop
  endfacet
  facet normal 0 0 -1
    outer loop
      vertex 25.7447 28.0312 0
      vertex 26.3328 36.244 0
      vertex 25.8251 28.0695 0
    endloop
  endfacet
  facet normal 0 0 -1
    outer loop
      vertex 25.6665 27.9887 0
      vertex 26.3328 36.244 0
      vertex 25.7447 28.0312 0
    endloop
  endfacet
  facet normal 0 0 -1
    outer loop
      vertex 25.5906 27.9422 0
      vertex 26.3328 36.244 0
      vertex 25.6665 27.9887 0
    endloop
  endfacet
  facet normal 0 0 -1
    outer loop
      vertex 25.5173 27.8918 0
      vertex 26.3328 36.244 0
      vertex 25.5906 27.9422 0
    endloop
  endfacet
  facet normal 0 0 -1
    outer loop
      vertex 24.3998 37.5724 0
      vertex 25.5173 27.8918 0
      vertex 25.4467 27.8377 0
    endloop
  endfacet
  facet normal 0 0 -1
    outer loop
      vertex 24.3998 37.5724 0
      vertex 25.4467 27.8377 0
      vertex 25.379 27.7799 0
    endloop
  endfacet
  facet normal 0 0 -1
    outer loop
      vertex 24.3998 37.5724 0
      vertex 25.379 27.7799 0
      vertex 25.3144 27.7186 0
    endloop
  endfacet
  facet normal 0 0 -1
    outer loop
      vertex 24.3998 37.5724 0
      vertex 25.3144 27.7186 0
      vertex 25.2532 27.654 0
    endloop
  endfacet
  facet normal 0 0 -1
    outer loop
      vertex 24.3998 37.5724 0
      vertex 25.2532 27.654 0
      vertex 25.1954 27.5863 0
    endloop
  endfacet
  facet normal 0 0 -1
    outer loop
      vertex 22.4 38.7979 0
      vertex 25.1954 27.5863 0
      vertex 25.1412 27.5157 0
    endloop
  endfacet
  facet normal 0 0 -1
    outer loop
      vertex 22.4 38.7979 0
      vertex 25.1412 27.5157 0
      vertex 25.0908 27.4424 0
    endloop
  endfacet
  facet normal 0 0 -1
    outer loop
      vertex 22.4 38.7979 0
      vertex 25.0908 27.4424 0
      vertex 25.0443 27.3665 0
    endloop
  endfacet
  facet normal 0 0 -1
    outer loop
      vertex 22.4 38.7979 0
      vertex 25.0443 27.3665 0
      vertex 25.0018 27.2883 0
    endloop
  endfacet
  facet normal 0 0 -1
    outer loop
      vertex 20.3388 39.9171 0
      vertex 25.0018 27.2883 0
      vertex 24.9635 27.208 0
    endloop
  endfacet
  facet normal 0 0 -1
    outer loop
      vertex 20.3388 39.9171 0
      vertex 24.9635 27.208 0
      vertex 24.9294 27.1257 0
    endloop
  endfacet
  facet normal 0 0 -1
    outer loop
      vertex 20.3388 39.9171 0
      vertex 24.9294 27.1257 0
      vertex 24.8997 27.0418 0
    endloop
  endfacet
  facet normal 0 0 -1
    outer loop
      vertex 18.2218 40.9268 0
      vertex 24.8997 27.0418 0
      vertex 24.8744 26.9565 0
    endloop
  endfacet
  facet normal 0 0 -1
    outer loop
      vertex 18.2218 40.9268 0
      vertex 24.8744 26.9565 0
      vertex 24.8537 26.87 0
    endloop
  endfacet
  facet normal 0 0 -1
    outer loop
      vertex 16.0549 41.8244 0
      vertex 24.8537 26.87 0
      vertex 24.8374 26.7824 0
    endloop
  endfacet
  facet normal 0 0 -1
    outer loop
      vertex 25.5173 27.8918 0
      vertex 24.3998 37.5724 0
      vertex 26.3328 36.244 0
    endloop
  endfacet
  facet normal 0 0 -1
    outer loop
      vertex 16.0549 41.8244 0
      vertex 24.8374 26.7824 0
      vertex 24.8258 26.6942 0
    endloop
  endfacet
  facet normal 0 0 -1
    outer loop
      vertex 13.844 42.6073 0
      vertex 24.8258 26.6942 0
      vertex 24.8188 26.6055 0
    endloop
  endfacet
  facet normal 0 0 -1
    outer loop
      vertex 13.844 42.6073 0
      vertex 24.8188 26.6055 0
      vertex 24.8165 26.5165 0
    endloop
  endfacet
  facet normal 0 -0 -1
    outer loop
      vertex 3.24555 -0.170092 0
      vertex 44.7386 -2.34465 0
      vertex 3.2322 -0.339717 0
    endloop
  endfacet
  facet normal -0 0 -1
    outer loop
      vertex 24.8374 -26.7824 0
      vertex 16.0549 -41.8244 0
      vertex 24.8258 -26.6942 0
    endloop
  endfacet
  facet normal 0 0 -1
    outer loop
      vertex 24.8258 26.3388 0
      vertex 9.31444 43.821 0
      vertex 24.8188 26.4275 0
    endloop
  endfacet
  facet normal 0 0 -1
    outer loop
      vertex 13.844 -42.6073 0
      vertex 24.8258 -26.6942 0
      vertex 16.0549 -41.8244 0
    endloop
  endfacet
  facet normal 0 0 -1
    outer loop
      vertex 25.1954 27.5863 0
      vertex 22.4 38.7979 0
      vertex 24.3998 37.5724 0
    endloop
  endfacet
  facet normal -0 0 -1
    outer loop
      vertex 24.8258 -26.6942 0
      vertex 13.844 -42.6073 0
      vertex 24.8188 -26.6055 0
    endloop
  endfacet
  facet normal 0 0 -1
    outer loop
      vertex 25.0018 27.2883 0
      vertex 20.3388 39.9171 0
      vertex 22.4 38.7979 0
    endloop
  endfacet
  facet normal -0 0 -1
    outer loop
      vertex 24.8188 -26.6055 0
      vertex 13.844 -42.6073 0
      vertex 24.8165 -26.5165 0
    endloop
  endfacet
  facet normal 0 0 -1
    outer loop
      vertex 24.8997 27.0418 0
      vertex 18.2218 40.9268 0
      vertex 20.3388 39.9171 0
    endloop
  endfacet
  facet normal 0 0 -1
    outer loop
      vertex 11.5951 -43.2735 0
      vertex 24.8165 -26.5165 0
      vertex 13.844 -42.6073 0
    endloop
  endfacet
  facet normal 0 0 -1
    outer loop
      vertex 24.8537 26.87 0
      vertex 16.0549 41.8244 0
      vertex 18.2218 40.9268 0
    endloop
  endfacet
  facet normal 0 0 -1
    outer loop
      vertex 24.8188 -26.4275 0
      vertex 11.5951 -43.2735 0
      vertex 9.31444 -43.821 0
    endloop
  endfacet
  facet normal 0 0 -1
    outer loop
      vertex 24.8258 26.6942 0
      vertex 13.844 42.6073 0
      vertex 16.0549 41.8244 0
    endloop
  endfacet
  facet normal -0 0 -1
    outer loop
      vertex 24.8258 -26.3388 0
      vertex 9.31444 -43.821 0
      vertex 0.675713 -3.17898 0
    endloop
  endfacet
  facet normal 0 0 -1
    outer loop
      vertex 24.8165 26.5165 0
      vertex 11.5951 43.2735 0
      vertex 13.844 42.6073 0
    endloop
  endfacet
  facet normal 0 0 -1
    outer loop
      vertex 0.675713 -3.17898 0
      vertex 9.31444 -43.821 0
      vertex 7.00826 -44.2484 0
    endloop
  endfacet
  facet normal 0 0 -1
    outer loop
      vertex 24.8188 26.4275 0
      vertex 11.5951 43.2735 0
      vertex 24.8165 26.5165 0
    endloop
  endfacet
  facet normal 0 0 -1
    outer loop
      vertex 0.508411 -3.20999 0
      vertex 7.00826 -44.2484 0
      vertex 4.68287 -44.5546 0
    endloop
  endfacet
  facet normal -0 -0 -1
    outer loop
      vertex 11.5951 43.2735 0
      vertex 24.8188 26.4275 0
      vertex 9.31444 43.821 0
    endloop
  endfacet
  facet normal -0 0 -1
    outer loop
      vertex 25.379 25.2532 0
      vertex 2.41522 2.17467 0
      vertex 25.3144 25.3144 0
    endloop
  endfacet
  facet normal -0 -0 -1
    outer loop
      vertex 9.31444 43.821 0
      vertex 24.8258 26.3388 0
      vertex 7.00826 44.2484 0
    endloop
  endfacet
  facet normal -0 0 -1
    outer loop
      vertex 44.8 0 0
      vertex 3.24555 -0.170092 0
      vertex 3.25 0 0
    endloop
  endfacet
  facet normal 0 0 -1
    outer loop
      vertex 44.7386 -2.34465 0
      vertex 3.24555 -0.170092 0
      vertex 44.8 0 0
    endloop
  endfacet
  facet normal 0 0 -1
    outer loop
      vertex 26.2506 -24.8374 0
      vertex 3.17898 -0.675713 0
      vertex 3.20999 -0.508411 0
    endloop
  endfacet
  facet normal 0 0 -1
    outer loop
      vertex 26.1631 -24.8537 0
      vertex 3.13926 -0.841162 0
      vertex 3.17898 -0.675713 0
    endloop
  endfacet
  facet normal 0 0 -1
    outer loop
      vertex 26.0765 -24.8744 0
      vertex 3.09093 -1.0043 0
      vertex 3.13926 -0.841162 0
    endloop
  endfacet
  facet normal 0 0 -1
    outer loop
      vertex 25.9912 -24.8997 0
      vertex 3.03414 -1.1647 0
      vertex 3.09093 -1.0043 0
    endloop
  endfacet
  facet normal 0 0 -1
    outer loop
      vertex 25.9073 -24.9294 0
      vertex 2.96902 -1.32189 0
      vertex 3.03414 -1.1647 0
    endloop
  endfacet
  facet normal 0 0 -1
    outer loop
      vertex 25.8251 -24.9635 0
      vertex 2.89577 -1.47547 0
      vertex 2.96902 -1.32189 0
    endloop
  endfacet
  facet normal 0 0 -1
    outer loop
      vertex 25.7447 -25.0018 0
      vertex 2.81458 -1.625 0
      vertex 2.89577 -1.47547 0
    endloop
  endfacet
  facet normal 0 0 -1
    outer loop
      vertex 25.6665 -25.0443 0
      vertex 2.72568 -1.77008 0
      vertex 2.81458 -1.625 0
    endloop
  endfacet
  facet normal 0 0 -1
    outer loop
      vertex 25.5906 -25.0908 0
      vertex 2.6293 -1.9103 0
      vertex 2.72568 -1.77008 0
    endloop
  endfacet
  facet normal 0 0 -1
    outer loop
      vertex 25.5173 -25.1412 0
      vertex 2.52572 -2.04529 0
      vertex 2.6293 -1.9103 0
    endloop
  endfacet
  facet normal 0 0 -1
    outer loop
      vertex 25.379 -25.2532 0
      vertex 2.41522 -2.17467 0
      vertex 2.52572 -2.04529 0
    endloop
  endfacet
  facet normal 0 0 -1
    outer loop
      vertex 0.339717 -3.2322 0
      vertex 4.68287 -44.5546 0
      vertex 2.34465 -44.7386 0
    endloop
  endfacet
  facet normal 0 0 -1
    outer loop
      vertex 25.3144 -25.3144 0
      vertex 2.2981 -2.2981 0
      vertex 2.41522 -2.17467 0
    endloop
  endfacet
  facet normal 0 0 -1
    outer loop
      vertex 25.2532 -25.379 0
      vertex 2.17467 -2.41522 0
      vertex 2.2981 -2.2981 0
    endloop
  endfacet
  facet normal 0 0 -1
    outer loop
      vertex 25.1954 -25.4467 0
      vertex 2.04529 -2.52572 0
      vertex 2.17467 -2.41522 0
    endloop
  endfacet
  facet normal 0 0 -1
    outer loop
      vertex 25.1412 -25.5173 0
      vertex 1.9103 -2.6293 0
      vertex 2.04529 -2.52572 0
    endloop
  endfacet
  facet normal 0 0 -1
    outer loop
      vertex 25.0908 -25.5906 0
      vertex 1.77008 -2.72568 0
      vertex 1.9103 -2.6293 0
    endloop
  endfacet
  facet normal 0 0 -1
    outer loop
      vertex 25.0443 -25.6665 0
      vertex 1.625 -2.81458 0
      vertex 1.77008 -2.72568 0
    endloop
  endfacet
  facet normal 0 0 -1
    outer loop
      vertex 25.0018 -25.7447 0
      vertex 1.47547 -2.89577 0
      vertex 1.625 -2.81458 0
    endloop
  endfacet
  facet normal 0 0 -1
    outer loop
      vertex 24.9635 -25.8251 0
      vertex 1.32189 -2.96902 0
      vertex 1.47547 -2.89577 0
    endloop
  endfacet
  facet normal 0 0 -1
    outer loop
      vertex 24.9294 -25.9073 0
      vertex 1.1647 -3.03414 0
      vertex 1.32189 -2.96902 0
    endloop
  endfacet
  facet normal 0 0 -1
    outer loop
      vertex 24.8997 -25.9912 0
      vertex 1.0043 -3.09093 0
      vertex 1.1647 -3.03414 0
    endloop
  endfacet
  facet normal 0 0 -1
    outer loop
      vertex 24.8744 -26.0765 0
      vertex 0.841162 -3.13926 0
      vertex 1.0043 -3.09093 0
    endloop
  endfacet
  facet normal 0 0 -1
    outer loop
      vertex 24.8374 -26.2506 0
      vertex 0.675713 -3.17898 0
      vertex 0.841162 -3.13926 0
    endloop
  endfacet
  facet normal 0 0 -1
    outer loop
      vertex 7.00826 -44.2484 0
      vertex 0.508411 -3.20999 0
      vertex 0.675713 -3.17898 0
    endloop
  endfacet
  facet normal 0 0 -1
    outer loop
      vertex 4.68287 -44.5546 0
      vertex 0.339717 -3.2322 0
      vertex 0.508411 -3.20999 0
    endloop
  endfacet
  facet normal 0 0 -1
    outer loop
      vertex 2.34465 -44.7386 0
      vertex 0.170092 -3.24555 0
      vertex 0.339717 -3.2322 0
    endloop
  endfacet
  facet normal 0 0 -1
    outer loop
      vertex 0 -44.8 0
      vertex 0.170092 -3.24555 0
      vertex 2.34465 -44.7386 0
    endloop
  endfacet
  facet normal 0 0 -1
    outer loop
      vertex 0 -44.8 0
      vertex 0 -3.25 0
      vertex 0.170092 -3.24555 0
    endloop
  endfacet
  facet normal 0 0 -1
    outer loop
      vertex 0 -44.8 0
      vertex -0.170092 -3.24555 0
      vertex 0 -3.25 0
    endloop
  endfacet
  facet normal 0 0 -1
    outer loop
      vertex -2.34465 -44.7386 0
      vertex -0.170092 -3.24555 0
      vertex 0 -44.8 0
    endloop
  endfacet
  facet normal -0 0 -1
    outer loop
      vertex -0.170092 -3.24555 0
      vertex -2.34465 -44.7386 0
      vertex -0.339717 -3.2322 0
    endloop
  endfacet
  facet normal 0 0 -1
    outer loop
      vertex -4.68287 -44.5546 0
      vertex -0.339717 -3.2322 0
      vertex -2.34465 -44.7386 0
    endloop
  endfacet
  facet normal -0 0 -1
    outer loop
      vertex -0.339717 -3.2322 0
      vertex -4.68287 -44.5546 0
      vertex -0.508411 -3.20999 0
    endloop
  endfacet
  facet normal 0 0 -1
    outer loop
      vertex -9.31444 -43.821 0
      vertex -24.8258 -26.3388 0
      vertex -7.00826 -44.2484 0
    endloop
  endfacet
  facet normal 0 0 -1
    outer loop
      vertex -7.00826 -44.2484 0
      vertex -0.508411 -3.20999 0
      vertex -4.68287 -44.5546 0
    endloop
  endfacet
  facet normal 0 0 -1
    outer loop
      vertex -7.00826 -44.2484 0
      vertex -24.8258 -26.3388 0
      vertex -0.508411 -3.20999 0
    endloop
  endfacet
  facet normal -0 0 -1
    outer loop
      vertex -0.508411 -3.20999 0
      vertex -24.8258 -26.3388 0
      vertex -0.675713 -3.17898 0
    endloop
  endfacet
  facet normal 0 0 -1
    outer loop
      vertex -24.8374 -26.2506 0
      vertex -0.675713 -3.17898 0
      vertex -24.8258 -26.3388 0
    endloop
  endfacet
  facet normal -0 0 -1
    outer loop
      vertex -0.675713 -3.17898 0
      vertex -24.8374 -26.2506 0
      vertex -0.841162 -3.13926 0
    endloop
  endfacet
  facet normal 0 0 -1
    outer loop
      vertex -24.8537 -26.1631 0
      vertex -0.841162 -3.13926 0
      vertex -24.8374 -26.2506 0
    endloop
  endfacet
  facet normal 0 0 -1
    outer loop
      vertex -24.8744 -26.0765 0
      vertex -0.841162 -3.13926 0
      vertex -24.8537 -26.1631 0
    endloop
  endfacet
  facet normal -0 0 -1
    outer loop
      vertex -0.841162 -3.13926 0
      vertex -24.8744 -26.0765 0
      vertex -1.0043 -3.09093 0
    endloop
  endfacet
  facet normal 0 0 -1
    outer loop
      vertex -24.8997 -25.9912 0
      vertex -1.0043 -3.09093 0
      vertex -24.8744 -26.0765 0
    endloop
  endfacet
  facet normal -0 0 -1
    outer loop
      vertex -1.0043 -3.09093 0
      vertex -24.8997 -25.9912 0
      vertex -1.1647 -3.03414 0
    endloop
  endfacet
  facet normal 0 0 -1
    outer loop
      vertex -24.9294 -25.9073 0
      vertex -1.1647 -3.03414 0
      vertex -24.8997 -25.9912 0
    endloop
  endfacet
  facet normal -0 0 -1
    outer loop
      vertex -1.1647 -3.03414 0
      vertex -24.9294 -25.9073 0
      vertex -1.32189 -2.96902 0
    endloop
  endfacet
  facet normal 0 0 -1
    outer loop
      vertex -24.9635 -25.8251 0
      vertex -1.32189 -2.96902 0
      vertex -24.9294 -25.9073 0
    endloop
  endfacet
  facet normal -0 0 -1
    outer loop
      vertex -1.32189 -2.96902 0
      vertex -24.9635 -25.8251 0
      vertex -1.47547 -2.89577 0
    endloop
  endfacet
  facet normal 0 0 -1
    outer loop
      vertex -25.0018 -25.7447 0
      vertex -1.47547 -2.89577 0
      vertex -24.9635 -25.8251 0
    endloop
  endfacet
  facet normal -0 0 -1
    outer loop
      vertex -1.47547 -2.89577 0
      vertex -25.0018 -25.7447 0
      vertex -1.625 -2.81458 0
    endloop
  endfacet
  facet normal 0 0 -1
    outer loop
      vertex -25.0443 -25.6665 0
      vertex -1.625 -2.81458 0
      vertex -25.0018 -25.7447 0
    endloop
  endfacet
  facet normal -0 0 -1
    outer loop
      vertex -1.625 -2.81458 0
      vertex -25.0443 -25.6665 0
      vertex -1.77008 -2.72568 0
    endloop
  endfacet
  facet normal 0 0 -1
    outer loop
      vertex -25.0908 -25.5906 0
      vertex -1.77008 -2.72568 0
      vertex -25.0443 -25.6665 0
    endloop
  endfacet
  facet normal -0 0 -1
    outer loop
      vertex -1.77008 -2.72568 0
      vertex -25.0908 -25.5906 0
      vertex -1.9103 -2.6293 0
    endloop
  endfacet
  facet normal 0 0 -1
    outer loop
      vertex -25.1412 -25.5173 0
      vertex -1.9103 -2.6293 0
      vertex -25.0908 -25.5906 0
    endloop
  endfacet
  facet normal -0 0 -1
    outer loop
      vertex -1.9103 -2.6293 0
      vertex -25.1412 -25.5173 0
      vertex -2.04529 -2.52572 0
    endloop
  endfacet
  facet normal 0 0 -1
    outer loop
      vertex -25.1954 -25.4467 0
      vertex -2.04529 -2.52572 0
      vertex -25.1412 -25.5173 0
    endloop
  endfacet
  facet normal -0 0 -1
    outer loop
      vertex -2.04529 -2.52572 0
      vertex -25.1954 -25.4467 0
      vertex -2.17467 -2.41522 0
    endloop
  endfacet
  facet normal 0 0 -1
    outer loop
      vertex -25.2532 -25.379 0
      vertex -2.17467 -2.41522 0
      vertex -25.1954 -25.4467 0
    endloop
  endfacet
  facet normal -0 0 -1
    outer loop
      vertex -2.17467 -2.41522 0
      vertex -25.2532 -25.379 0
      vertex -2.2981 -2.2981 0
    endloop
  endfacet
  facet normal -0.649435 -0.760417 0
    outer loop
      vertex -29.9771 -33.2929 0
      vertex -28.1936 -34.8161 5
      vertex -29.9771 -33.2929 5
    endloop
  endfacet
  facet normal -0.649435 -0.760417 -0
    outer loop
      vertex -28.1936 -34.8161 5
      vertex -29.9771 -33.2929 0
      vertex -28.1936 -34.8161 0
    endloop
  endfacet
  facet normal -0.477178 0.878806 0
    outer loop
      vertex -20.3388 39.9171 0
      vertex -22.4 38.7979 5
      vertex -20.3388 39.9171 5
    endloop
  endfacet
  facet normal -0.477178 0.878806 0
    outer loop
      vertex -22.4 38.7979 5
      vertex -20.3388 39.9171 0
      vertex -22.4 38.7979 0
    endloop
  endfacet
  facet normal 0.522505 -0.852636 0
    outer loop
      vertex 22.4 -38.7979 0
      vertex 24.3998 -37.5724 5
      vertex 22.4 -38.7979 5
    endloop
  endfacet
  facet normal 0.522505 -0.852636 0
    outer loop
      vertex 24.3998 -37.5724 5
      vertex 22.4 -38.7979 0
      vertex 24.3998 -37.5724 0
    endloop
  endfacet
  facet normal 0.649435 -0.760417 0
    outer loop
      vertex 28.1936 -34.8161 0
      vertex 29.9771 -33.2929 5
      vertex 28.1936 -34.8161 5
    endloop
  endfacet
  facet normal 0.649435 -0.760417 0
    outer loop
      vertex 29.9771 -33.2929 5
      vertex 28.1936 -34.8161 0
      vertex 29.9771 -33.2929 0
    endloop
  endfacet
  facet normal 0.182225 0.983257 -0
    outer loop
      vertex 9.31444 43.821 0
      vertex 7.00826 44.2484 5
      vertex 9.31444 43.821 5
    endloop
  endfacet
  facet normal 0.182225 0.983257 0
    outer loop
      vertex 7.00826 44.2484 5
      vertex 9.31444 43.821 0
      vertex 7.00826 44.2484 0
    endloop
  endfacet
  facet normal -0.430491 -0.902595 0
    outer loop
      vertex -20.3388 -39.9171 0
      vertex -18.2218 -40.9268 5
      vertex -20.3388 -39.9171 5
    endloop
  endfacet
  facet normal -0.430491 -0.902595 -0
    outer loop
      vertex -18.2218 -40.9268 5
      vertex -20.3388 -39.9171 0
      vertex -18.2218 -40.9268 0
    endloop
  endfacet
  facet normal -0.902595 0.430491 0
    outer loop
      vertex -40.9268 18.2218 0
      vertex -39.9171 20.3388 5
      vertex -39.9171 20.3388 0
    endloop
  endfacet
  facet normal -0.902595 0.430491 0
    outer loop
      vertex -39.9171 20.3388 5
      vertex -40.9268 18.2218 0
      vertex -40.9268 18.2218 5
    endloop
  endfacet
  facet normal -0.0261783 -0.999657 0
    outer loop
      vertex -2.34465 -44.7386 0
      vertex 0 -44.8 5
      vertex -2.34465 -44.7386 5
    endloop
  endfacet
  facet normal -0.0261783 -0.999657 -0
    outer loop
      vertex 0 -44.8 5
      vertex -2.34465 -44.7386 0
      vertex 0 -44.8 0
    endloop
  endfacet
  facet normal -0.430491 0.902595 0
    outer loop
      vertex -18.2218 40.9268 0
      vertex -20.3388 39.9171 5
      vertex -18.2218 40.9268 5
    endloop
  endfacet
  facet normal -0.430491 0.902595 0
    outer loop
      vertex -20.3388 39.9171 5
      vertex -18.2218 40.9268 0
      vertex -20.3388 39.9171 0
    endloop
  endfacet
  facet normal -0.23343 -0.972374 0
    outer loop
      vertex -11.5951 -43.2735 0
      vertex -9.31444 -43.821 5
      vertex -11.5951 -43.2735 5
    endloop
  endfacet
  facet normal -0.23343 -0.972374 -0
    outer loop
      vertex -9.31444 -43.821 5
      vertex -11.5951 -43.2735 0
      vertex -9.31444 -43.821 0
    endloop
  endfacet
  facet normal -0.852636 -0.522505 0
    outer loop
      vertex -37.5724 -24.3998 0
      vertex -38.7979 -22.4 5
      vertex -38.7979 -22.4 0
    endloop
  endfacet
  facet normal -0.852636 -0.522505 0
    outer loop
      vertex -38.7979 -22.4 5
      vertex -37.5724 -24.3998 0
      vertex -37.5724 -24.3998 5
    endloop
  endfacet
  facet normal 0 0 1
    outer loop
      vertex -4 40.5 5
      vertex -23.271 26.6866 5
      vertex -23.2665 26.5165 5
    endloop
  endfacet
  facet normal 0 0 1
    outer loop
      vertex -20.3388 39.9171 5
      vertex -23.2843 26.8562 5
      vertex -23.271 26.6866 5
    endloop
  endfacet
  facet normal 0 0 1
    outer loop
      vertex -20.3388 39.9171 5
      vertex -23.3065 27.0249 5
      vertex -23.2843 26.8562 5
    endloop
  endfacet
  facet normal 0 0 1
    outer loop
      vertex -20.3388 39.9171 5
      vertex -23.3375 27.1922 5
      vertex -23.3065 27.0249 5
    endloop
  endfacet
  facet normal 0 0 1
    outer loop
      vertex -20.3388 39.9171 5
      vertex -23.3772 27.3577 5
      vertex -23.3375 27.1922 5
    endloop
  endfacet
  facet normal 0 0 1
    outer loop
      vertex -20.3388 39.9171 5
      vertex -23.4256 27.5208 5
      vertex -23.3772 27.3577 5
    endloop
  endfacet
  facet normal 0 0 1
    outer loop
      vertex -20.3388 39.9171 5
      vertex -23.4824 27.6812 5
      vertex -23.4256 27.5208 5
    endloop
  endfacet
  facet normal 0 0 1
    outer loop
      vertex -20.3388 39.9171 5
      vertex -23.5475 27.8384 5
      vertex -23.4824 27.6812 5
    endloop
  endfacet
  facet normal 0 0 1
    outer loop
      vertex -20.3388 39.9171 5
      vertex -23.6207 27.992 5
      vertex -23.5475 27.8384 5
    endloop
  endfacet
  facet normal 0 0 1
    outer loop
      vertex -20.3388 39.9171 5
      vertex -23.7019 28.1415 5
      vertex -23.6207 27.992 5
    endloop
  endfacet
  facet normal 0 0 1
    outer loop
      vertex -20.3388 39.9171 5
      vertex -23.7908 28.2866 5
      vertex -23.7019 28.1415 5
    endloop
  endfacet
  facet normal 0 0 1
    outer loop
      vertex -20.3388 39.9171 5
      vertex -23.8872 28.4268 5
      vertex -23.7908 28.2866 5
    endloop
  endfacet
  facet normal 0 0 1
    outer loop
      vertex -22.4 38.7979 5
      vertex -23.9908 28.5618 5
      vertex -23.8872 28.4268 5
    endloop
  endfacet
  facet normal 0 0 1
    outer loop
      vertex -22.4 38.7979 5
      vertex -24.1013 28.6912 5
      vertex -23.9908 28.5618 5
    endloop
  endfacet
  facet normal 0 0 1
    outer loop
      vertex -22.4 38.7979 5
      vertex -24.2184 28.8146 5
      vertex -24.1013 28.6912 5
    endloop
  endfacet
  facet normal 0 0 1
    outer loop
      vertex -22.4 38.7979 5
      vertex -24.3418 28.9317 5
      vertex -24.2184 28.8146 5
    endloop
  endfacet
  facet normal -0 0 1
    outer loop
      vertex -24.3998 37.5724 5
      vertex -24.3418 28.9317 5
      vertex -22.4 38.7979 5
    endloop
  endfacet
  facet normal 0 0 1
    outer loop
      vertex -24.3998 37.5724 5
      vertex -24.4712 29.0422 5
      vertex -24.3418 28.9317 5
    endloop
  endfacet
  facet normal 0 0 1
    outer loop
      vertex -24.3998 37.5724 5
      vertex -24.6062 29.1458 5
      vertex -24.4712 29.0422 5
    endloop
  endfacet
  facet normal 0 0 1
    outer loop
      vertex -24.3998 37.5724 5
      vertex -24.7464 29.2422 5
      vertex -24.6062 29.1458 5
    endloop
  endfacet
  facet normal 0 0 1
    outer loop
      vertex -24.3998 37.5724 5
      vertex -24.8915 29.3311 5
      vertex -24.7464 29.2422 5
    endloop
  endfacet
  facet normal 0 0 1
    outer loop
      vertex -24.3998 37.5724 5
      vertex -25.041 29.4123 5
      vertex -24.8915 29.3311 5
    endloop
  endfacet
  facet normal -0 0 1
    outer loop
      vertex -26.3328 36.244 5
      vertex -25.041 29.4123 5
      vertex -24.3998 37.5724 5
    endloop
  endfacet
  facet normal 0 0 1
    outer loop
      vertex -25.041 29.4123 5
      vertex -26.3328 36.244 5
      vertex -25.1946 29.4855 5
    endloop
  endfacet
  facet normal 0 0 1
    outer loop
      vertex -25.1946 29.4855 5
      vertex -26.3328 36.244 5
      vertex -25.3518 29.5506 5
    endloop
  endfacet
  facet normal 0 0 1
    outer loop
      vertex -25.3518 29.5506 5
      vertex -26.3328 36.244 5
      vertex -25.5122 29.6074 5
    endloop
  endfacet
  facet normal 0 0 1
    outer loop
      vertex -25.5122 29.6074 5
      vertex -26.3328 36.244 5
      vertex -25.6753 29.6558 5
    endloop
  endfacet
  facet normal 0 0 1
    outer loop
      vertex -25.6753 29.6558 5
      vertex -26.3328 36.244 5
      vertex -25.8408 29.6955 5
    endloop
  endfacet
  facet normal 0 0 1
    outer loop
      vertex -25.8408 29.6955 5
      vertex -26.3328 36.244 5
      vertex -26.0081 29.7265 5
    endloop
  endfacet
  facet normal -0 0 1
    outer loop
      vertex -28.1936 34.8161 5
      vertex -26.0081 29.7265 5
      vertex -26.3328 36.244 5
    endloop
  endfacet
  facet normal 0 0 1
    outer loop
      vertex -26.0081 29.7265 5
      vertex -28.1936 34.8161 5
      vertex -26.1768 29.7487 5
    endloop
  endfacet
  facet normal 0 0 1
    outer loop
      vertex -26.1768 29.7487 5
      vertex -28.1936 34.8161 5
      vertex -26.3464 29.7621 5
    endloop
  endfacet
  facet normal 0 0 1
    outer loop
      vertex -26.3464 29.7621 5
      vertex -28.1936 34.8161 5
      vertex -26.5165 29.7665 5
    endloop
  endfacet
  facet normal 0 0 1
    outer loop
      vertex -26.5165 29.7665 5
      vertex -28.1936 34.8161 5
      vertex -26.6866 29.7621 5
    endloop
  endfacet
  facet normal 0 0 1
    outer loop
      vertex -26.6866 29.7621 5
      vertex -28.1936 34.8161 5
      vertex -26.8562 29.7487 5
    endloop
  endfacet
  facet normal 0 0 1
    outer loop
      vertex -26.8562 29.7487 5
      vertex -28.1936 34.8161 5
      vertex -27.0249 29.7265 5
    endloop
  endfacet
  facet normal 0 0 1
    outer loop
      vertex -27.0249 29.7265 5
      vertex -28.1936 34.8161 5
      vertex -27.1922 29.6955 5
    endloop
  endfacet
  facet normal -0 0 1
    outer loop
      vertex -29.9771 33.2929 5
      vertex -27.1922 29.6955 5
      vertex -28.1936 34.8161 5
    endloop
  endfacet
  facet normal 0 0 1
    outer loop
      vertex -27.1922 29.6955 5
      vertex -29.9771 33.2929 5
      vertex -27.3577 29.6558 5
    endloop
  endfacet
  facet normal 0 0 1
    outer loop
      vertex -27.3577 29.6558 5
      vertex -29.9771 33.2929 5
      vertex -27.5208 29.6074 5
    endloop
  endfacet
  facet normal 0 0 1
    outer loop
      vertex -27.5208 29.6074 5
      vertex -29.9771 33.2929 5
      vertex -27.6812 29.5506 5
    endloop
  endfacet
  facet normal 0 0 1
    outer loop
      vertex -27.6812 29.5506 5
      vertex -29.9771 33.2929 5
      vertex -27.8384 29.4855 5
    endloop
  endfacet
  facet normal 0 0 1
    outer loop
      vertex -27.8384 29.4855 5
      vertex -29.9771 33.2929 5
      vertex -27.992 29.4123 5
    endloop
  endfacet
  facet normal 0 0 1
    outer loop
      vertex -27.992 29.4123 5
      vertex -29.9771 33.2929 5
      vertex -28.1415 29.3311 5
    endloop
  endfacet
  facet normal 0 0 1
    outer loop
      vertex -28.1415 29.3311 5
      vertex -29.9771 33.2929 5
      vertex -28.2866 29.2422 5
    endloop
  endfacet
  facet normal -0 0 1
    outer loop
      vertex -31.6784 31.6784 5
      vertex -28.2866 29.2422 5
      vertex -29.9771 33.2929 5
    endloop
  endfacet
  facet normal 0 0 1
    outer loop
      vertex -28.2866 29.2422 5
      vertex -31.6784 31.6784 5
      vertex -28.4268 29.1458 5
    endloop
  endfacet
  facet normal 0 0 1
    outer loop
      vertex -28.4268 29.1458 5
      vertex -31.6784 31.6784 5
      vertex -28.5618 29.0422 5
    endloop
  endfacet
  facet normal 0 0 1
    outer loop
      vertex -28.5618 29.0422 5
      vertex -31.6784 31.6784 5
      vertex -28.6912 28.9317 5
    endloop
  endfacet
  facet normal 0 0 1
    outer loop
      vertex -28.6912 28.9317 5
      vertex -31.6784 31.6784 5
      vertex -28.8146 28.8146 5
    endloop
  endfacet
  facet normal 0 0 1
    outer loop
      vertex -28.8146 28.8146 5
      vertex -31.6784 31.6784 5
      vertex -28.9317 28.6912 5
    endloop
  endfacet
  facet normal 0 0 1
    outer loop
      vertex -28.9317 28.6912 5
      vertex -31.6784 31.6784 5
      vertex -29.0422 28.5618 5
    endloop
  endfacet
  facet normal 0 0 1
    outer loop
      vertex -29.0422 28.5618 5
      vertex -31.6784 31.6784 5
      vertex -29.1458 28.4268 5
    endloop
  endfacet
  facet normal 0 0 1
    outer loop
      vertex -29.1458 28.4268 5
      vertex -31.6784 31.6784 5
      vertex -29.2422 28.2866 5
    endloop
  endfacet
  facet normal -0 0 1
    outer loop
      vertex -33.2929 29.9771 5
      vertex -29.2422 28.2866 5
      vertex -31.6784 31.6784 5
    endloop
  endfacet
  facet normal 0 0 1
    outer loop
      vertex -29.2422 28.2866 5
      vertex -33.2929 29.9771 5
      vertex -29.3311 28.1415 5
    endloop
  endfacet
  facet normal 0 0 1
    outer loop
      vertex -29.3311 28.1415 5
      vertex -33.2929 29.9771 5
      vertex -29.4123 27.992 5
    endloop
  endfacet
  facet normal 0 0 1
    outer loop
      vertex -29.4123 27.992 5
      vertex -33.2929 29.9771 5
      vertex -29.4855 27.8384 5
    endloop
  endfacet
  facet normal 0 0 1
    outer loop
      vertex -29.4855 27.8384 5
      vertex -33.2929 29.9771 5
      vertex -29.5506 27.6812 5
    endloop
  endfacet
  facet normal -0 0 1
    outer loop
      vertex -34.8161 28.1936 5
      vertex -29.7265 27.0249 5
      vertex -33.2929 29.9771 5
    endloop
  endfacet
  facet normal 0 0 1
    outer loop
      vertex -29.6955 27.1922 5
      vertex -33.2929 29.9771 5
      vertex -29.7265 27.0249 5
    endloop
  endfacet
  facet normal 0 0 1
    outer loop
      vertex -29.6558 27.3577 5
      vertex -33.2929 29.9771 5
      vertex -29.6955 27.1922 5
    endloop
  endfacet
  facet normal 0 0 1
    outer loop
      vertex -29.6074 27.5208 5
      vertex -33.2929 29.9771 5
      vertex -29.6558 27.3577 5
    endloop
  endfacet
  facet normal 0 0 1
    outer loop
      vertex -29.5506 27.6812 5
      vertex -33.2929 29.9771 5
      vertex -29.6074 27.5208 5
    endloop
  endfacet
  facet normal -0 0 1
    outer loop
      vertex -23.3375 -25.8408 5
      vertex -4 -40.5 5
      vertex -4 -4 5
    endloop
  endfacet
  facet normal 0 0 1
    outer loop
      vertex -4 -40.5 5
      vertex -7.00826 -44.2484 5
      vertex -4.68287 -44.5546 5
    endloop
  endfacet
  facet normal -0 -0 1
    outer loop
      vertex -23.271 -26.3464 5
      vertex -4 -40.5 5
      vertex -23.2843 -26.1768 5
    endloop
  endfacet
  facet normal -0 -0 1
    outer loop
      vertex -23.2665 -26.5165 5
      vertex -4 -40.5 5
      vertex -23.271 -26.3464 5
    endloop
  endfacet
  facet normal -0 0 1
    outer loop
      vertex -23.271 -26.6866 5
      vertex -4 -40.5 5
      vertex -23.2665 -26.5165 5
    endloop
  endfacet
  facet normal -0 0 1
    outer loop
      vertex -23.2843 -26.8562 5
      vertex -4 -40.5 5
      vertex -23.271 -26.6866 5
    endloop
  endfacet
  facet normal 0 0 1
    outer loop
      vertex -4 -40.5 5
      vertex -11.5951 -43.2735 5
      vertex -9.31444 -43.821 5
    endloop
  endfacet
  facet normal 0 0 1
    outer loop
      vertex -4 -40.5 5
      vertex -13.844 -42.6073 5
      vertex -11.5951 -43.2735 5
    endloop
  endfacet
  facet normal 0 -0 1
    outer loop
      vertex -16.0549 -41.8244 5
      vertex -4 -40.5 5
      vertex -23.3375 -27.1922 5
    endloop
  endfacet
  facet normal -0 0 1
    outer loop
      vertex -23.3375 -27.1922 5
      vertex -4 -40.5 5
      vertex -23.3065 -27.0249 5
    endloop
  endfacet
  facet normal -0 0 1
    outer loop
      vertex -23.3065 -27.0249 5
      vertex -4 -40.5 5
      vertex -23.2843 -26.8562 5
    endloop
  endfacet
  facet normal 0 0 1
    outer loop
      vertex -4 -40.5 5
      vertex -9.31444 -43.821 5
      vertex -7.00826 -44.2484 5
    endloop
  endfacet
  facet normal 0 0 1
    outer loop
      vertex -4 -40.5 5
      vertex -23.3065 -26.0081 5
      vertex -23.2843 -26.1768 5
    endloop
  endfacet
  facet normal 0 0 1
    outer loop
      vertex -4 -40.5 5
      vertex -23.3375 -25.8408 5
      vertex -23.3065 -26.0081 5
    endloop
  endfacet
  facet normal 0 0 1
    outer loop
      vertex -4 -4 5
      vertex -23.3772 -25.6753 5
      vertex -23.3375 -25.8408 5
    endloop
  endfacet
  facet normal 0 0 1
    outer loop
      vertex -4 -4 5
      vertex -23.4256 -25.5122 5
      vertex -23.3772 -25.6753 5
    endloop
  endfacet
  facet normal 0 0 1
    outer loop
      vertex -4 -4 5
      vertex -23.4824 -25.3518 5
      vertex -23.4256 -25.5122 5
    endloop
  endfacet
  facet normal 0 0 1
    outer loop
      vertex -4 -4 5
      vertex -23.5475 -25.1946 5
      vertex -23.4824 -25.3518 5
    endloop
  endfacet
  facet normal 0 0 1
    outer loop
      vertex -4 -4 5
      vertex -23.6207 -25.041 5
      vertex -23.5475 -25.1946 5
    endloop
  endfacet
  facet normal 0 0 1
    outer loop
      vertex -4 -4 5
      vertex -23.7019 -24.8915 5
      vertex -23.6207 -25.041 5
    endloop
  endfacet
  facet normal 0 0 1
    outer loop
      vertex -4 -4 5
      vertex -23.7908 -24.7464 5
      vertex -23.7019 -24.8915 5
    endloop
  endfacet
  facet normal 0 0 1
    outer loop
      vertex -4 -4 5
      vertex -23.8872 -24.6062 5
      vertex -23.7908 -24.7464 5
    endloop
  endfacet
  facet normal 0 0 1
    outer loop
      vertex -4 -4 5
      vertex -23.9908 -24.4712 5
      vertex -23.8872 -24.6062 5
    endloop
  endfacet
  facet normal 0 0 1
    outer loop
      vertex -4 -4 5
      vertex -24.1013 -24.3418 5
      vertex -23.9908 -24.4712 5
    endloop
  endfacet
  facet normal 0 0 1
    outer loop
      vertex -4 -4 5
      vertex -24.2184 -24.2184 5
      vertex -24.1013 -24.3418 5
    endloop
  endfacet
  facet normal 0 0 1
    outer loop
      vertex -4 -4 5
      vertex -24.3418 -24.1013 5
      vertex -24.2184 -24.2184 5
    endloop
  endfacet
  facet normal 0 0 1
    outer loop
      vertex -4 -4 5
      vertex -24.4712 -23.9908 5
      vertex -24.3418 -24.1013 5
    endloop
  endfacet
  facet normal 0 0 1
    outer loop
      vertex -4 -4 5
      vertex -24.6062 -23.8872 5
      vertex -24.4712 -23.9908 5
    endloop
  endfacet
  facet normal 0 0 1
    outer loop
      vertex -4 -4 5
      vertex -24.7464 -23.7908 5
      vertex -24.6062 -23.8872 5
    endloop
  endfacet
  facet normal 0 0 1
    outer loop
      vertex -4 -4 5
      vertex -24.8915 -23.7019 5
      vertex -24.7464 -23.7908 5
    endloop
  endfacet
  facet normal 0 0 1
    outer loop
      vertex -4 -4 5
      vertex -25.041 -23.6207 5
      vertex -24.8915 -23.7019 5
    endloop
  endfacet
  facet normal 0 0 1
    outer loop
      vertex -4 -4 5
      vertex -25.1946 -23.5475 5
      vertex -25.041 -23.6207 5
    endloop
  endfacet
  facet normal 0 0 1
    outer loop
      vertex -4 -4 5
      vertex -25.3518 -23.4824 5
      vertex -25.1946 -23.5475 5
    endloop
  endfacet
  facet normal 0 0 1
    outer loop
      vertex -4 -4 5
      vertex -25.5122 -23.4256 5
      vertex -25.3518 -23.4824 5
    endloop
  endfacet
  facet normal 0 0 1
    outer loop
      vertex -4 -4 5
      vertex -25.6753 -23.3772 5
      vertex -25.5122 -23.4256 5
    endloop
  endfacet
  facet normal 0 0 1
    outer loop
      vertex -4 -4 5
      vertex -25.8408 -23.3375 5
      vertex -25.6753 -23.3772 5
    endloop
  endfacet
  facet normal -0 0 1
    outer loop
      vertex -40.5 -4 5
      vertex -25.8408 -23.3375 5
      vertex -4 -4 5
    endloop
  endfacet
  facet normal 0 0 1
    outer loop
      vertex -25.8408 -23.3375 5
      vertex -40.5 -4 5
      vertex -26.0081 -23.3065 5
    endloop
  endfacet
  facet normal 0 0 1
    outer loop
      vertex -26.0081 -23.3065 5
      vertex -40.5 -4 5
      vertex -26.1768 -23.2843 5
    endloop
  endfacet
  facet normal 0 0 1
    outer loop
      vertex -26.1768 -23.2843 5
      vertex -40.5 -4 5
      vertex -26.3464 -23.271 5
    endloop
  endfacet
  facet normal 0 0 1
    outer loop
      vertex -26.3464 -23.271 5
      vertex -40.5 -4 5
      vertex -26.5165 -23.2665 5
    endloop
  endfacet
  facet normal 0 0 1
    outer loop
      vertex -26.5165 -23.2665 5
      vertex -40.5 -4 5
      vertex -26.6866 -23.271 5
    endloop
  endfacet
  facet normal 0 0 1
    outer loop
      vertex -26.6866 -23.271 5
      vertex -40.5 -4 5
      vertex -26.8562 -23.2843 5
    endloop
  endfacet
  facet normal 0 0 1
    outer loop
      vertex -26.8562 -23.2843 5
      vertex -40.5 -4 5
      vertex -27.0249 -23.3065 5
    endloop
  endfacet
  facet normal 0 0 1
    outer loop
      vertex -27.0249 -23.3065 5
      vertex -40.5 -4 5
      vertex -27.1922 -23.3375 5
    endloop
  endfacet
  facet normal 0 0 1
    outer loop
      vertex -27.1922 -23.3375 5
      vertex -40.5 -4 5
      vertex -27.3577 -23.3772 5
    endloop
  endfacet
  facet normal -0 0 1
    outer loop
      vertex -41.8244 -16.0549 5
      vertex -27.3577 -23.3772 5
      vertex -40.5 -4 5
    endloop
  endfacet
  facet normal 0 0 1
    outer loop
      vertex -27.3577 -23.3772 5
      vertex -41.8244 -16.0549 5
      vertex -27.5208 -23.4256 5
    endloop
  endfacet
  facet normal -0 -0 1
    outer loop
      vertex -40.9268 -18.2218 5
      vertex -27.5208 -23.4256 5
      vertex -41.8244 -16.0549 5
    endloop
  endfacet
  facet normal 0 0 1
    outer loop
      vertex -27.5208 -23.4256 5
      vertex -40.9268 -18.2218 5
      vertex -27.6812 -23.4824 5
    endloop
  endfacet
  facet normal 0 0 1
    outer loop
      vertex -27.6812 -23.4824 5
      vertex -40.9268 -18.2218 5
      vertex -27.8384 -23.5475 5
    endloop
  endfacet
  facet normal 0 0 1
    outer loop
      vertex -27.8384 -23.5475 5
      vertex -40.9268 -18.2218 5
      vertex -27.992 -23.6207 5
    endloop
  endfacet
  facet normal -0 -0 1
    outer loop
      vertex -39.9171 -20.3388 5
      vertex -27.992 -23.6207 5
      vertex -40.9268 -18.2218 5
    endloop
  endfacet
  facet normal 0 0 1
    outer loop
      vertex -34.8161 -28.1936 5
      vertex -29.7665 -26.5165 5
      vertex -29.7621 -26.3464 5
    endloop
  endfacet
  facet normal 0 0 1
    outer loop
      vertex -29.7665 -26.5165 5
      vertex -31.6784 -31.6784 5
      vertex -29.9771 -33.2929 5
    endloop
  endfacet
  facet normal 0 0 1
    outer loop
      vertex -34.8161 -28.1936 5
      vertex -29.7621 -26.3464 5
      vertex -29.7487 -26.1768 5
    endloop
  endfacet
  facet normal 0 0 1
    outer loop
      vertex -34.8161 -28.1936 5
      vertex -29.7487 -26.1768 5
      vertex -29.7265 -26.0081 5
    endloop
  endfacet
  facet normal 0 0 1
    outer loop
      vertex -34.8161 -28.1936 5
      vertex -29.7265 -26.0081 5
      vertex -29.6955 -25.8408 5
    endloop
  endfacet
  facet normal 0 0 1
    outer loop
      vertex -36.244 -26.3328 5
      vertex -29.6955 -25.8408 5
      vertex -29.6558 -25.6753 5
    endloop
  endfacet
  facet normal 0 0 1
    outer loop
      vertex -36.244 -26.3328 5
      vertex -29.6558 -25.6753 5
      vertex -29.6074 -25.5122 5
    endloop
  endfacet
  facet normal 0 0 1
    outer loop
      vertex -29.7665 -26.5165 5
      vertex -33.2929 -29.9771 5
      vertex -31.6784 -31.6784 5
    endloop
  endfacet
  facet normal 0 0 1
    outer loop
      vertex -36.244 -26.3328 5
      vertex -29.6074 -25.5122 5
      vertex -29.5506 -25.3518 5
    endloop
  endfacet
  facet normal 0 0 1
    outer loop
      vertex -36.244 -26.3328 5
      vertex -29.5506 -25.3518 5
      vertex -29.4855 -25.1946 5
    endloop
  endfacet
  facet normal 0 0 1
    outer loop
      vertex -36.244 -26.3328 5
      vertex -29.4855 -25.1946 5
      vertex -29.4123 -25.041 5
    endloop
  endfacet
  facet normal 0 0 1
    outer loop
      vertex -37.5724 -24.3998 5
      vertex -29.4123 -25.041 5
      vertex -29.3311 -24.8915 5
    endloop
  endfacet
  facet normal 0 0 1
    outer loop
      vertex -37.5724 -24.3998 5
      vertex -29.3311 -24.8915 5
      vertex -29.2422 -24.7464 5
    endloop
  endfacet
  facet normal 0 0 1
    outer loop
      vertex -37.5724 -24.3998 5
      vertex -29.2422 -24.7464 5
      vertex -29.1458 -24.6062 5
    endloop
  endfacet
  facet normal 0 0 1
    outer loop
      vertex -37.5724 -24.3998 5
      vertex -29.1458 -24.6062 5
      vertex -29.0422 -24.4712 5
    endloop
  endfacet
  facet normal 0 0 1
    outer loop
      vertex -29.7665 -26.5165 5
      vertex -34.8161 -28.1936 5
      vertex -33.2929 -29.9771 5
    endloop
  endfacet
  facet normal -0 0 1
    outer loop
      vertex -37.5724 -24.3998 5
      vertex -29.0422 -24.4712 5
      vertex -28.9317 -24.3418 5
    endloop
  endfacet
  facet normal 0 0 1
    outer loop
      vertex -38.7979 -22.4 5
      vertex -28.9317 -24.3418 5
      vertex -28.8146 -24.2184 5
    endloop
  endfacet
  facet normal 0 0 1
    outer loop
      vertex -38.7979 -22.4 5
      vertex -28.8146 -24.2184 5
      vertex -28.6912 -24.1013 5
    endloop
  endfacet
  facet normal 0 0 1
    outer loop
      vertex -38.7979 -22.4 5
      vertex -28.6912 -24.1013 5
      vertex -28.5618 -23.9908 5
    endloop
  endfacet
  facet normal 0 0 1
    outer loop
      vertex -27.992 -23.6207 5
      vertex -39.9171 -20.3388 5
      vertex -28.1415 -23.7019 5
    endloop
  endfacet
  facet normal 0 0 1
    outer loop
      vertex -29.6955 -25.8408 5
      vertex -36.244 -26.3328 5
      vertex -34.8161 -28.1936 5
    endloop
  endfacet
  facet normal 0 0 1
    outer loop
      vertex -29.4123 -25.041 5
      vertex -37.5724 -24.3998 5
      vertex -36.244 -26.3328 5
    endloop
  endfacet
  facet normal 0 0 1
    outer loop
      vertex -28.9317 -24.3418 5
      vertex -38.7979 -22.4 5
      vertex -37.5724 -24.3998 5
    endloop
  endfacet
  facet normal 0 0 1
    outer loop
      vertex -28.4268 -23.8872 5
      vertex -38.7979 -22.4 5
      vertex -28.5618 -23.9908 5
    endloop
  endfacet
  facet normal 0 0 1
    outer loop
      vertex -28.1415 -23.7019 5
      vertex -39.9171 -20.3388 5
      vertex -28.2866 -23.7908 5
    endloop
  endfacet
  facet normal -0 -0 1
    outer loop
      vertex -38.7979 -22.4 5
      vertex -28.4268 -23.8872 5
      vertex -39.9171 -20.3388 5
    endloop
  endfacet
  facet normal -0 0 1
    outer loop
      vertex -42.6073 13.844 5
      vertex -40.5 4 5
      vertex -41.8244 16.0549 5
    endloop
  endfacet
  facet normal -0 0 1
    outer loop
      vertex -43.2735 11.5951 5
      vertex -40.5 4 5
      vertex -42.6073 13.844 5
    endloop
  endfacet
  facet normal 0 0 1
    outer loop
      vertex -28.2866 -23.7908 5
      vertex -39.9171 -20.3388 5
      vertex -28.4268 -23.8872 5
    endloop
  endfacet
  facet normal -0 0 1
    outer loop
      vertex -43.821 9.31444 5
      vertex -40.5 4 5
      vertex -43.2735 11.5951 5
    endloop
  endfacet
  facet normal 0 0 1
    outer loop
      vertex -40.5 -4 5
      vertex -42.6073 -13.844 5
      vertex -41.8244 -16.0549 5
    endloop
  endfacet
  facet normal -0 0 1
    outer loop
      vertex -44.2484 7.00826 5
      vertex -40.5 4 5
      vertex -43.821 9.31444 5
    endloop
  endfacet
  facet normal 0 0 1
    outer loop
      vertex -40.5 -4 5
      vertex -43.2735 -11.5951 5
      vertex -42.6073 -13.844 5
    endloop
  endfacet
  facet normal -0 0 1
    outer loop
      vertex -44.5546 4.68287 5
      vertex -40.5 4 5
      vertex -44.2484 7.00826 5
    endloop
  endfacet
  facet normal 0 0 1
    outer loop
      vertex -40.5 -4 5
      vertex -43.821 -9.31444 5
      vertex -43.2735 -11.5951 5
    endloop
  endfacet
  facet normal 0 0 1
    outer loop
      vertex -44.7386 2.34465 5
      vertex -40.5 4 5
      vertex -44.5546 4.68287 5
    endloop
  endfacet
  facet normal 0 0 1
    outer loop
      vertex -40.5 -4 5
      vertex -44.2484 -7.00826 5
      vertex -43.821 -9.31444 5
    endloop
  endfacet
  facet normal 0 0 1
    outer loop
      vertex -44.8 0 5
      vertex -40.5 4 5
      vertex -44.7386 2.34465 5
    endloop
  endfacet
  facet normal 0 0 1
    outer loop
      vertex -40.5 -4 5
      vertex -44.5546 -4.68287 5
      vertex -44.2484 -7.00826 5
    endloop
  endfacet
  facet normal 0 0 1
    outer loop
      vertex -40.5 4 5
      vertex -44.8 0 5
      vertex -40.5 -4 5
    endloop
  endfacet
  facet normal 0 0 1
    outer loop
      vertex -40.5 -4 5
      vertex -44.7386 -2.34465 5
      vertex -44.5546 -4.68287 5
    endloop
  endfacet
  facet normal 0 0 1
    outer loop
      vertex -40.5 -4 5
      vertex -44.8 0 5
      vertex -44.7386 -2.34465 5
    endloop
  endfacet
  facet normal 0 0 1
    outer loop
      vertex 2.34465 44.7386 5
      vertex 4 40.5 5
      vertex 4.68287 44.5546 5
    endloop
  endfacet
  facet normal 0 0 1
    outer loop
      vertex 0 44.8 5
      vertex 4 40.5 5
      vertex 2.34465 44.7386 5
    endloop
  endfacet
  facet normal 0 0 1
    outer loop
      vertex -4 40.5 5
      vertex 0 44.8 5
      vertex -2.34465 44.7386 5
    endloop
  endfacet
  facet normal 0 0 1
    outer loop
      vertex 0 44.8 5
      vertex -4 40.5 5
      vertex 4 40.5 5
    endloop
  endfacet
  facet normal -0 0 1
    outer loop
      vertex -4.68287 44.5546 5
      vertex -4 40.5 5
      vertex -2.34465 44.7386 5
    endloop
  endfacet
  facet normal -0 0 1
    outer loop
      vertex -7.00826 44.2484 5
      vertex -4 40.5 5
      vertex -4.68287 44.5546 5
    endloop
  endfacet
  facet normal -0 0 1
    outer loop
      vertex -9.31444 43.821 5
      vertex -4 40.5 5
      vertex -7.00826 44.2484 5
    endloop
  endfacet
  facet normal -0 0 1
    outer loop
      vertex -11.5951 43.2735 5
      vertex -4 40.5 5
      vertex -9.31444 43.821 5
    endloop
  endfacet
  facet normal -0 0 1
    outer loop
      vertex -13.844 42.6073 5
      vertex -4 40.5 5
      vertex -11.5951 43.2735 5
    endloop
  endfacet
  facet normal -0 0 1
    outer loop
      vertex -16.0549 41.8244 5
      vertex -4 40.5 5
      vertex -13.844 42.6073 5
    endloop
  endfacet
  facet normal 0 0 1
    outer loop
      vertex -23.271 26.6866 5
      vertex -4 40.5 5
      vertex -16.0549 41.8244 5
    endloop
  endfacet
  facet normal 0 0 1
    outer loop
      vertex -23.271 26.6866 5
      vertex -16.0549 41.8244 5
      vertex -18.2218 40.9268 5
    endloop
  endfacet
  facet normal 0 0 1
    outer loop
      vertex -23.271 26.6866 5
      vertex -18.2218 40.9268 5
      vertex -20.3388 39.9171 5
    endloop
  endfacet
  facet normal 0 0 1
    outer loop
      vertex -23.8872 28.4268 5
      vertex -20.3388 39.9171 5
      vertex -22.4 38.7979 5
    endloop
  endfacet
  facet normal 0 0 1
    outer loop
      vertex -4 40.5 5
      vertex -23.2665 26.5165 5
      vertex -23.271 26.3464 5
    endloop
  endfacet
  facet normal 0 0 1
    outer loop
      vertex -4 40.5 5
      vertex -23.271 26.3464 5
      vertex -23.2843 26.1768 5
    endloop
  endfacet
  facet normal 0 0 1
    outer loop
      vertex -23.3065 26.0081 5
      vertex -4 40.5 5
      vertex -23.2843 26.1768 5
    endloop
  endfacet
  facet normal 0 0 1
    outer loop
      vertex -23.3375 25.8408 5
      vertex -4 40.5 5
      vertex -23.3065 26.0081 5
    endloop
  endfacet
  facet normal 0 0 1
    outer loop
      vertex -4 40.5 5
      vertex -23.3375 25.8408 5
      vertex -4 4 5
    endloop
  endfacet
  facet normal -0 0 1
    outer loop
      vertex -23.3772 25.6753 5
      vertex -4 4 5
      vertex -23.3375 25.8408 5
    endloop
  endfacet
  facet normal -0 0 1
    outer loop
      vertex -23.4256 25.5122 5
      vertex -4 4 5
      vertex -23.3772 25.6753 5
    endloop
  endfacet
  facet normal -0 0 1
    outer loop
      vertex -23.4824 25.3518 5
      vertex -4 4 5
      vertex -23.4256 25.5122 5
    endloop
  endfacet
  facet normal -0 0 1
    outer loop
      vertex -23.5475 25.1946 5
      vertex -4 4 5
      vertex -23.4824 25.3518 5
    endloop
  endfacet
  facet normal -0 0 1
    outer loop
      vertex -23.6207 25.041 5
      vertex -4 4 5
      vertex -23.5475 25.1946 5
    endloop
  endfacet
  facet normal -0 0 1
    outer loop
      vertex -23.7019 24.8915 5
      vertex -4 4 5
      vertex -23.6207 25.041 5
    endloop
  endfacet
  facet normal -0 0 1
    outer loop
      vertex -23.7908 24.7464 5
      vertex -4 4 5
      vertex -23.7019 24.8915 5
    endloop
  endfacet
  facet normal -0 0 1
    outer loop
      vertex -23.8872 24.6062 5
      vertex -4 4 5
      vertex -23.7908 24.7464 5
    endloop
  endfacet
  facet normal -0 0 1
    outer loop
      vertex -23.9908 24.4712 5
      vertex -4 4 5
      vertex -23.8872 24.6062 5
    endloop
  endfacet
  facet normal -0 0 1
    outer loop
      vertex -24.1013 24.3418 5
      vertex -4 4 5
      vertex -23.9908 24.4712 5
    endloop
  endfacet
  facet normal -0 0 1
    outer loop
      vertex -24.2184 24.2184 5
      vertex -4 4 5
      vertex -24.1013 24.3418 5
    endloop
  endfacet
  facet normal -0 0 1
    outer loop
      vertex -24.3418 24.1013 5
      vertex -4 4 5
      vertex -24.2184 24.2184 5
    endloop
  endfacet
  facet normal -0 0 1
    outer loop
      vertex -24.4712 23.9908 5
      vertex -4 4 5
      vertex -24.3418 24.1013 5
    endloop
  endfacet
  facet normal -0 0 1
    outer loop
      vertex -24.6062 23.8872 5
      vertex -4 4 5
      vertex -24.4712 23.9908 5
    endloop
  endfacet
  facet normal -0 0 1
    outer loop
      vertex -24.7464 23.7908 5
      vertex -4 4 5
      vertex -24.6062 23.8872 5
    endloop
  endfacet
  facet normal -0 0 1
    outer loop
      vertex -24.8915 23.7019 5
      vertex -4 4 5
      vertex -24.7464 23.7908 5
    endloop
  endfacet
  facet normal -0 0 1
    outer loop
      vertex -25.041 23.6207 5
      vertex -4 4 5
      vertex -24.8915 23.7019 5
    endloop
  endfacet
  facet normal -0 0 1
    outer loop
      vertex -25.1946 23.5475 5
      vertex -4 4 5
      vertex -25.041 23.6207 5
    endloop
  endfacet
  facet normal -0 0 1
    outer loop
      vertex -25.3518 23.4824 5
      vertex -4 4 5
      vertex -25.1946 23.5475 5
    endloop
  endfacet
  facet normal -0 0 1
    outer loop
      vertex -25.5122 23.4256 5
      vertex -4 4 5
      vertex -25.3518 23.4824 5
    endloop
  endfacet
  facet normal -0 0 1
    outer loop
      vertex -25.6753 23.3772 5
      vertex -4 4 5
      vertex -25.5122 23.4256 5
    endloop
  endfacet
  facet normal -0 0 1
    outer loop
      vertex -25.8408 23.3375 5
      vertex -4 4 5
      vertex -25.6753 23.3772 5
    endloop
  endfacet
  facet normal 0 0 1
    outer loop
      vertex -40.5 4 5
      vertex -25.8408 23.3375 5
      vertex -26.0081 23.3065 5
    endloop
  endfacet
  facet normal 0 0 1
    outer loop
      vertex -40.5 4 5
      vertex -26.0081 23.3065 5
      vertex -26.1768 23.2843 5
    endloop
  endfacet
  facet normal 0 0 1
    outer loop
      vertex -40.5 4 5
      vertex -26.1768 23.2843 5
      vertex -26.3464 23.271 5
    endloop
  endfacet
  facet normal 0 0 1
    outer loop
      vertex -40.5 4 5
      vertex -26.3464 23.271 5
      vertex -26.5165 23.2665 5
    endloop
  endfacet
  facet normal 0 0 1
    outer loop
      vertex -40.5 4 5
      vertex -26.5165 23.2665 5
      vertex -26.6866 23.271 5
    endloop
  endfacet
  facet normal 0 0 1
    outer loop
      vertex -40.5 4 5
      vertex -26.6866 23.271 5
      vertex -26.8562 23.2843 5
    endloop
  endfacet
  facet normal 0 0 1
    outer loop
      vertex -40.5 4 5
      vertex -26.8562 23.2843 5
      vertex -27.0249 23.3065 5
    endloop
  endfacet
  facet normal 0 0 1
    outer loop
      vertex -40.5 4 5
      vertex -27.0249 23.3065 5
      vertex -27.1922 23.3375 5
    endloop
  endfacet
  facet normal 0 0 1
    outer loop
      vertex -40.5 4 5
      vertex -27.1922 23.3375 5
      vertex -27.3577 23.3772 5
    endloop
  endfacet
  facet normal 0 0 1
    outer loop
      vertex -41.8244 16.0549 5
      vertex -27.5208 23.4256 5
      vertex -40.9268 18.2218 5
    endloop
  endfacet
  facet normal 0 0 1
    outer loop
      vertex -40.9268 18.2218 5
      vertex -27.5208 23.4256 5
      vertex -27.6812 23.4824 5
    endloop
  endfacet
  facet normal 0 0 1
    outer loop
      vertex -40.9268 18.2218 5
      vertex -27.6812 23.4824 5
      vertex -27.8384 23.5475 5
    endloop
  endfacet
  facet normal 0 0 1
    outer loop
      vertex -40.9268 18.2218 5
      vertex -27.8384 23.5475 5
      vertex -27.992 23.6207 5
    endloop
  endfacet
  facet normal 0 0 1
    outer loop
      vertex -39.9171 20.3388 5
      vertex -27.992 23.6207 5
      vertex -28.1415 23.7019 5
    endloop
  endfacet
  facet normal 0 0 1
    outer loop
      vertex -39.9171 20.3388 5
      vertex -28.1415 23.7019 5
      vertex -28.2866 23.7908 5
    endloop
  endfacet
  facet normal 0 0 1
    outer loop
      vertex -39.9171 20.3388 5
      vertex -28.2866 23.7908 5
      vertex -28.4268 23.8872 5
    endloop
  endfacet
  facet normal 0 0 1
    outer loop
      vertex -38.7979 22.4 5
      vertex -28.4268 23.8872 5
      vertex -28.5618 23.9908 5
    endloop
  endfacet
  facet normal 0 0 1
    outer loop
      vertex -29.7265 27.0249 5
      vertex -34.8161 28.1936 5
      vertex -29.7487 26.8562 5
    endloop
  endfacet
  facet normal 0 0 1
    outer loop
      vertex -29.7487 26.8562 5
      vertex -34.8161 28.1936 5
      vertex -29.7621 26.6866 5
    endloop
  endfacet
  facet normal 0 0 1
    outer loop
      vertex -29.7621 26.6866 5
      vertex -34.8161 28.1936 5
      vertex -29.7665 26.5165 5
    endloop
  endfacet
  facet normal 0 0 1
    outer loop
      vertex -29.7665 26.5165 5
      vertex -34.8161 28.1936 5
      vertex -29.7621 26.3464 5
    endloop
  endfacet
  facet normal 0 0 1
    outer loop
      vertex -29.7621 26.3464 5
      vertex -34.8161 28.1936 5
      vertex -29.7487 26.1768 5
    endloop
  endfacet
  facet normal 0 0 1
    outer loop
      vertex -29.7487 26.1768 5
      vertex -34.8161 28.1936 5
      vertex -29.7265 26.0081 5
    endloop
  endfacet
  facet normal 0 0 1
    outer loop
      vertex -29.7265 26.0081 5
      vertex -34.8161 28.1936 5
      vertex -29.6955 25.8408 5
    endloop
  endfacet
  facet normal -0 0 1
    outer loop
      vertex -36.244 26.3328 5
      vertex -29.6955 25.8408 5
      vertex -34.8161 28.1936 5
    endloop
  endfacet
  facet normal 0 0 1
    outer loop
      vertex -29.6955 25.8408 5
      vertex -36.244 26.3328 5
      vertex -29.6558 25.6753 5
    endloop
  endfacet
  facet normal 0 0 1
    outer loop
      vertex -29.6558 25.6753 5
      vertex -36.244 26.3328 5
      vertex -29.6074 25.5122 5
    endloop
  endfacet
  facet normal 0 0 1
    outer loop
      vertex -29.6074 25.5122 5
      vertex -36.244 26.3328 5
      vertex -29.5506 25.3518 5
    endloop
  endfacet
  facet normal 0 0 1
    outer loop
      vertex -29.5506 25.3518 5
      vertex -36.244 26.3328 5
      vertex -29.4855 25.1946 5
    endloop
  endfacet
  facet normal 0 0 1
    outer loop
      vertex -29.4855 25.1946 5
      vertex -36.244 26.3328 5
      vertex -29.4123 25.041 5
    endloop
  endfacet
  facet normal 0 0 1
    outer loop
      vertex -37.5724 24.3998 5
      vertex -29.4123 25.041 5
      vertex -36.244 26.3328 5
    endloop
  endfacet
  facet normal 0 0 1
    outer loop
      vertex -29.4123 25.041 5
      vertex -37.5724 24.3998 5
      vertex -29.3311 24.8915 5
    endloop
  endfacet
  facet normal 0 0 1
    outer loop
      vertex -29.3311 24.8915 5
      vertex -37.5724 24.3998 5
      vertex -29.2422 24.7464 5
    endloop
  endfacet
  facet normal 0 0 1
    outer loop
      vertex -29.2422 24.7464 5
      vertex -37.5724 24.3998 5
      vertex -29.1458 24.6062 5
    endloop
  endfacet
  facet normal 0 0 1
    outer loop
      vertex -29.1458 24.6062 5
      vertex -37.5724 24.3998 5
      vertex -29.0422 24.4712 5
    endloop
  endfacet
  facet normal 0 0 1
    outer loop
      vertex -29.0422 24.4712 5
      vertex -37.5724 24.3998 5
      vertex -28.9317 24.3418 5
    endloop
  endfacet
  facet normal 0 0 1
    outer loop
      vertex -38.7979 22.4 5
      vertex -28.9317 24.3418 5
      vertex -37.5724 24.3998 5
    endloop
  endfacet
  facet normal 0 0 1
    outer loop
      vertex -28.9317 24.3418 5
      vertex -38.7979 22.4 5
      vertex -28.8146 24.2184 5
    endloop
  endfacet
  facet normal 0 0 1
    outer loop
      vertex -28.8146 24.2184 5
      vertex -38.7979 22.4 5
      vertex -28.6912 24.1013 5
    endloop
  endfacet
  facet normal 0 0 1
    outer loop
      vertex -28.6912 24.1013 5
      vertex -38.7979 22.4 5
      vertex -28.5618 23.9908 5
    endloop
  endfacet
  facet normal 0 0 1
    outer loop
      vertex -28.4268 23.8872 5
      vertex -38.7979 22.4 5
      vertex -39.9171 20.3388 5
    endloop
  endfacet
  facet normal 0 0 1
    outer loop
      vertex -27.992 23.6207 5
      vertex -39.9171 20.3388 5
      vertex -40.9268 18.2218 5
    endloop
  endfacet
  facet normal 0 0 1
    outer loop
      vertex -25.8408 23.3375 5
      vertex -40.5 4 5
      vertex -4 4 5
    endloop
  endfacet
  facet normal 0 0 1
    outer loop
      vertex -27.3577 23.3772 5
      vertex -41.8244 16.0549 5
      vertex -40.5 4 5
    endloop
  endfacet
  facet normal 0 0 1
    outer loop
      vertex -27.5208 23.4256 5
      vertex -41.8244 16.0549 5
      vertex -27.3577 23.3772 5
    endloop
  endfacet
  facet normal 0 0 1
    outer loop
      vertex -4 -40.5 5
      vertex -16.0549 -41.8244 5
      vertex -13.844 -42.6073 5
    endloop
  endfacet
  facet normal -0 0 1
    outer loop
      vertex -23.3772 -27.3577 5
      vertex -16.0549 -41.8244 5
      vertex -23.3375 -27.1922 5
    endloop
  endfacet
  facet normal -0 0 1
    outer loop
      vertex -23.4256 -27.5208 5
      vertex -16.0549 -41.8244 5
      vertex -23.3772 -27.3577 5
    endloop
  endfacet
  facet normal 0 0 1
    outer loop
      vertex -16.0549 -41.8244 5
      vertex -23.4256 -27.5208 5
      vertex -18.2218 -40.9268 5
    endloop
  endfacet
  facet normal -0 0 1
    outer loop
      vertex -23.4824 -27.6812 5
      vertex -18.2218 -40.9268 5
      vertex -23.4256 -27.5208 5
    endloop
  endfacet
  facet normal -0 0 1
    outer loop
      vertex -23.5475 -27.8384 5
      vertex -18.2218 -40.9268 5
      vertex -23.4824 -27.6812 5
    endloop
  endfacet
  facet normal -0 0 1
    outer loop
      vertex -23.6207 -27.992 5
      vertex -18.2218 -40.9268 5
      vertex -23.5475 -27.8384 5
    endloop
  endfacet
  facet normal 0 0 1
    outer loop
      vertex -18.2218 -40.9268 5
      vertex -23.6207 -27.992 5
      vertex -20.3388 -39.9171 5
    endloop
  endfacet
  facet normal -0 0 1
    outer loop
      vertex -23.7019 -28.1415 5
      vertex -20.3388 -39.9171 5
      vertex -23.6207 -27.992 5
    endloop
  endfacet
  facet normal -0 0 1
    outer loop
      vertex -23.7908 -28.2866 5
      vertex -20.3388 -39.9171 5
      vertex -23.7019 -28.1415 5
    endloop
  endfacet
  facet normal -0 0 1
    outer loop
      vertex -23.8872 -28.4268 5
      vertex -20.3388 -39.9171 5
      vertex -23.7908 -28.2866 5
    endloop
  endfacet
  facet normal 0 0 1
    outer loop
      vertex -20.3388 -39.9171 5
      vertex -23.8872 -28.4268 5
      vertex -22.4 -38.7979 5
    endloop
  endfacet
  facet normal -0 0 1
    outer loop
      vertex -23.9908 -28.5618 5
      vertex -22.4 -38.7979 5
      vertex -23.8872 -28.4268 5
    endloop
  endfacet
  facet normal -0 0 1
    outer loop
      vertex -24.1013 -28.6912 5
      vertex -22.4 -38.7979 5
      vertex -23.9908 -28.5618 5
    endloop
  endfacet
  facet normal -0 0 1
    outer loop
      vertex -24.2184 -28.8146 5
      vertex -22.4 -38.7979 5
      vertex -24.1013 -28.6912 5
    endloop
  endfacet
  facet normal -0 0 1
    outer loop
      vertex -24.3418 -28.9317 5
      vertex -22.4 -38.7979 5
      vertex -24.2184 -28.8146 5
    endloop
  endfacet
  facet normal 0 0 1
    outer loop
      vertex -24.3418 -28.9317 5
      vertex -24.3998 -37.5724 5
      vertex -22.4 -38.7979 5
    endloop
  endfacet
  facet normal -0 0 1
    outer loop
      vertex -24.4712 -29.0422 5
      vertex -24.3998 -37.5724 5
      vertex -24.3418 -28.9317 5
    endloop
  endfacet
  facet normal -0 0 1
    outer loop
      vertex -24.6062 -29.1458 5
      vertex -24.3998 -37.5724 5
      vertex -24.4712 -29.0422 5
    endloop
  endfacet
  facet normal -0 0 1
    outer loop
      vertex -24.7464 -29.2422 5
      vertex -24.3998 -37.5724 5
      vertex -24.6062 -29.1458 5
    endloop
  endfacet
  facet normal -0 0 1
    outer loop
      vertex -24.8915 -29.3311 5
      vertex -24.3998 -37.5724 5
      vertex -24.7464 -29.2422 5
    endloop
  endfacet
  facet normal -0 0 1
    outer loop
      vertex -25.041 -29.4123 5
      vertex -24.3998 -37.5724 5
      vertex -24.8915 -29.3311 5
    endloop
  endfacet
  facet normal 0 0 1
    outer loop
      vertex -26.3328 -36.244 5
      vertex -25.041 -29.4123 5
      vertex -25.1946 -29.4855 5
    endloop
  endfacet
  facet normal 0 0 1
    outer loop
      vertex -26.3328 -36.244 5
      vertex -25.1946 -29.4855 5
      vertex -25.3518 -29.5506 5
    endloop
  endfacet
  facet normal 0 0 1
    outer loop
      vertex -26.3328 -36.244 5
      vertex -25.3518 -29.5506 5
      vertex -25.5122 -29.6074 5
    endloop
  endfacet
  facet normal 0 0 1
    outer loop
      vertex -26.3328 -36.244 5
      vertex -25.5122 -29.6074 5
      vertex -25.6753 -29.6558 5
    endloop
  endfacet
  facet normal 0 0 1
    outer loop
      vertex -26.3328 -36.244 5
      vertex -25.6753 -29.6558 5
      vertex -25.8408 -29.6955 5
    endloop
  endfacet
  facet normal 0 0 1
    outer loop
      vertex -26.3328 -36.244 5
      vertex -25.8408 -29.6955 5
      vertex -26.0081 -29.7265 5
    endloop
  endfacet
  facet normal 0 0 1
    outer loop
      vertex -28.1936 -34.8161 5
      vertex -26.0081 -29.7265 5
      vertex -26.1768 -29.7487 5
    endloop
  endfacet
  facet normal 0 0 1
    outer loop
      vertex -25.041 -29.4123 5
      vertex -26.3328 -36.244 5
      vertex -24.3998 -37.5724 5
    endloop
  endfacet
  facet normal 0 0 1
    outer loop
      vertex -28.1936 -34.8161 5
      vertex -26.1768 -29.7487 5
      vertex -26.3464 -29.7621 5
    endloop
  endfacet
  facet normal 0 0 1
    outer loop
      vertex -28.1936 -34.8161 5
      vertex -26.3464 -29.7621 5
      vertex -26.5165 -29.7665 5
    endloop
  endfacet
  facet normal 0 0 1
    outer loop
      vertex -28.1936 -34.8161 5
      vertex -26.5165 -29.7665 5
      vertex -26.6866 -29.7621 5
    endloop
  endfacet
  facet normal 0 0 1
    outer loop
      vertex -28.1936 -34.8161 5
      vertex -26.6866 -29.7621 5
      vertex -26.8562 -29.7487 5
    endloop
  endfacet
  facet normal 0 0 1
    outer loop
      vertex -28.1936 -34.8161 5
      vertex -26.8562 -29.7487 5
      vertex -27.0249 -29.7265 5
    endloop
  endfacet
  facet normal 0 0 1
    outer loop
      vertex -28.1936 -34.8161 5
      vertex -27.0249 -29.7265 5
      vertex -27.1922 -29.6955 5
    endloop
  endfacet
  facet normal 0 0 1
    outer loop
      vertex -29.9771 -33.2929 5
      vertex -27.1922 -29.6955 5
      vertex -27.3577 -29.6558 5
    endloop
  endfacet
  facet normal 0 0 1
    outer loop
      vertex -29.9771 -33.2929 5
      vertex -27.3577 -29.6558 5
      vertex -27.5208 -29.6074 5
    endloop
  endfacet
  facet normal 0 0 1
    outer loop
      vertex -29.9771 -33.2929 5
      vertex -27.5208 -29.6074 5
      vertex -27.6812 -29.5506 5
    endloop
  endfacet
  facet normal 0 0 1
    outer loop
      vertex -29.9771 -33.2929 5
      vertex -27.6812 -29.5506 5
      vertex -27.8384 -29.4855 5
    endloop
  endfacet
  facet normal 0 0 1
    outer loop
      vertex -29.9771 -33.2929 5
      vertex -27.8384 -29.4855 5
      vertex -27.992 -29.4123 5
    endloop
  endfacet
  facet normal 0 0 1
    outer loop
      vertex -29.9771 -33.2929 5
      vertex -27.992 -29.4123 5
      vertex -28.1415 -29.3311 5
    endloop
  endfacet
  facet normal 0 0 1
    outer loop
      vertex -26.0081 -29.7265 5
      vertex -28.1936 -34.8161 5
      vertex -26.3328 -36.244 5
    endloop
  endfacet
  facet normal 0 0 1
    outer loop
      vertex -29.9771 -33.2929 5
      vertex -28.1415 -29.3311 5
      vertex -28.2866 -29.2422 5
    endloop
  endfacet
  facet normal 0 0 1
    outer loop
      vertex -29.9771 -33.2929 5
      vertex -28.2866 -29.2422 5
      vertex -28.4268 -29.1458 5
    endloop
  endfacet
  facet normal 0 0 1
    outer loop
      vertex -29.9771 -33.2929 5
      vertex -28.4268 -29.1458 5
      vertex -28.5618 -29.0422 5
    endloop
  endfacet
  facet normal 0 0 1
    outer loop
      vertex -29.9771 -33.2929 5
      vertex -28.5618 -29.0422 5
      vertex -28.6912 -28.9317 5
    endloop
  endfacet
  facet normal 0 0 1
    outer loop
      vertex -29.9771 -33.2929 5
      vertex -28.6912 -28.9317 5
      vertex -28.8146 -28.8146 5
    endloop
  endfacet
  facet normal 0 0 1
    outer loop
      vertex -29.9771 -33.2929 5
      vertex -28.8146 -28.8146 5
      vertex -28.9317 -28.6912 5
    endloop
  endfacet
  facet normal 0 0 1
    outer loop
      vertex -29.9771 -33.2929 5
      vertex -28.9317 -28.6912 5
      vertex -29.0422 -28.5618 5
    endloop
  endfacet
  facet normal 0 0 1
    outer loop
      vertex -29.9771 -33.2929 5
      vertex -29.0422 -28.5618 5
      vertex -29.1458 -28.4268 5
    endloop
  endfacet
  facet normal 0 0 1
    outer loop
      vertex -29.9771 -33.2929 5
      vertex -29.1458 -28.4268 5
      vertex -29.2422 -28.2866 5
    endloop
  endfacet
  facet normal 0 0 1
    outer loop
      vertex -29.9771 -33.2929 5
      vertex -29.2422 -28.2866 5
      vertex -29.3311 -28.1415 5
    endloop
  endfacet
  facet normal 0 0 1
    outer loop
      vertex -29.9771 -33.2929 5
      vertex -29.3311 -28.1415 5
      vertex -29.4123 -27.992 5
    endloop
  endfacet
  facet normal 0 0 1
    outer loop
      vertex -29.9771 -33.2929 5
      vertex -29.4123 -27.992 5
      vertex -29.4855 -27.8384 5
    endloop
  endfacet
  facet normal 0 0 1
    outer loop
      vertex -29.9771 -33.2929 5
      vertex -29.4855 -27.8384 5
      vertex -29.5506 -27.6812 5
    endloop
  endfacet
  facet normal 0 0 1
    outer loop
      vertex -29.9771 -33.2929 5
      vertex -29.5506 -27.6812 5
      vertex -29.6074 -27.5208 5
    endloop
  endfacet
  facet normal 0 0 1
    outer loop
      vertex -29.9771 -33.2929 5
      vertex -29.6074 -27.5208 5
      vertex -29.6558 -27.3577 5
    endloop
  endfacet
  facet normal 0 0 1
    outer loop
      vertex -29.9771 -33.2929 5
      vertex -29.6558 -27.3577 5
      vertex -29.6955 -27.1922 5
    endloop
  endfacet
  facet normal 0 0 1
    outer loop
      vertex -27.1922 -29.6955 5
      vertex -29.9771 -33.2929 5
      vertex -28.1936 -34.8161 5
    endloop
  endfacet
  facet normal 0 0 1
    outer loop
      vertex -29.7265 -27.0249 5
      vertex -29.9771 -33.2929 5
      vertex -29.6955 -27.1922 5
    endloop
  endfacet
  facet normal 0 0 1
    outer loop
      vertex -29.7487 -26.8562 5
      vertex -29.9771 -33.2929 5
      vertex -29.7265 -27.0249 5
    endloop
  endfacet
  facet normal 0 0 1
    outer loop
      vertex -29.7621 -26.6866 5
      vertex -29.9771 -33.2929 5
      vertex -29.7487 -26.8562 5
    endloop
  endfacet
  facet normal 0 0 1
    outer loop
      vertex -29.9771 -33.2929 5
      vertex -29.7621 -26.6866 5
      vertex -29.7665 -26.5165 5
    endloop
  endfacet
  facet normal 0 0 1
    outer loop
      vertex 34.8161 28.1936 5
      vertex 29.7621 26.6866 5
      vertex 29.7665 26.5165 5
    endloop
  endfacet
  facet normal 0 0 1
    outer loop
      vertex 31.6784 31.6784 5
      vertex 29.7487 26.8562 5
      vertex 29.7621 26.6866 5
    endloop
  endfacet
  facet normal 0 0 1
    outer loop
      vertex 31.6784 31.6784 5
      vertex 29.7265 27.0249 5
      vertex 29.7487 26.8562 5
    endloop
  endfacet
  facet normal 0 0 1
    outer loop
      vertex 31.6784 31.6784 5
      vertex 29.6955 27.1922 5
      vertex 29.7265 27.0249 5
    endloop
  endfacet
  facet normal 0 0 1
    outer loop
      vertex 31.6784 31.6784 5
      vertex 29.6558 27.3577 5
      vertex 29.6955 27.1922 5
    endloop
  endfacet
  facet normal 0 0 1
    outer loop
      vertex 31.6784 31.6784 5
      vertex 29.6074 27.5208 5
      vertex 29.6558 27.3577 5
    endloop
  endfacet
  facet normal 0 0 1
    outer loop
      vertex 31.6784 31.6784 5
      vertex 29.5506 27.6812 5
      vertex 29.6074 27.5208 5
    endloop
  endfacet
  facet normal 0 0 1
    outer loop
      vertex 31.6784 31.6784 5
      vertex 29.4855 27.8384 5
      vertex 29.5506 27.6812 5
    endloop
  endfacet
  facet normal 0 0 1
    outer loop
      vertex 31.6784 31.6784 5
      vertex 29.4123 27.992 5
      vertex 29.4855 27.8384 5
    endloop
  endfacet
  facet normal 0 0 1
    outer loop
      vertex 31.6784 31.6784 5
      vertex 29.3311 28.1415 5
      vertex 29.4123 27.992 5
    endloop
  endfacet
  facet normal 0 0 1
    outer loop
      vertex 31.6784 31.6784 5
      vertex 29.2422 28.2866 5
      vertex 29.3311 28.1415 5
    endloop
  endfacet
  facet normal 0 0 1
    outer loop
      vertex 31.6784 31.6784 5
      vertex 29.1458 28.4268 5
      vertex 29.2422 28.2866 5
    endloop
  endfacet
  facet normal 0 0 1
    outer loop
      vertex 31.6784 31.6784 5
      vertex 29.0422 28.5618 5
      vertex 29.1458 28.4268 5
    endloop
  endfacet
  facet normal 0 0 1
    outer loop
      vertex 31.6784 31.6784 5
      vertex 28.9317 28.6912 5
      vertex 29.0422 28.5618 5
    endloop
  endfacet
  facet normal 0 0 1
    outer loop
      vertex 31.6784 31.6784 5
      vertex 28.8146 28.8146 5
      vertex 28.9317 28.6912 5
    endloop
  endfacet
  facet normal 0 0 1
    outer loop
      vertex 31.6784 31.6784 5
      vertex 28.6912 28.9317 5
      vertex 28.8146 28.8146 5
    endloop
  endfacet
  facet normal 0 0 1
    outer loop
      vertex 31.6784 31.6784 5
      vertex 28.5618 29.0422 5
      vertex 28.6912 28.9317 5
    endloop
  endfacet
  facet normal 0 0 1
    outer loop
      vertex 31.6784 31.6784 5
      vertex 28.4268 29.1458 5
      vertex 28.5618 29.0422 5
    endloop
  endfacet
  facet normal 0 0 1
    outer loop
      vertex 31.6784 31.6784 5
      vertex 28.2866 29.2422 5
      vertex 28.4268 29.1458 5
    endloop
  endfacet
  facet normal 0 0 1
    outer loop
      vertex 27.1922 29.6955 5
      vertex 29.9771 33.2929 5
      vertex 28.1936 34.8161 5
    endloop
  endfacet
  facet normal 0 0 1
    outer loop
      vertex 29.9771 33.2929 5
      vertex 28.1415 29.3311 5
      vertex 28.2866 29.2422 5
    endloop
  endfacet
  facet normal 0 0 1
    outer loop
      vertex 29.9771 33.2929 5
      vertex 27.992 29.4123 5
      vertex 28.1415 29.3311 5
    endloop
  endfacet
  facet normal 0 0 1
    outer loop
      vertex 29.9771 33.2929 5
      vertex 27.8384 29.4855 5
      vertex 27.992 29.4123 5
    endloop
  endfacet
  facet normal 0 0 1
    outer loop
      vertex 29.9771 33.2929 5
      vertex 27.6812 29.5506 5
      vertex 27.8384 29.4855 5
    endloop
  endfacet
  facet normal 0 0 1
    outer loop
      vertex 29.9771 33.2929 5
      vertex 27.5208 29.6074 5
      vertex 27.6812 29.5506 5
    endloop
  endfacet
  facet normal 0 0 1
    outer loop
      vertex 29.9771 33.2929 5
      vertex 27.3577 29.6558 5
      vertex 27.5208 29.6074 5
    endloop
  endfacet
  facet normal 0 0 1
    outer loop
      vertex 29.9771 33.2929 5
      vertex 27.1922 29.6955 5
      vertex 27.3577 29.6558 5
    endloop
  endfacet
  facet normal 0 0 1
    outer loop
      vertex 28.1936 34.8161 5
      vertex 27.0249 29.7265 5
      vertex 27.1922 29.6955 5
    endloop
  endfacet
  facet normal 0 0 1
    outer loop
      vertex 28.1936 34.8161 5
      vertex 26.8562 29.7487 5
      vertex 27.0249 29.7265 5
    endloop
  endfacet
  facet normal 0 0 1
    outer loop
      vertex 28.1936 34.8161 5
      vertex 26.6866 29.7621 5
      vertex 26.8562 29.7487 5
    endloop
  endfacet
  facet normal 0 0 1
    outer loop
      vertex 28.1936 34.8161 5
      vertex 26.5165 29.7665 5
      vertex 26.6866 29.7621 5
    endloop
  endfacet
  facet normal 0 0 1
    outer loop
      vertex 28.1936 34.8161 5
      vertex 26.3464 29.7621 5
      vertex 26.5165 29.7665 5
    endloop
  endfacet
  facet normal 0 0 1
    outer loop
      vertex 26.0081 29.7265 5
      vertex 28.1936 34.8161 5
      vertex 26.3328 36.244 5
    endloop
  endfacet
  facet normal 0 0 1
    outer loop
      vertex 28.1936 34.8161 5
      vertex 26.1768 29.7487 5
      vertex 26.3464 29.7621 5
    endloop
  endfacet
  facet normal 0 0 1
    outer loop
      vertex 28.1936 34.8161 5
      vertex 26.0081 29.7265 5
      vertex 26.1768 29.7487 5
    endloop
  endfacet
  facet normal 0 0 1
    outer loop
      vertex 26.3328 36.244 5
      vertex 25.8408 29.6955 5
      vertex 26.0081 29.7265 5
    endloop
  endfacet
  facet normal 0 0 1
    outer loop
      vertex 26.3328 36.244 5
      vertex 25.6753 29.6558 5
      vertex 25.8408 29.6955 5
    endloop
  endfacet
  facet normal 0 0 1
    outer loop
      vertex 26.3328 36.244 5
      vertex 25.5122 29.6074 5
      vertex 25.6753 29.6558 5
    endloop
  endfacet
  facet normal 0 0 1
    outer loop
      vertex 26.3328 36.244 5
      vertex 25.3518 29.5506 5
      vertex 25.5122 29.6074 5
    endloop
  endfacet
  facet normal 0 0 1
    outer loop
      vertex 26.3328 36.244 5
      vertex 25.1946 29.4855 5
      vertex 25.3518 29.5506 5
    endloop
  endfacet
  facet normal 0 0 1
    outer loop
      vertex 26.3328 36.244 5
      vertex 25.041 29.4123 5
      vertex 25.1946 29.4855 5
    endloop
  endfacet
  facet normal 0 0 1
    outer loop
      vertex 24.3998 37.5724 5
      vertex 25.041 29.4123 5
      vertex 26.3328 36.244 5
    endloop
  endfacet
  facet normal 0 0 1
    outer loop
      vertex 25.041 29.4123 5
      vertex 24.3998 37.5724 5
      vertex 24.8915 29.3311 5
    endloop
  endfacet
  facet normal 0 0 1
    outer loop
      vertex 24.8915 29.3311 5
      vertex 24.3998 37.5724 5
      vertex 24.7464 29.2422 5
    endloop
  endfacet
  facet normal 0 0 1
    outer loop
      vertex 24.7464 29.2422 5
      vertex 24.3998 37.5724 5
      vertex 24.6062 29.1458 5
    endloop
  endfacet
  facet normal 0 0 1
    outer loop
      vertex 24.6062 29.1458 5
      vertex 24.3998 37.5724 5
      vertex 24.4712 29.0422 5
    endloop
  endfacet
  facet normal 0 0 1
    outer loop
      vertex 24.3998 37.5724 5
      vertex 24.3418 28.9317 5
      vertex 24.4712 29.0422 5
    endloop
  endfacet
  facet normal 0 0 1
    outer loop
      vertex 22.4 38.7979 5
      vertex 24.3418 28.9317 5
      vertex 24.3998 37.5724 5
    endloop
  endfacet
  facet normal 0 0 1
    outer loop
      vertex 24.3418 28.9317 5
      vertex 22.4 38.7979 5
      vertex 24.2184 28.8146 5
    endloop
  endfacet
  facet normal 0 0 1
    outer loop
      vertex 24.2184 28.8146 5
      vertex 22.4 38.7979 5
      vertex 24.1013 28.6912 5
    endloop
  endfacet
  facet normal 0 0 1
    outer loop
      vertex 24.1013 28.6912 5
      vertex 22.4 38.7979 5
      vertex 23.9908 28.5618 5
    endloop
  endfacet
  facet normal 0 0 1
    outer loop
      vertex 23.9908 28.5618 5
      vertex 22.4 38.7979 5
      vertex 23.8872 28.4268 5
    endloop
  endfacet
  facet normal 0 0 1
    outer loop
      vertex 20.3388 39.9171 5
      vertex 23.8872 28.4268 5
      vertex 22.4 38.7979 5
    endloop
  endfacet
  facet normal 0 0 1
    outer loop
      vertex 23.8872 28.4268 5
      vertex 20.3388 39.9171 5
      vertex 23.7908 28.2866 5
    endloop
  endfacet
  facet normal 0 0 1
    outer loop
      vertex 23.7908 28.2866 5
      vertex 20.3388 39.9171 5
      vertex 23.7019 28.1415 5
    endloop
  endfacet
  facet normal 0 0 1
    outer loop
      vertex 23.7019 28.1415 5
      vertex 20.3388 39.9171 5
      vertex 23.6207 27.992 5
    endloop
  endfacet
  facet normal 0 0 1
    outer loop
      vertex 18.2218 40.9268 5
      vertex 23.6207 27.992 5
      vertex 20.3388 39.9171 5
    endloop
  endfacet
  facet normal 0 0 1
    outer loop
      vertex 23.6207 27.992 5
      vertex 18.2218 40.9268 5
      vertex 23.5475 27.8384 5
    endloop
  endfacet
  facet normal 0 0 1
    outer loop
      vertex 23.5475 27.8384 5
      vertex 18.2218 40.9268 5
      vertex 23.4824 27.6812 5
    endloop
  endfacet
  facet normal 0 0 1
    outer loop
      vertex 23.4824 27.6812 5
      vertex 18.2218 40.9268 5
      vertex 23.4256 27.5208 5
    endloop
  endfacet
  facet normal 0 0 1
    outer loop
      vertex 16.0549 41.8244 5
      vertex 23.4256 27.5208 5
      vertex 18.2218 40.9268 5
    endloop
  endfacet
  facet normal -0 0 1
    outer loop
      vertex 4 40.5 5
      vertex 23.3375 27.1922 5
      vertex 16.0549 41.8244 5
    endloop
  endfacet
  facet normal 0 0 1
    outer loop
      vertex 23.3772 27.3577 5
      vertex 16.0549 41.8244 5
      vertex 23.3375 27.1922 5
    endloop
  endfacet
  facet normal 0 0 1
    outer loop
      vertex 23.4256 27.5208 5
      vertex 16.0549 41.8244 5
      vertex 23.3772 27.3577 5
    endloop
  endfacet
  facet normal 0 0 1
    outer loop
      vertex 40.5 4 5
      vertex 44.8 0 5
      vertex 44.7386 2.34465 5
    endloop
  endfacet
  facet normal -0 0 1
    outer loop
      vertex 40.5 4 5
      vertex 44.7386 2.34465 5
      vertex 44.5546 4.68287 5
    endloop
  endfacet
  facet normal 0 0 1
    outer loop
      vertex 40.5 -4 5
      vertex 44.8 0 5
      vertex 40.5 4 5
    endloop
  endfacet
  facet normal 0 0 1
    outer loop
      vertex 40.5 4 5
      vertex 44.5546 4.68287 5
      vertex 44.2484 7.00826 5
    endloop
  endfacet
  facet normal 0 0 1
    outer loop
      vertex 44.8 0 5
      vertex 40.5 -4 5
      vertex 44.7386 -2.34465 5
    endloop
  endfacet
  facet normal 0 0 1
    outer loop
      vertex 40.5 4 5
      vertex 44.2484 7.00826 5
      vertex 43.821 9.31444 5
    endloop
  endfacet
  facet normal 0 0 1
    outer loop
      vertex 44.7386 -2.34465 5
      vertex 40.5 -4 5
      vertex 44.5546 -4.68287 5
    endloop
  endfacet
  facet normal 0 0 1
    outer loop
      vertex 40.5 4 5
      vertex 43.821 9.31444 5
      vertex 43.2735 11.5951 5
    endloop
  endfacet
  facet normal 0 0 1
    outer loop
      vertex 44.5546 -4.68287 5
      vertex 40.5 -4 5
      vertex 44.2484 -7.00826 5
    endloop
  endfacet
  facet normal 0 0 1
    outer loop
      vertex 40.5 4 5
      vertex 43.2735 11.5951 5
      vertex 42.6073 13.844 5
    endloop
  endfacet
  facet normal 0 0 1
    outer loop
      vertex 44.2484 -7.00826 5
      vertex 40.5 -4 5
      vertex 43.821 -9.31444 5
    endloop
  endfacet
  facet normal 0 0 1
    outer loop
      vertex 40.5 4 5
      vertex 42.6073 13.844 5
      vertex 41.8244 16.0549 5
    endloop
  endfacet
  facet normal 0 0 1
    outer loop
      vertex 43.821 -9.31444 5
      vertex 40.5 -4 5
      vertex 43.2735 -11.5951 5
    endloop
  endfacet
  facet normal 0 0 1
    outer loop
      vertex 27.5208 23.4256 5
      vertex 41.8244 16.0549 5
      vertex 40.9268 18.2218 5
    endloop
  endfacet
  facet normal 0 0 1
    outer loop
      vertex 43.2735 -11.5951 5
      vertex 40.5 -4 5
      vertex 42.6073 -13.844 5
    endloop
  endfacet
  facet normal 0 0 1
    outer loop
      vertex 42.6073 -13.844 5
      vertex 40.5 -4 5
      vertex 41.8244 -16.0549 5
    endloop
  endfacet
  facet normal 0 0 1
    outer loop
      vertex 27.992 23.6207 5
      vertex 40.9268 18.2218 5
      vertex 39.9171 20.3388 5
    endloop
  endfacet
  facet normal 0 0 1
    outer loop
      vertex 28.4268 23.8872 5
      vertex 39.9171 20.3388 5
      vertex 38.7979 22.4 5
    endloop
  endfacet
  facet normal -0 0 1
    outer loop
      vertex 28.9317 24.3418 5
      vertex 38.7979 22.4 5
      vertex 37.5724 24.3998 5
    endloop
  endfacet
  facet normal -0 0 1
    outer loop
      vertex 29.4123 25.041 5
      vertex 37.5724 24.3998 5
      vertex 36.244 26.3328 5
    endloop
  endfacet
  facet normal 0 0 1
    outer loop
      vertex 29.6955 25.8408 5
      vertex 36.244 26.3328 5
      vertex 34.8161 28.1936 5
    endloop
  endfacet
  facet normal 0 0 1
    outer loop
      vertex 29.7621 26.6866 5
      vertex 34.8161 28.1936 5
      vertex 33.2929 29.9771 5
    endloop
  endfacet
  facet normal 0 0 1
    outer loop
      vertex 29.7621 26.6866 5
      vertex 33.2929 29.9771 5
      vertex 31.6784 31.6784 5
    endloop
  endfacet
  facet normal 0 0 1
    outer loop
      vertex 28.2866 29.2422 5
      vertex 31.6784 31.6784 5
      vertex 29.9771 33.2929 5
    endloop
  endfacet
  facet normal 0 0 1
    outer loop
      vertex 34.8161 28.1936 5
      vertex 29.7665 26.5165 5
      vertex 29.7621 26.3464 5
    endloop
  endfacet
  facet normal 0 0 1
    outer loop
      vertex 34.8161 28.1936 5
      vertex 29.7621 26.3464 5
      vertex 29.7487 26.1768 5
    endloop
  endfacet
  facet normal 0 0 1
    outer loop
      vertex 34.8161 28.1936 5
      vertex 29.7487 26.1768 5
      vertex 29.7265 26.0081 5
    endloop
  endfacet
  facet normal 0 0 1
    outer loop
      vertex 34.8161 28.1936 5
      vertex 29.7265 26.0081 5
      vertex 29.6955 25.8408 5
    endloop
  endfacet
  facet normal 0 0 1
    outer loop
      vertex 36.244 26.3328 5
      vertex 29.6955 25.8408 5
      vertex 29.6558 25.6753 5
    endloop
  endfacet
  facet normal 0 0 1
    outer loop
      vertex 36.244 26.3328 5
      vertex 29.6558 25.6753 5
      vertex 29.6074 25.5122 5
    endloop
  endfacet
  facet normal 0 0 1
    outer loop
      vertex 36.244 26.3328 5
      vertex 29.6074 25.5122 5
      vertex 29.5506 25.3518 5
    endloop
  endfacet
  facet normal 0 0 1
    outer loop
      vertex 36.244 26.3328 5
      vertex 29.5506 25.3518 5
      vertex 29.4855 25.1946 5
    endloop
  endfacet
  facet normal 0 0 1
    outer loop
      vertex 36.244 26.3328 5
      vertex 29.4855 25.1946 5
      vertex 29.4123 25.041 5
    endloop
  endfacet
  facet normal 0 0 1
    outer loop
      vertex 37.5724 24.3998 5
      vertex 29.4123 25.041 5
      vertex 29.3311 24.8915 5
    endloop
  endfacet
  facet normal 0 0 1
    outer loop
      vertex 37.5724 24.3998 5
      vertex 29.3311 24.8915 5
      vertex 29.2422 24.7464 5
    endloop
  endfacet
  facet normal 0 0 1
    outer loop
      vertex 37.5724 24.3998 5
      vertex 29.2422 24.7464 5
      vertex 29.1458 24.6062 5
    endloop
  endfacet
  facet normal 0 0 1
    outer loop
      vertex 37.5724 24.3998 5
      vertex 29.1458 24.6062 5
      vertex 29.0422 24.4712 5
    endloop
  endfacet
  facet normal 0 0 1
    outer loop
      vertex 37.5724 24.3998 5
      vertex 29.0422 24.4712 5
      vertex 28.9317 24.3418 5
    endloop
  endfacet
  facet normal 0 0 1
    outer loop
      vertex 38.7979 22.4 5
      vertex 28.9317 24.3418 5
      vertex 28.8146 24.2184 5
    endloop
  endfacet
  facet normal 0 0 1
    outer loop
      vertex 38.7979 22.4 5
      vertex 28.8146 24.2184 5
      vertex 28.6912 24.1013 5
    endloop
  endfacet
  facet normal 0 0 1
    outer loop
      vertex 38.7979 22.4 5
      vertex 28.6912 24.1013 5
      vertex 28.5618 23.9908 5
    endloop
  endfacet
  facet normal 0 0 1
    outer loop
      vertex 38.7979 22.4 5
      vertex 28.5618 23.9908 5
      vertex 28.4268 23.8872 5
    endloop
  endfacet
  facet normal 0 0 1
    outer loop
      vertex 39.9171 20.3388 5
      vertex 28.4268 23.8872 5
      vertex 28.2866 23.7908 5
    endloop
  endfacet
  facet normal 0 0 1
    outer loop
      vertex 39.9171 20.3388 5
      vertex 28.2866 23.7908 5
      vertex 28.1415 23.7019 5
    endloop
  endfacet
  facet normal 0 0 1
    outer loop
      vertex 39.9171 20.3388 5
      vertex 28.1415 23.7019 5
      vertex 27.992 23.6207 5
    endloop
  endfacet
  facet normal 0 0 1
    outer loop
      vertex 40.9268 18.2218 5
      vertex 27.992 23.6207 5
      vertex 27.8384 23.5475 5
    endloop
  endfacet
  facet normal 0 0 1
    outer loop
      vertex 40.9268 18.2218 5
      vertex 27.8384 23.5475 5
      vertex 27.6812 23.4824 5
    endloop
  endfacet
  facet normal 0 0 1
    outer loop
      vertex 40.9268 18.2218 5
      vertex 27.6812 23.4824 5
      vertex 27.5208 23.4256 5
    endloop
  endfacet
  facet normal 0 0 1
    outer loop
      vertex 41.8244 16.0549 5
      vertex 27.5208 23.4256 5
      vertex 27.3577 23.3772 5
    endloop
  endfacet
  facet normal 0 0 1
    outer loop
      vertex 41.8244 16.0549 5
      vertex 27.3577 23.3772 5
      vertex 40.5 4 5
    endloop
  endfacet
  facet normal -0 0 1
    outer loop
      vertex 27.1922 23.3375 5
      vertex 40.5 4 5
      vertex 27.3577 23.3772 5
    endloop
  endfacet
  facet normal -0 0 1
    outer loop
      vertex 27.0249 23.3065 5
      vertex 40.5 4 5
      vertex 27.1922 23.3375 5
    endloop
  endfacet
  facet normal -0 0 1
    outer loop
      vertex 26.8562 23.2843 5
      vertex 40.5 4 5
      vertex 27.0249 23.3065 5
    endloop
  endfacet
  facet normal -0 0 1
    outer loop
      vertex 26.6866 23.271 5
      vertex 40.5 4 5
      vertex 26.8562 23.2843 5
    endloop
  endfacet
  facet normal -0 0 1
    outer loop
      vertex 26.5165 23.2665 5
      vertex 40.5 4 5
      vertex 26.6866 23.271 5
    endloop
  endfacet
  facet normal 0 0 1
    outer loop
      vertex 26.3464 23.271 5
      vertex 40.5 4 5
      vertex 26.5165 23.2665 5
    endloop
  endfacet
  facet normal 0 0 1
    outer loop
      vertex 26.1768 23.2843 5
      vertex 40.5 4 5
      vertex 26.3464 23.271 5
    endloop
  endfacet
  facet normal 0 0 1
    outer loop
      vertex 26.0081 23.3065 5
      vertex 40.5 4 5
      vertex 26.1768 23.2843 5
    endloop
  endfacet
  facet normal 0 0 1
    outer loop
      vertex 25.8408 23.3375 5
      vertex 40.5 4 5
      vertex 26.0081 23.3065 5
    endloop
  endfacet
  facet normal 0 0 1
    outer loop
      vertex 4 4 5
      vertex 25.8408 23.3375 5
      vertex 25.6753 23.3772 5
    endloop
  endfacet
  facet normal 0 0 1
    outer loop
      vertex 4 4 5
      vertex 25.6753 23.3772 5
      vertex 25.5122 23.4256 5
    endloop
  endfacet
  facet normal 0 0 1
    outer loop
      vertex 4 4 5
      vertex 25.5122 23.4256 5
      vertex 25.3518 23.4824 5
    endloop
  endfacet
  facet normal 0 0 1
    outer loop
      vertex 4 4 5
      vertex 25.3518 23.4824 5
      vertex 25.1946 23.5475 5
    endloop
  endfacet
  facet normal 0 0 1
    outer loop
      vertex 4 4 5
      vertex 25.1946 23.5475 5
      vertex 25.041 23.6207 5
    endloop
  endfacet
  facet normal 0 0 1
    outer loop
      vertex 4 4 5
      vertex 25.041 23.6207 5
      vertex 24.8915 23.7019 5
    endloop
  endfacet
  facet normal 0 0 1
    outer loop
      vertex 4 4 5
      vertex 24.8915 23.7019 5
      vertex 24.7464 23.7908 5
    endloop
  endfacet
  facet normal 0 0 1
    outer loop
      vertex 4 4 5
      vertex 24.7464 23.7908 5
      vertex 24.6062 23.8872 5
    endloop
  endfacet
  facet normal 0 0 1
    outer loop
      vertex 4 4 5
      vertex 24.6062 23.8872 5
      vertex 24.4712 23.9908 5
    endloop
  endfacet
  facet normal 0 0 1
    outer loop
      vertex 4 4 5
      vertex 24.4712 23.9908 5
      vertex 24.3418 24.1013 5
    endloop
  endfacet
  facet normal 0 0 1
    outer loop
      vertex 4 4 5
      vertex 24.3418 24.1013 5
      vertex 24.2184 24.2184 5
    endloop
  endfacet
  facet normal 0 0 1
    outer loop
      vertex 4 4 5
      vertex 24.2184 24.2184 5
      vertex 24.1013 24.3418 5
    endloop
  endfacet
  facet normal 0 0 1
    outer loop
      vertex 4 4 5
      vertex 24.1013 24.3418 5
      vertex 23.9908 24.4712 5
    endloop
  endfacet
  facet normal 0 0 1
    outer loop
      vertex 23.3375 27.1922 5
      vertex 4 40.5 5
      vertex 23.3065 27.0249 5
    endloop
  endfacet
  facet normal 0 0 1
    outer loop
      vertex 23.3065 27.0249 5
      vertex 4 40.5 5
      vertex 23.2843 26.8562 5
    endloop
  endfacet
  facet normal 0 0 1
    outer loop
      vertex 23.2843 26.8562 5
      vertex 4 40.5 5
      vertex 23.271 26.6866 5
    endloop
  endfacet
  facet normal 0 0 1
    outer loop
      vertex 23.271 26.6866 5
      vertex 4 40.5 5
      vertex 23.2665 26.5165 5
    endloop
  endfacet
  facet normal 0 0 1
    outer loop
      vertex 23.2665 26.5165 5
      vertex 4 40.5 5
      vertex 23.271 26.3464 5
    endloop
  endfacet
  facet normal 0 0 1
    outer loop
      vertex 23.271 26.3464 5
      vertex 4 40.5 5
      vertex 23.2843 26.1768 5
    endloop
  endfacet
  facet normal 0 0 1
    outer loop
      vertex 23.2843 26.1768 5
      vertex 4 40.5 5
      vertex 23.3065 26.0081 5
    endloop
  endfacet
  facet normal 0 0 1
    outer loop
      vertex 23.3065 26.0081 5
      vertex 4 40.5 5
      vertex 23.3375 25.8408 5
    endloop
  endfacet
  facet normal 0 0 1
    outer loop
      vertex 4 4 5
      vertex 23.3375 25.8408 5
      vertex 4 40.5 5
    endloop
  endfacet
  facet normal 0 0 1
    outer loop
      vertex 23.3375 25.8408 5
      vertex 4 4 5
      vertex 23.3772 25.6753 5
    endloop
  endfacet
  facet normal 0 0 1
    outer loop
      vertex 23.3772 25.6753 5
      vertex 4 4 5
      vertex 23.4256 25.5122 5
    endloop
  endfacet
  facet normal 0 0 1
    outer loop
      vertex 4 40.5 5
      vertex 16.0549 41.8244 5
      vertex 13.844 42.6073 5
    endloop
  endfacet
  facet normal 0 0 1
    outer loop
      vertex 23.4256 25.5122 5
      vertex 4 4 5
      vertex 23.4824 25.3518 5
    endloop
  endfacet
  facet normal 0 0 1
    outer loop
      vertex 23.4824 25.3518 5
      vertex 4 4 5
      vertex 23.5475 25.1946 5
    endloop
  endfacet
  facet normal 0 0 1
    outer loop
      vertex 4 40.5 5
      vertex 13.844 42.6073 5
      vertex 11.5951 43.2735 5
    endloop
  endfacet
  facet normal 0 0 1
    outer loop
      vertex 23.5475 25.1946 5
      vertex 4 4 5
      vertex 23.6207 25.041 5
    endloop
  endfacet
  facet normal 0 0 1
    outer loop
      vertex 4 40.5 5
      vertex 11.5951 43.2735 5
      vertex 9.31444 43.821 5
    endloop
  endfacet
  facet normal 0 0 1
    outer loop
      vertex 23.6207 25.041 5
      vertex 4 4 5
      vertex 23.7019 24.8915 5
    endloop
  endfacet
  facet normal 0 0 1
    outer loop
      vertex 4 40.5 5
      vertex 9.31444 43.821 5
      vertex 7.00826 44.2484 5
    endloop
  endfacet
  facet normal 0 0 1
    outer loop
      vertex 23.7019 24.8915 5
      vertex 4 4 5
      vertex 23.7908 24.7464 5
    endloop
  endfacet
  facet normal 0 0 1
    outer loop
      vertex 23.7908 24.7464 5
      vertex 4 4 5
      vertex 23.8872 24.6062 5
    endloop
  endfacet
  facet normal 0 0 1
    outer loop
      vertex 4 40.5 5
      vertex 7.00826 44.2484 5
      vertex 4.68287 44.5546 5
    endloop
  endfacet
  facet normal 0 0 1
    outer loop
      vertex 23.8872 24.6062 5
      vertex 4 4 5
      vertex 23.9908 24.4712 5
    endloop
  endfacet
  facet normal 0 0 1
    outer loop
      vertex 25.8408 23.3375 5
      vertex 4 4 5
      vertex 40.5 4 5
    endloop
  endfacet
  facet normal 0 0 1
    outer loop
      vertex 27.3577 -23.3772 5
      vertex 41.8244 -16.0549 5
      vertex 40.5 -4 5
    endloop
  endfacet
  facet normal 0 -0 1
    outer loop
      vertex 27.5208 -23.4256 5
      vertex 41.8244 -16.0549 5
      vertex 27.3577 -23.3772 5
    endloop
  endfacet
  facet normal 0 -0 1
    outer loop
      vertex 27.6812 -23.4824 5
      vertex 40.9268 -18.2218 5
      vertex 27.5208 -23.4256 5
    endloop
  endfacet
  facet normal 0 0 1
    outer loop
      vertex 40.9268 -18.2218 5
      vertex 27.992 -23.6207 5
      vertex 39.9171 -20.3388 5
    endloop
  endfacet
  facet normal 0 -0 1
    outer loop
      vertex 28.4268 -23.8872 5
      vertex 39.9171 -20.3388 5
      vertex 28.2866 -23.7908 5
    endloop
  endfacet
  facet normal 0 -0 1
    outer loop
      vertex 28.8146 -24.2184 5
      vertex 38.7979 -22.4 5
      vertex 28.6912 -24.1013 5
    endloop
  endfacet
  facet normal 0 -0 1
    outer loop
      vertex 29.2422 -24.7464 5
      vertex 37.5724 -24.3998 5
      vertex 29.1458 -24.6062 5
    endloop
  endfacet
  facet normal -0 -0 1
    outer loop
      vertex 29.5506 -25.3518 5
      vertex 36.244 -26.3328 5
      vertex 29.4855 -25.1946 5
    endloop
  endfacet
  facet normal -0 -0 1
    outer loop
      vertex 29.7621 -26.3464 5
      vertex 34.8161 -28.1936 5
      vertex 29.7487 -26.1768 5
    endloop
  endfacet
  facet normal -0 0 1
    outer loop
      vertex 29.7265 -27.0249 5
      vertex 34.8161 -28.1936 5
      vertex 29.7487 -26.8562 5
    endloop
  endfacet
  facet normal -0 0 1
    outer loop
      vertex 29.7487 -26.8562 5
      vertex 34.8161 -28.1936 5
      vertex 29.7621 -26.6866 5
    endloop
  endfacet
  facet normal -0 0 1
    outer loop
      vertex 29.7621 -26.6866 5
      vertex 34.8161 -28.1936 5
      vertex 29.7665 -26.5165 5
    endloop
  endfacet
  facet normal -0 -0 1
    outer loop
      vertex 29.7665 -26.5165 5
      vertex 34.8161 -28.1936 5
      vertex 29.7621 -26.3464 5
    endloop
  endfacet
  facet normal -0 -0 1
    outer loop
      vertex 29.7487 -26.1768 5
      vertex 34.8161 -28.1936 5
      vertex 29.7265 -26.0081 5
    endloop
  endfacet
  facet normal -0 -0 1
    outer loop
      vertex 29.7265 -26.0081 5
      vertex 34.8161 -28.1936 5
      vertex 29.6955 -25.8408 5
    endloop
  endfacet
  facet normal 0 0 1
    outer loop
      vertex 36.244 -26.3328 5
      vertex 29.6955 -25.8408 5
      vertex 34.8161 -28.1936 5
    endloop
  endfacet
  facet normal -0 -0 1
    outer loop
      vertex 29.6955 -25.8408 5
      vertex 36.244 -26.3328 5
      vertex 29.6558 -25.6753 5
    endloop
  endfacet
  facet normal -0 -0 1
    outer loop
      vertex 29.6558 -25.6753 5
      vertex 36.244 -26.3328 5
      vertex 29.6074 -25.5122 5
    endloop
  endfacet
  facet normal -0 -0 1
    outer loop
      vertex 29.6074 -25.5122 5
      vertex 36.244 -26.3328 5
      vertex 29.5506 -25.3518 5
    endloop
  endfacet
  facet normal -0 -0 1
    outer loop
      vertex 29.4855 -25.1946 5
      vertex 36.244 -26.3328 5
      vertex 29.4123 -25.041 5
    endloop
  endfacet
  facet normal 0 0 1
    outer loop
      vertex 37.5724 -24.3998 5
      vertex 29.4123 -25.041 5
      vertex 36.244 -26.3328 5
    endloop
  endfacet
  facet normal 0 -0 1
    outer loop
      vertex 29.4123 -25.041 5
      vertex 37.5724 -24.3998 5
      vertex 29.3311 -24.8915 5
    endloop
  endfacet
  facet normal 0 -0 1
    outer loop
      vertex 29.3311 -24.8915 5
      vertex 37.5724 -24.3998 5
      vertex 29.2422 -24.7464 5
    endloop
  endfacet
  facet normal 0 -0 1
    outer loop
      vertex 29.1458 -24.6062 5
      vertex 37.5724 -24.3998 5
      vertex 29.0422 -24.4712 5
    endloop
  endfacet
  facet normal 0 -0 1
    outer loop
      vertex 29.0422 -24.4712 5
      vertex 37.5724 -24.3998 5
      vertex 28.9317 -24.3418 5
    endloop
  endfacet
  facet normal 0 0 1
    outer loop
      vertex 38.7979 -22.4 5
      vertex 28.9317 -24.3418 5
      vertex 37.5724 -24.3998 5
    endloop
  endfacet
  facet normal 0 -0 1
    outer loop
      vertex 28.9317 -24.3418 5
      vertex 38.7979 -22.4 5
      vertex 28.8146 -24.2184 5
    endloop
  endfacet
  facet normal 0 -0 1
    outer loop
      vertex 28.6912 -24.1013 5
      vertex 38.7979 -22.4 5
      vertex 28.5618 -23.9908 5
    endloop
  endfacet
  facet normal 0 -0 1
    outer loop
      vertex 28.5618 -23.9908 5
      vertex 38.7979 -22.4 5
      vertex 28.4268 -23.8872 5
    endloop
  endfacet
  facet normal 0 0 1
    outer loop
      vertex 39.9171 -20.3388 5
      vertex 28.4268 -23.8872 5
      vertex 38.7979 -22.4 5
    endloop
  endfacet
  facet normal 0 -0 1
    outer loop
      vertex 28.2866 -23.7908 5
      vertex 39.9171 -20.3388 5
      vertex 28.1415 -23.7019 5
    endloop
  endfacet
  facet normal 0 -0 1
    outer loop
      vertex 28.1415 -23.7019 5
      vertex 39.9171 -20.3388 5
      vertex 27.992 -23.6207 5
    endloop
  endfacet
  facet normal 0 -0 1
    outer loop
      vertex 27.992 -23.6207 5
      vertex 40.9268 -18.2218 5
      vertex 27.8384 -23.5475 5
    endloop
  endfacet
  facet normal 0 -0 1
    outer loop
      vertex 27.8384 -23.5475 5
      vertex 40.9268 -18.2218 5
      vertex 27.6812 -23.4824 5
    endloop
  endfacet
  facet normal 0 0 1
    outer loop
      vertex 41.8244 -16.0549 5
      vertex 27.5208 -23.4256 5
      vertex 40.9268 -18.2218 5
    endloop
  endfacet
  facet normal 0 0 1
    outer loop
      vertex 40.5 -4 5
      vertex 27.1922 -23.3375 5
      vertex 27.3577 -23.3772 5
    endloop
  endfacet
  facet normal 0 0 1
    outer loop
      vertex 40.5 -4 5
      vertex 27.0249 -23.3065 5
      vertex 27.1922 -23.3375 5
    endloop
  endfacet
  facet normal 0 0 1
    outer loop
      vertex 40.5 -4 5
      vertex 26.8562 -23.2843 5
      vertex 27.0249 -23.3065 5
    endloop
  endfacet
  facet normal 0 0 1
    outer loop
      vertex 40.5 -4 5
      vertex 26.6866 -23.271 5
      vertex 26.8562 -23.2843 5
    endloop
  endfacet
  facet normal 0 0 1
    outer loop
      vertex 40.5 -4 5
      vertex 26.5165 -23.2665 5
      vertex 26.6866 -23.271 5
    endloop
  endfacet
  facet normal 0 0 1
    outer loop
      vertex 40.5 -4 5
      vertex 26.3464 -23.271 5
      vertex 26.5165 -23.2665 5
    endloop
  endfacet
  facet normal 0 0 1
    outer loop
      vertex 40.5 -4 5
      vertex 26.1768 -23.2843 5
      vertex 26.3464 -23.271 5
    endloop
  endfacet
  facet normal 0 0 1
    outer loop
      vertex 40.5 -4 5
      vertex 26.0081 -23.3065 5
      vertex 26.1768 -23.2843 5
    endloop
  endfacet
  facet normal 0 0 1
    outer loop
      vertex 40.5 -4 5
      vertex 25.8408 -23.3375 5
      vertex 26.0081 -23.3065 5
    endloop
  endfacet
  facet normal -0 0 1
    outer loop
      vertex 4 -4 5
      vertex 25.8408 -23.3375 5
      vertex 40.5 -4 5
    endloop
  endfacet
  facet normal 0 0 1
    outer loop
      vertex 25.8408 -23.3375 5
      vertex 4 -4 5
      vertex 25.6753 -23.3772 5
    endloop
  endfacet
  facet normal 0 0 1
    outer loop
      vertex 25.6753 -23.3772 5
      vertex 4 -4 5
      vertex 25.5122 -23.4256 5
    endloop
  endfacet
  facet normal 0 0 1
    outer loop
      vertex 25.5122 -23.4256 5
      vertex 4 -4 5
      vertex 25.3518 -23.4824 5
    endloop
  endfacet
  facet normal 0 0 1
    outer loop
      vertex 25.3518 -23.4824 5
      vertex 4 -4 5
      vertex 25.1946 -23.5475 5
    endloop
  endfacet
  facet normal 0 0 1
    outer loop
      vertex 25.1946 -23.5475 5
      vertex 4 -4 5
      vertex 25.041 -23.6207 5
    endloop
  endfacet
  facet normal 0 0 1
    outer loop
      vertex 25.041 -23.6207 5
      vertex 4 -4 5
      vertex 24.8915 -23.7019 5
    endloop
  endfacet
  facet normal 0 0 1
    outer loop
      vertex 24.8915 -23.7019 5
      vertex 4 -4 5
      vertex 24.7464 -23.7908 5
    endloop
  endfacet
  facet normal 0 0 1
    outer loop
      vertex 24.7464 -23.7908 5
      vertex 4 -4 5
      vertex 24.6062 -23.8872 5
    endloop
  endfacet
  facet normal 0 0 1
    outer loop
      vertex 24.6062 -23.8872 5
      vertex 4 -4 5
      vertex 24.4712 -23.9908 5
    endloop
  endfacet
  facet normal 0 0 1
    outer loop
      vertex 24.4712 -23.9908 5
      vertex 4 -4 5
      vertex 24.3418 -24.1013 5
    endloop
  endfacet
  facet normal 0 0 1
    outer loop
      vertex 24.3418 -24.1013 5
      vertex 4 -4 5
      vertex 24.2184 -24.2184 5
    endloop
  endfacet
  facet normal 0 0 1
    outer loop
      vertex 24.2184 -24.2184 5
      vertex 4 -4 5
      vertex 24.1013 -24.3418 5
    endloop
  endfacet
  facet normal 0 0 1
    outer loop
      vertex 4 -40.5 5
      vertex 23.2665 -26.5165 5
      vertex 23.271 -26.3464 5
    endloop
  endfacet
  facet normal 0 0 1
    outer loop
      vertex 23.2665 -26.5165 5
      vertex 20.3388 -39.9171 5
      vertex 22.4 -38.7979 5
    endloop
  endfacet
  facet normal 0 0 1
    outer loop
      vertex 4 -40.5 5
      vertex 23.271 -26.3464 5
      vertex 23.2843 -26.1768 5
    endloop
  endfacet
  facet normal 0 0 1
    outer loop
      vertex 4 -40.5 5
      vertex 23.2843 -26.1768 5
      vertex 23.3065 -26.0081 5
    endloop
  endfacet
  facet normal 0 0 1
    outer loop
      vertex 4 -40.5 5
      vertex 23.3065 -26.0081 5
      vertex 23.3375 -25.8408 5
    endloop
  endfacet
  facet normal 0 0 1
    outer loop
      vertex 23.2665 -26.5165 5
      vertex 18.2218 -40.9268 5
      vertex 20.3388 -39.9171 5
    endloop
  endfacet
  facet normal 0 0 1
    outer loop
      vertex 4 -4 5
      vertex 23.3375 -25.8408 5
      vertex 23.3772 -25.6753 5
    endloop
  endfacet
  facet normal 0 0 1
    outer loop
      vertex 4 -4 5
      vertex 23.3772 -25.6753 5
      vertex 23.4256 -25.5122 5
    endloop
  endfacet
  facet normal 0 0 1
    outer loop
      vertex 23.2665 -26.5165 5
      vertex 16.0549 -41.8244 5
      vertex 18.2218 -40.9268 5
    endloop
  endfacet
  facet normal 0 0 1
    outer loop
      vertex 4 -4 5
      vertex 23.4256 -25.5122 5
      vertex 23.4824 -25.3518 5
    endloop
  endfacet
  facet normal 0 0 1
    outer loop
      vertex 4 -4 5
      vertex 23.4824 -25.3518 5
      vertex 23.5475 -25.1946 5
    endloop
  endfacet
  facet normal 0 0 1
    outer loop
      vertex 23.2665 -26.5165 5
      vertex 4 -40.5 5
      vertex 16.0549 -41.8244 5
    endloop
  endfacet
  facet normal 0 0 1
    outer loop
      vertex 4 -4 5
      vertex 23.5475 -25.1946 5
      vertex 23.6207 -25.041 5
    endloop
  endfacet
  facet normal 0 0 1
    outer loop
      vertex 4 -4 5
      vertex 23.6207 -25.041 5
      vertex 23.7019 -24.8915 5
    endloop
  endfacet
  facet normal 0 0 1
    outer loop
      vertex 16.0549 -41.8244 5
      vertex 4 -40.5 5
      vertex 13.844 -42.6073 5
    endloop
  endfacet
  facet normal 0 0 1
    outer loop
      vertex 4 -4 5
      vertex 23.7019 -24.8915 5
      vertex 23.7908 -24.7464 5
    endloop
  endfacet
  facet normal 0 0 1
    outer loop
      vertex 13.844 -42.6073 5
      vertex 4 -40.5 5
      vertex 11.5951 -43.2735 5
    endloop
  endfacet
  facet normal 0 0 1
    outer loop
      vertex 4 -4 5
      vertex 23.7908 -24.7464 5
      vertex 23.8872 -24.6062 5
    endloop
  endfacet
  facet normal 0 0 1
    outer loop
      vertex 11.5951 -43.2735 5
      vertex 4 -40.5 5
      vertex 9.31444 -43.821 5
    endloop
  endfacet
  facet normal 0 0 1
    outer loop
      vertex 4 -4 5
      vertex 23.8872 -24.6062 5
      vertex 23.9908 -24.4712 5
    endloop
  endfacet
  facet normal 0 0 1
    outer loop
      vertex 24.1013 -24.3418 5
      vertex 4 -4 5
      vertex 23.9908 -24.4712 5
    endloop
  endfacet
  facet normal 0 0 1
    outer loop
      vertex 9.31444 -43.821 5
      vertex 4 -40.5 5
      vertex 7.00826 -44.2484 5
    endloop
  endfacet
  facet normal 0 0 1
    outer loop
      vertex 23.3375 -25.8408 5
      vertex 4 -4 5
      vertex 4 -40.5 5
    endloop
  endfacet
  facet normal 0 0 1
    outer loop
      vertex 7.00826 -44.2484 5
      vertex 4 -40.5 5
      vertex 4.68287 -44.5546 5
    endloop
  endfacet
  facet normal 0 0 1
    outer loop
      vertex 4 -40.5 5
      vertex 2.34465 -44.7386 5
      vertex 4.68287 -44.5546 5
    endloop
  endfacet
  facet normal 0 0 1
    outer loop
      vertex 4 -40.5 5
      vertex 0 -44.8 5
      vertex 2.34465 -44.7386 5
    endloop
  endfacet
  facet normal -0 0 1
    outer loop
      vertex -4 -40.5 5
      vertex 0 -44.8 5
      vertex 4 -40.5 5
    endloop
  endfacet
  facet normal 0 0 1
    outer loop
      vertex 0 -44.8 5
      vertex -4 -40.5 5
      vertex -2.34465 -44.7386 5
    endloop
  endfacet
  facet normal 0 0 1
    outer loop
      vertex -2.34465 -44.7386 5
      vertex -4 -40.5 5
      vertex -4.68287 -44.5546 5
    endloop
  endfacet
  facet normal 0 0 1
    outer loop
      vertex 34.8161 -28.1936 5
      vertex 29.7265 -27.0249 5
      vertex 33.2929 -29.9771 5
    endloop
  endfacet
  facet normal -0 0 1
    outer loop
      vertex 29.6955 -27.1922 5
      vertex 33.2929 -29.9771 5
      vertex 29.7265 -27.0249 5
    endloop
  endfacet
  facet normal -0 0 1
    outer loop
      vertex 29.6558 -27.3577 5
      vertex 33.2929 -29.9771 5
      vertex 29.6955 -27.1922 5
    endloop
  endfacet
  facet normal -0 0 1
    outer loop
      vertex 29.6074 -27.5208 5
      vertex 33.2929 -29.9771 5
      vertex 29.6558 -27.3577 5
    endloop
  endfacet
  facet normal -0 0 1
    outer loop
      vertex 29.5506 -27.6812 5
      vertex 33.2929 -29.9771 5
      vertex 29.6074 -27.5208 5
    endloop
  endfacet
  facet normal -0 0 1
    outer loop
      vertex 29.4855 -27.8384 5
      vertex 33.2929 -29.9771 5
      vertex 29.5506 -27.6812 5
    endloop
  endfacet
  facet normal -0 0 1
    outer loop
      vertex 29.4123 -27.992 5
      vertex 33.2929 -29.9771 5
      vertex 29.4855 -27.8384 5
    endloop
  endfacet
  facet normal -0 0 1
    outer loop
      vertex 29.3311 -28.1415 5
      vertex 33.2929 -29.9771 5
      vertex 29.4123 -27.992 5
    endloop
  endfacet
  facet normal -0 0 1
    outer loop
      vertex 29.2422 -28.2866 5
      vertex 33.2929 -29.9771 5
      vertex 29.3311 -28.1415 5
    endloop
  endfacet
  facet normal 0 0 1
    outer loop
      vertex 33.2929 -29.9771 5
      vertex 29.2422 -28.2866 5
      vertex 31.6784 -31.6784 5
    endloop
  endfacet
  facet normal -0 0 1
    outer loop
      vertex 29.1458 -28.4268 5
      vertex 31.6784 -31.6784 5
      vertex 29.2422 -28.2866 5
    endloop
  endfacet
  facet normal -0 0 1
    outer loop
      vertex 29.0422 -28.5618 5
      vertex 31.6784 -31.6784 5
      vertex 29.1458 -28.4268 5
    endloop
  endfacet
  facet normal -0 0 1
    outer loop
      vertex 28.9317 -28.6912 5
      vertex 31.6784 -31.6784 5
      vertex 29.0422 -28.5618 5
    endloop
  endfacet
  facet normal -0 0 1
    outer loop
      vertex 28.8146 -28.8146 5
      vertex 31.6784 -31.6784 5
      vertex 28.9317 -28.6912 5
    endloop
  endfacet
  facet normal -0 0 1
    outer loop
      vertex 28.6912 -28.9317 5
      vertex 31.6784 -31.6784 5
      vertex 28.8146 -28.8146 5
    endloop
  endfacet
  facet normal -0 0 1
    outer loop
      vertex 28.5618 -29.0422 5
      vertex 31.6784 -31.6784 5
      vertex 28.6912 -28.9317 5
    endloop
  endfacet
  facet normal -0 0 1
    outer loop
      vertex 28.4268 -29.1458 5
      vertex 31.6784 -31.6784 5
      vertex 28.5618 -29.0422 5
    endloop
  endfacet
  facet normal -0 0 1
    outer loop
      vertex 28.2866 -29.2422 5
      vertex 31.6784 -31.6784 5
      vertex 28.4268 -29.1458 5
    endloop
  endfacet
  facet normal 0 0 1
    outer loop
      vertex 31.6784 -31.6784 5
      vertex 28.2866 -29.2422 5
      vertex 29.9771 -33.2929 5
    endloop
  endfacet
  facet normal -0 0 1
    outer loop
      vertex 28.1415 -29.3311 5
      vertex 29.9771 -33.2929 5
      vertex 28.2866 -29.2422 5
    endloop
  endfacet
  facet normal -0 0 1
    outer loop
      vertex 27.992 -29.4123 5
      vertex 29.9771 -33.2929 5
      vertex 28.1415 -29.3311 5
    endloop
  endfacet
  facet normal -0 0 1
    outer loop
      vertex 27.8384 -29.4855 5
      vertex 29.9771 -33.2929 5
      vertex 27.992 -29.4123 5
    endloop
  endfacet
  facet normal -0 0 1
    outer loop
      vertex 27.6812 -29.5506 5
      vertex 29.9771 -33.2929 5
      vertex 27.8384 -29.4855 5
    endloop
  endfacet
  facet normal -0 0 1
    outer loop
      vertex 27.5208 -29.6074 5
      vertex 29.9771 -33.2929 5
      vertex 27.6812 -29.5506 5
    endloop
  endfacet
  facet normal -0 0 1
    outer loop
      vertex 27.3577 -29.6558 5
      vertex 29.9771 -33.2929 5
      vertex 27.5208 -29.6074 5
    endloop
  endfacet
  facet normal -0 0 1
    outer loop
      vertex 27.1922 -29.6955 5
      vertex 29.9771 -33.2929 5
      vertex 27.3577 -29.6558 5
    endloop
  endfacet
  facet normal 0 0 1
    outer loop
      vertex 29.9771 -33.2929 5
      vertex 27.1922 -29.6955 5
      vertex 28.1936 -34.8161 5
    endloop
  endfacet
  facet normal -0 0 1
    outer loop
      vertex 27.0249 -29.7265 5
      vertex 28.1936 -34.8161 5
      vertex 27.1922 -29.6955 5
    endloop
  endfacet
  facet normal -0 0 1
    outer loop
      vertex 26.8562 -29.7487 5
      vertex 28.1936 -34.8161 5
      vertex 27.0249 -29.7265 5
    endloop
  endfacet
  facet normal -0 0 1
    outer loop
      vertex 26.6866 -29.7621 5
      vertex 28.1936 -34.8161 5
      vertex 26.8562 -29.7487 5
    endloop
  endfacet
  facet normal -0 0 1
    outer loop
      vertex 26.5165 -29.7665 5
      vertex 28.1936 -34.8161 5
      vertex 26.6866 -29.7621 5
    endloop
  endfacet
  facet normal 0 0 1
    outer loop
      vertex 26.3464 -29.7621 5
      vertex 28.1936 -34.8161 5
      vertex 26.5165 -29.7665 5
    endloop
  endfacet
  facet normal 0 0 1
    outer loop
      vertex 26.1768 -29.7487 5
      vertex 28.1936 -34.8161 5
      vertex 26.3464 -29.7621 5
    endloop
  endfacet
  facet normal 0 0 1
    outer loop
      vertex 26.0081 -29.7265 5
      vertex 28.1936 -34.8161 5
      vertex 26.1768 -29.7487 5
    endloop
  endfacet
  facet normal 0 0 1
    outer loop
      vertex 28.1936 -34.8161 5
      vertex 26.0081 -29.7265 5
      vertex 26.3328 -36.244 5
    endloop
  endfacet
  facet normal 0 0 1
    outer loop
      vertex 25.8408 -29.6955 5
      vertex 26.3328 -36.244 5
      vertex 26.0081 -29.7265 5
    endloop
  endfacet
  facet normal 0 0 1
    outer loop
      vertex 25.6753 -29.6558 5
      vertex 26.3328 -36.244 5
      vertex 25.8408 -29.6955 5
    endloop
  endfacet
  facet normal 0 0 1
    outer loop
      vertex 25.5122 -29.6074 5
      vertex 26.3328 -36.244 5
      vertex 25.6753 -29.6558 5
    endloop
  endfacet
  facet normal 0 0 1
    outer loop
      vertex 25.3518 -29.5506 5
      vertex 26.3328 -36.244 5
      vertex 25.5122 -29.6074 5
    endloop
  endfacet
  facet normal 0 0 1
    outer loop
      vertex 25.1946 -29.4855 5
      vertex 26.3328 -36.244 5
      vertex 25.3518 -29.5506 5
    endloop
  endfacet
  facet normal 0 0 1
    outer loop
      vertex 25.041 -29.4123 5
      vertex 26.3328 -36.244 5
      vertex 25.1946 -29.4855 5
    endloop
  endfacet
  facet normal 0 0 1
    outer loop
      vertex 24.3998 -37.5724 5
      vertex 25.041 -29.4123 5
      vertex 24.8915 -29.3311 5
    endloop
  endfacet
  facet normal 0 0 1
    outer loop
      vertex 24.3998 -37.5724 5
      vertex 24.8915 -29.3311 5
      vertex 24.7464 -29.2422 5
    endloop
  endfacet
  facet normal 0 0 1
    outer loop
      vertex 24.3998 -37.5724 5
      vertex 24.7464 -29.2422 5
      vertex 24.6062 -29.1458 5
    endloop
  endfacet
  facet normal 0 0 1
    outer loop
      vertex 24.3998 -37.5724 5
      vertex 24.6062 -29.1458 5
      vertex 24.4712 -29.0422 5
    endloop
  endfacet
  facet normal 0 0 1
    outer loop
      vertex 25.041 -29.4123 5
      vertex 24.3998 -37.5724 5
      vertex 26.3328 -36.244 5
    endloop
  endfacet
  facet normal 0 0 1
    outer loop
      vertex 24.3418 -28.9317 5
      vertex 24.3998 -37.5724 5
      vertex 24.4712 -29.0422 5
    endloop
  endfacet
  facet normal 0 0 1
    outer loop
      vertex 22.4 -38.7979 5
      vertex 24.3418 -28.9317 5
      vertex 24.2184 -28.8146 5
    endloop
  endfacet
  facet normal 0 0 1
    outer loop
      vertex 22.4 -38.7979 5
      vertex 24.2184 -28.8146 5
      vertex 24.1013 -28.6912 5
    endloop
  endfacet
  facet normal 0 0 1
    outer loop
      vertex 22.4 -38.7979 5
      vertex 24.1013 -28.6912 5
      vertex 23.9908 -28.5618 5
    endloop
  endfacet
  facet normal 0 0 1
    outer loop
      vertex 22.4 -38.7979 5
      vertex 23.9908 -28.5618 5
      vertex 23.8872 -28.4268 5
    endloop
  endfacet
  facet normal 0 0 1
    outer loop
      vertex 22.4 -38.7979 5
      vertex 23.8872 -28.4268 5
      vertex 23.7908 -28.2866 5
    endloop
  endfacet
  facet normal 0 0 1
    outer loop
      vertex 22.4 -38.7979 5
      vertex 23.7908 -28.2866 5
      vertex 23.7019 -28.1415 5
    endloop
  endfacet
  facet normal 0 0 1
    outer loop
      vertex 22.4 -38.7979 5
      vertex 23.7019 -28.1415 5
      vertex 23.6207 -27.992 5
    endloop
  endfacet
  facet normal 0 0 1
    outer loop
      vertex 22.4 -38.7979 5
      vertex 23.6207 -27.992 5
      vertex 23.5475 -27.8384 5
    endloop
  endfacet
  facet normal 0 0 1
    outer loop
      vertex 22.4 -38.7979 5
      vertex 23.5475 -27.8384 5
      vertex 23.4824 -27.6812 5
    endloop
  endfacet
  facet normal 0 0 1
    outer loop
      vertex 22.4 -38.7979 5
      vertex 23.4824 -27.6812 5
      vertex 23.4256 -27.5208 5
    endloop
  endfacet
  facet normal 0 0 1
    outer loop
      vertex 22.4 -38.7979 5
      vertex 23.4256 -27.5208 5
      vertex 23.3772 -27.3577 5
    endloop
  endfacet
  facet normal 0 0 1
    outer loop
      vertex 22.4 -38.7979 5
      vertex 23.3772 -27.3577 5
      vertex 23.3375 -27.1922 5
    endloop
  endfacet
  facet normal 0 0 1
    outer loop
      vertex 22.4 -38.7979 5
      vertex 23.3375 -27.1922 5
      vertex 23.3065 -27.0249 5
    endloop
  endfacet
  facet normal 0 0 1
    outer loop
      vertex 22.4 -38.7979 5
      vertex 23.3065 -27.0249 5
      vertex 23.2843 -26.8562 5
    endloop
  endfacet
  facet normal 0 0 1
    outer loop
      vertex 24.3418 -28.9317 5
      vertex 22.4 -38.7979 5
      vertex 24.3998 -37.5724 5
    endloop
  endfacet
  facet normal 0 0 1
    outer loop
      vertex 23.271 -26.6866 5
      vertex 22.4 -38.7979 5
      vertex 23.2843 -26.8562 5
    endloop
  endfacet
  facet normal 0 0 1
    outer loop
      vertex 22.4 -38.7979 5
      vertex 23.271 -26.6866 5
      vertex 23.2665 -26.5165 5
    endloop
  endfacet
  facet normal -0.522505 -0.852636 0
    outer loop
      vertex -24.3998 -37.5724 0
      vertex -22.4 -38.7979 5
      vertex -24.3998 -37.5724 5
    endloop
  endfacet
  facet normal -0.522505 -0.852636 -0
    outer loop
      vertex -22.4 -38.7979 5
      vertex -24.3998 -37.5724 0
      vertex -22.4 -38.7979 0
    endloop
  endfacet
  facet normal 0.183135 0.983088 -0
    outer loop
      vertex 26.2506 24.8374 0
      vertex 26.1631 24.8537 3
      vertex 26.2506 24.8374 3
    endloop
  endfacet
  facet normal 0.183135 0.983088 0
    outer loop
      vertex 26.1631 24.8537 3
      vertex 26.2506 24.8374 0
      vertex 26.1631 24.8537 0
    endloop
  endfacet
  facet normal 0.725953 0.687745 0
    outer loop
      vertex 25.3144 25.3144 3
      vertex 25.2532 25.379 0
      vertex 25.2532 25.379 3
    endloop
  endfacet
  facet normal 0.725953 0.687745 0
    outer loop
      vertex 25.2532 25.379 0
      vertex 25.3144 25.3144 3
      vertex 25.3144 25.3144 0
    endloop
  endfacet
  facet normal -0.64931 -0.760524 0
    outer loop
      vertex 27.5863 27.8377 0
      vertex 27.654 27.7799 3
      vertex 27.5863 27.8377 3
    endloop
  endfacet
  facet normal -0.64931 -0.760524 -0
    outer loop
      vertex 27.654 27.7799 3
      vertex 27.5863 27.8377 0
      vertex 27.654 27.7799 0
    endloop
  endfacet
  facet normal -0.688336 -0.725392 0
    outer loop
      vertex 27.654 27.7799 0
      vertex 27.7186 27.7186 3
      vertex 27.654 27.7799 3
    endloop
  endfacet
  facet normal -0.688336 -0.725392 -0
    outer loop
      vertex 27.7186 27.7186 3
      vertex 27.654 27.7799 0
      vertex 27.7186 27.7186 0
    endloop
  endfacet
  facet normal -0.608243 -0.793751 0
    outer loop
      vertex 27.5157 27.8918 0
      vertex 27.5863 27.8377 3
      vertex 27.5157 27.8918 3
    endloop
  endfacet
  facet normal -0.608243 -0.793751 -0
    outer loop
      vertex 27.5863 27.8377 3
      vertex 27.5157 27.8918 0
      vertex 27.5863 27.8377 0
    endloop
  endfacet
  facet normal -0.942679 0.333702 0
    outer loop
      vertex 28.1036 25.9073 0
      vertex 28.1333 25.9912 3
      vertex 28.1333 25.9912 0
    endloop
  endfacet
  facet normal -0.942679 0.333702 0
    outer loop
      vertex 28.1333 25.9912 3
      vertex 28.1036 25.9073 0
      vertex 28.1036 25.9073 3
    endloop
  endfacet
  facet normal -0.233798 -0.972285 0
    outer loop
      vertex 26.87 28.1794 0
      vertex 26.9565 28.1586 3
      vertex 26.87 28.1794 3
    endloop
  endfacet
  facet normal -0.233798 -0.972285 -0
    outer loop
      vertex 26.9565 28.1586 3
      vertex 26.87 28.1794 0
      vertex 26.9565 28.1586 0
    endloop
  endfacet
  facet normal -0.760524 0.64931 0
    outer loop
      vertex 27.7799 25.379 0
      vertex 27.8377 25.4467 3
      vertex 27.8377 25.4467 0
    endloop
  endfacet
  facet normal -0.760524 0.64931 0
    outer loop
      vertex 27.8377 25.4467 3
      vertex 27.7799 25.379 0
      vertex 27.7799 25.379 3
    endloop
  endfacet
  facet normal 0.477513 0.878625 -0
    outer loop
      vertex 25.7447 25.0018 0
      vertex 25.6665 25.0443 3
      vertex 25.7447 25.0018 3
    endloop
  endfacet
  facet normal 0.477513 0.878625 0
    outer loop
      vertex 25.6665 25.0443 3
      vertex 25.7447 25.0018 0
      vertex 25.6665 25.0443 0
    endloop
  endfacet
  facet normal -0.284356 -0.958719 0
    outer loop
      vertex 26.9565 28.1586 0
      vertex 27.0418 28.1333 3
      vertex 26.9565 28.1586 3
    endloop
  endfacet
  facet normal -0.284356 -0.958719 -0
    outer loop
      vertex 27.0418 28.1333 3
      vertex 26.9565 28.1586 0
      vertex 27.0418 28.1333 0
    endloop
  endfacet
  facet normal 0.130396 0.991462 -0
    outer loop
      vertex 26.3388 24.8258 0
      vertex 26.2506 24.8374 3
      vertex 26.3388 24.8258 3
    endloop
  endfacet
  facet normal 0.130396 0.991462 0
    outer loop
      vertex 26.2506 24.8374 3
      vertex 26.3388 24.8258 0
      vertex 26.2506 24.8374 0
    endloop
  endfacet
  facet normal 0.333702 -0.942679 0
    outer loop
      vertex 25.9073 28.1036 0
      vertex 25.9912 28.1333 3
      vertex 25.9073 28.1036 3
    endloop
  endfacet
  facet normal 0.333702 -0.942679 0
    outer loop
      vertex 25.9912 28.1333 3
      vertex 25.9073 28.1036 0
      vertex 25.9912 28.1333 0
    endloop
  endfacet
  facet normal -0.9969 -0.0786731 0
    outer loop
      vertex 28.2142 26.6055 0
      vertex 28.2072 26.6942 3
      vertex 28.2072 26.6942 0
    endloop
  endfacet
  facet normal -0.9969 -0.0786731 0
    outer loop
      vertex 28.2072 26.6942 3
      vertex 28.2142 26.6055 0
      vertex 28.2142 26.6055 3
    endloop
  endfacet
  facet normal -0.522404 -0.852698 0
    outer loop
      vertex 27.3665 27.9887 0
      vertex 27.4424 27.9422 3
      vertex 27.3665 27.9887 3
    endloop
  endfacet
  facet normal -0.522404 -0.852698 -0
    outer loop
      vertex 27.4424 27.9422 3
      vertex 27.3665 27.9887 0
      vertex 27.4424 27.9422 0
    endloop
  endfacet
  facet normal -0.958719 -0.284356 0
    outer loop
      vertex 28.1586 26.9565 0
      vertex 28.1333 27.0418 3
      vertex 28.1333 27.0418 0
    endloop
  endfacet
  facet normal -0.958719 -0.284356 0
    outer loop
      vertex 28.1333 27.0418 3
      vertex 28.1586 26.9565 0
      vertex 28.1586 26.9565 3
    endloop
  endfacet
  facet normal 0.793208 -0.60895 0
    outer loop
      vertex 25.1412 27.5157 3
      vertex 25.1954 27.5863 0
      vertex 25.1954 27.5863 3
    endloop
  endfacet
  facet normal 0.793208 -0.60895 0
    outer loop
      vertex 25.1954 27.5863 0
      vertex 25.1412 27.5157 3
      vertex 25.1412 27.5157 0
    endloop
  endfacet
  facet normal -0.382781 -0.923839 0
    outer loop
      vertex 27.1257 28.1036 0
      vertex 27.208 28.0695 3
      vertex 27.1257 28.1036 3
    endloop
  endfacet
  facet normal -0.382781 -0.923839 -0
    outer loop
      vertex 27.208 28.0695 3
      vertex 27.1257 28.1036 0
      vertex 27.208 28.0695 0
    endloop
  endfacet
  facet normal -0.0258341 -0.999666 0
    outer loop
      vertex 26.5165 28.2165 0
      vertex 26.6055 28.2142 3
      vertex 26.5165 28.2165 3
    endloop
  endfacet
  facet normal -0.0258341 -0.999666 -0
    outer loop
      vertex 26.6055 28.2142 3
      vertex 26.5165 28.2165 0
      vertex 26.6055 28.2142 0
    endloop
  endfacet
  facet normal 0.942679 -0.333702 0
    outer loop
      vertex 24.8997 27.0418 3
      vertex 24.9294 27.1257 0
      vertex 24.9294 27.1257 3
    endloop
  endfacet
  facet normal 0.942679 -0.333702 0
    outer loop
      vertex 24.9294 27.1257 0
      vertex 24.8997 27.0418 3
      vertex 24.8997 27.0418 0
    endloop
  endfacet
  facet normal -0.477513 -0.878625 0
    outer loop
      vertex 27.2883 28.0312 0
      vertex 27.3665 27.9887 3
      vertex 27.2883 28.0312 3
    endloop
  endfacet
  facet normal -0.477513 -0.878625 -0
    outer loop
      vertex 27.3665 27.9887 3
      vertex 27.2883 28.0312 0
      vertex 27.3665 27.9887 0
    endloop
  endfacet
  facet normal 0.760524 0.64931 0
    outer loop
      vertex 25.2532 25.379 3
      vertex 25.1954 25.4467 0
      vertex 25.1954 25.4467 3
    endloop
  endfacet
  facet normal 0.760524 0.64931 0
    outer loop
      vertex 25.1954 25.4467 0
      vertex 25.2532 25.379 3
      vertex 25.2532 25.379 0
    endloop
  endfacet
  facet normal -0.60895 0.793208 0
    outer loop
      vertex 27.5863 25.1954 0
      vertex 27.5157 25.1412 3
      vertex 27.5863 25.1954 3
    endloop
  endfacet
  facet normal -0.60895 0.793208 0
    outer loop
      vertex 27.5157 25.1412 3
      vertex 27.5863 25.1954 0
      vertex 27.5157 25.1412 0
    endloop
  endfacet
  facet normal 0.9969 -0.0786731 0
    outer loop
      vertex 24.8188 26.6055 3
      vertex 24.8258 26.6942 0
      vertex 24.8258 26.6942 3
    endloop
  endfacet
  facet normal 0.9969 -0.0786731 0
    outer loop
      vertex 24.8258 26.6942 0
      vertex 24.8188 26.6055 3
      vertex 24.8188 26.6055 0
    endloop
  endfacet
  facet normal -0.725392 0.688336 0
    outer loop
      vertex 27.7186 25.3144 0
      vertex 27.7799 25.379 3
      vertex 27.7799 25.379 0
    endloop
  endfacet
  facet normal -0.725392 0.688336 0
    outer loop
      vertex 27.7799 25.379 3
      vertex 27.7186 25.3144 0
      vertex 27.7186 25.3144 3
    endloop
  endfacet
  facet normal -0.232735 0.97254 0
    outer loop
      vertex 26.9565 24.8744 0
      vertex 26.87 24.8537 3
      vertex 26.9565 24.8744 3
    endloop
  endfacet
  facet normal -0.232735 0.97254 0
    outer loop
      vertex 26.87 24.8537 3
      vertex 26.9565 24.8744 0
      vertex 26.87 24.8537 0
    endloop
  endfacet
  facet normal 0.999666 -0.0258341 0
    outer loop
      vertex 24.8165 26.5165 3
      vertex 24.8188 26.6055 0
      vertex 24.8188 26.6055 3
    endloop
  endfacet
  facet normal 0.999666 -0.0258341 0
    outer loop
      vertex 24.8188 26.6055 0
      vertex 24.8165 26.5165 3
      vertex 24.8165 26.5165 0
    endloop
  endfacet
  facet normal 0.64931 0.760524 -0
    outer loop
      vertex 25.4467 25.1954 0
      vertex 25.379 25.2532 3
      vertex 25.4467 25.1954 3
    endloop
  endfacet
  facet normal 0.64931 0.760524 0
    outer loop
      vertex 25.379 25.2532 3
      vertex 25.4467 25.1954 0
      vertex 25.379 25.2532 0
    endloop
  endfacet
  facet normal 0.608243 -0.793751 0
    outer loop
      vertex 25.4467 27.8377 0
      vertex 25.5173 27.8918 3
      vertex 25.4467 27.8377 3
    endloop
  endfacet
  facet normal 0.608243 -0.793751 0
    outer loop
      vertex 25.5173 27.8918 3
      vertex 25.4467 27.8377 0
      vertex 25.5173 27.8918 0
    endloop
  endfacet
  facet normal -0.983327 -0.181848 0
    outer loop
      vertex 28.1956 26.7824 0
      vertex 28.1794 26.87 3
      vertex 28.1794 26.87 0
    endloop
  endfacet
  facet normal -0.983327 -0.181848 0
    outer loop
      vertex 28.1794 26.87 3
      vertex 28.1956 26.7824 0
      vertex 28.1956 26.7824 3
    endloop
  endfacet
  facet normal 0.725953 -0.687745 0
    outer loop
      vertex 25.2532 27.654 3
      vertex 25.3144 27.7186 0
      vertex 25.3144 27.7186 3
    endloop
  endfacet
  facet normal 0.725953 -0.687745 0
    outer loop
      vertex 25.3144 27.7186 0
      vertex 25.2532 27.654 3
      vertex 25.2532 27.654 0
    endloop
  endfacet
  facet normal -0.0786731 -0.9969 0
    outer loop
      vertex 26.6055 28.2142 0
      vertex 26.6942 28.2072 3
      vertex 26.6055 28.2142 3
    endloop
  endfacet
  facet normal -0.0786731 -0.9969 -0
    outer loop
      vertex 26.6942 28.2072 3
      vertex 26.6055 28.2142 0
      vertex 26.6942 28.2072 0
    endloop
  endfacet
  facet normal 0.878625 -0.477513 0
    outer loop
      vertex 25.0018 27.2883 3
      vertex 25.0443 27.3665 0
      vertex 25.0443 27.3665 3
    endloop
  endfacet
  facet normal 0.878625 -0.477513 0
    outer loop
      vertex 25.0443 27.3665 0
      vertex 25.0018 27.2883 3
      vertex 25.0018 27.2883 0
    endloop
  endfacet
  facet normal 0.430064 0.902798 -0
    outer loop
      vertex 25.8251 24.9635 0
      vertex 25.7447 25.0018 3
      vertex 25.8251 24.9635 3
    endloop
  endfacet
  facet normal 0.430064 0.902798 0
    outer loop
      vertex 25.7447 25.0018 3
      vertex 25.8251 24.9635 0
      vertex 25.7447 25.0018 0
    endloop
  endfacet
  facet normal -0.824009 -0.566577 0
    outer loop
      vertex 27.9422 27.4424 0
      vertex 27.8918 27.5157 3
      vertex 27.8918 27.5157 0
    endloop
  endfacet
  facet normal -0.824009 -0.566577 0
    outer loop
      vertex 27.8918 27.5157 3
      vertex 27.9422 27.4424 0
      vertex 27.9422 27.4424 3
    endloop
  endfacet
  facet normal 0.902798 0.430064 0
    outer loop
      vertex 25.0018 25.7447 3
      vertex 24.9635 25.8251 0
      vertex 24.9635 25.8251 3
    endloop
  endfacet
  facet normal 0.902798 0.430064 0
    outer loop
      vertex 24.9635 25.8251 0
      vertex 25.0018 25.7447 3
      vertex 25.0018 25.7447 0
    endloop
  endfacet
  facet normal 0.0258341 0.999666 -0
    outer loop
      vertex 26.5165 24.8165 0
      vertex 26.4275 24.8188 3
      vertex 26.5165 24.8165 3
    endloop
  endfacet
  facet normal 0.0258341 0.999666 0
    outer loop
      vertex 26.4275 24.8188 3
      vertex 26.5165 24.8165 0
      vertex 26.4275 24.8188 0
    endloop
  endfacet
  facet normal 0.852698 -0.522404 0
    outer loop
      vertex 25.0443 27.3665 3
      vertex 25.0908 27.4424 0
      vertex 25.0908 27.4424 3
    endloop
  endfacet
  facet normal 0.852698 -0.522404 0
    outer loop
      vertex 25.0908 27.4424 0
      vertex 25.0443 27.3665 3
      vertex 25.0443 27.3665 0
    endloop
  endfacet
  facet normal -0.284356 0.958719 0
    outer loop
      vertex 27.0418 24.8997 0
      vertex 26.9565 24.8744 3
      vertex 27.0418 24.8997 3
    endloop
  endfacet
  facet normal -0.284356 0.958719 0
    outer loop
      vertex 26.9565 24.8744 3
      vertex 27.0418 24.8997 0
      vertex 26.9565 24.8744 0
    endloop
  endfacet
  facet normal 0.0786731 -0.9969 0
    outer loop
      vertex 26.3388 28.2072 0
      vertex 26.4275 28.2142 3
      vertex 26.3388 28.2072 3
    endloop
  endfacet
  facet normal 0.0786731 -0.9969 0
    outer loop
      vertex 26.4275 28.2142 3
      vertex 26.3388 28.2072 0
      vertex 26.4275 28.2142 0
    endloop
  endfacet
  facet normal 0.983125 -0.182933 0
    outer loop
      vertex 24.8374 26.7824 3
      vertex 24.8537 26.87 0
      vertex 24.8537 26.87 3
    endloop
  endfacet
  facet normal 0.983125 -0.182933 0
    outer loop
      vertex 24.8537 26.87 0
      vertex 24.8374 26.7824 3
      vertex 24.8374 26.7824 0
    endloop
  endfacet
  facet normal 0.233543 -0.972347 0
    outer loop
      vertex 26.0765 28.1586 0
      vertex 26.1631 28.1794 3
      vertex 26.0765 28.1586 3
    endloop
  endfacet
  facet normal 0.233543 -0.972347 0
    outer loop
      vertex 26.1631 28.1794 3
      vertex 26.0765 28.1586 0
      vertex 26.1631 28.1794 0
    endloop
  endfacet
  facet normal -0.430501 0.90259 0
    outer loop
      vertex 27.2883 25.0018 0
      vertex 27.208 24.9635 3
      vertex 27.2883 25.0018 3
    endloop
  endfacet
  facet normal -0.430501 0.90259 0
    outer loop
      vertex 27.208 24.9635 3
      vertex 27.2883 25.0018 0
      vertex 27.208 24.9635 0
    endloop
  endfacet
  facet normal -0.878625 0.477513 0
    outer loop
      vertex 27.9887 25.6665 0
      vertex 28.0312 25.7447 3
      vertex 28.0312 25.7447 0
    endloop
  endfacet
  facet normal -0.878625 0.477513 0
    outer loop
      vertex 28.0312 25.7447 3
      vertex 27.9887 25.6665 0
      vertex 27.9887 25.6665 3
    endloop
  endfacet
  facet normal 0.90259 -0.430501 0
    outer loop
      vertex 24.9635 27.208 3
      vertex 25.0018 27.2883 0
      vertex 25.0018 27.2883 3
    endloop
  endfacet
  facet normal 0.90259 -0.430501 0
    outer loop
      vertex 25.0018 27.2883 0
      vertex 24.9635 27.208 3
      vertex 24.9635 27.208 0
    endloop
  endfacet
  facet normal 0.566577 0.824009 -0
    outer loop
      vertex 25.5906 25.0908 0
      vertex 25.5173 25.1412 3
      vertex 25.5906 25.0908 3
    endloop
  endfacet
  facet normal 0.566577 0.824009 0
    outer loop
      vertex 25.5173 25.1412 3
      vertex 25.5906 25.0908 0
      vertex 25.5173 25.1412 0
    endloop
  endfacet
  facet normal -0.760524 -0.64931 0
    outer loop
      vertex 27.8377 27.5863 0
      vertex 27.7799 27.654 3
      vertex 27.7799 27.654 0
    endloop
  endfacet
  facet normal -0.760524 -0.64931 0
    outer loop
      vertex 27.7799 27.654 3
      vertex 27.8377 27.5863 0
      vertex 27.8377 27.5863 3
    endloop
  endfacet
  facet normal 0.878625 0.477513 0
    outer loop
      vertex 25.0443 25.6665 3
      vertex 25.0018 25.7447 0
      vertex 25.0018 25.7447 3
    endloop
  endfacet
  facet normal 0.878625 0.477513 0
    outer loop
      vertex 25.0018 25.7447 0
      vertex 25.0443 25.6665 3
      vertex 25.0443 25.6665 0
    endloop
  endfacet
  facet normal -0.958719 0.284356 0
    outer loop
      vertex 28.1333 25.9912 0
      vertex 28.1586 26.0765 3
      vertex 28.1586 26.0765 0
    endloop
  endfacet
  facet normal -0.958719 0.284356 0
    outer loop
      vertex 28.1586 26.0765 3
      vertex 28.1333 25.9912 0
      vertex 28.1333 25.9912 3
    endloop
  endfacet
  facet normal 0.760524 -0.64931 0
    outer loop
      vertex 25.1954 27.5863 3
      vertex 25.2532 27.654 0
      vertex 25.2532 27.654 3
    endloop
  endfacet
  facet normal 0.760524 -0.64931 0
    outer loop
      vertex 25.2532 27.654 0
      vertex 25.1954 27.5863 3
      vertex 25.1954 27.5863 0
    endloop
  endfacet
  facet normal -0.793751 0.608243 0
    outer loop
      vertex 27.8377 25.4467 0
      vertex 27.8918 25.5173 3
      vertex 27.8918 25.5173 0
    endloop
  endfacet
  facet normal -0.793751 0.608243 0
    outer loop
      vertex 27.8918 25.5173 3
      vertex 27.8377 25.4467 0
      vertex 27.8377 25.4467 3
    endloop
  endfacet
  facet normal -0.824009 0.566577 0
    outer loop
      vertex 27.8918 25.5173 0
      vertex 27.9422 25.5906 3
      vertex 27.9422 25.5906 0
    endloop
  endfacet
  facet normal -0.824009 0.566577 0
    outer loop
      vertex 27.9422 25.5906 3
      vertex 27.8918 25.5173 0
      vertex 27.8918 25.5173 3
    endloop
  endfacet
  facet normal 0.284356 -0.958719 0
    outer loop
      vertex 25.9912 28.1333 0
      vertex 26.0765 28.1586 3
      vertex 25.9912 28.1333 3
    endloop
  endfacet
  facet normal 0.284356 -0.958719 0
    outer loop
      vertex 26.0765 28.1586 3
      vertex 25.9912 28.1333 0
      vertex 26.0765 28.1586 0
    endloop
  endfacet
  facet normal 0.923674 0.383179 0
    outer loop
      vertex 24.9635 25.8251 3
      vertex 24.9294 25.9073 0
      vertex 24.9294 25.9073 3
    endloop
  endfacet
  facet normal 0.923674 0.383179 0
    outer loop
      vertex 24.9294 25.9073 0
      vertex 24.9635 25.8251 3
      vertex 24.9635 25.8251 0
    endloop
  endfacet
  facet normal 0.60895 0.793208 -0
    outer loop
      vertex 25.5173 25.1412 0
      vertex 25.4467 25.1954 3
      vertex 25.5173 25.1412 3
    endloop
  endfacet
  facet normal 0.60895 0.793208 0
    outer loop
      vertex 25.4467 25.1954 3
      vertex 25.5173 25.1412 0
      vertex 25.4467 25.1954 0
    endloop
  endfacet
  facet normal 0.999666 0.0258341 0
    outer loop
      vertex 24.8188 26.4275 3
      vertex 24.8165 26.5165 0
      vertex 24.8165 26.5165 3
    endloop
  endfacet
  facet normal 0.999666 0.0258341 0
    outer loop
      vertex 24.8165 26.5165 0
      vertex 24.8188 26.4275 3
      vertex 24.8188 26.4275 0
    endloop
  endfacet
  facet normal -0.923839 -0.382781 0
    outer loop
      vertex 28.1036 27.1257 0
      vertex 28.0695 27.208 3
      vertex 28.0695 27.208 0
    endloop
  endfacet
  facet normal -0.923839 -0.382781 0
    outer loop
      vertex 28.0695 27.208 3
      vertex 28.1036 27.1257 0
      vertex 28.1036 27.1257 3
    endloop
  endfacet
  facet normal 0.0786731 0.9969 -0
    outer loop
      vertex 26.4275 24.8188 0
      vertex 26.3388 24.8258 3
      vertex 26.4275 24.8188 3
    endloop
  endfacet
  facet normal 0.0786731 0.9969 0
    outer loop
      vertex 26.3388 24.8258 3
      vertex 26.4275 24.8188 0
      vertex 26.3388 24.8258 0
    endloop
  endfacet
  facet normal -0.942679 -0.333702 0
    outer loop
      vertex 28.1333 27.0418 0
      vertex 28.1036 27.1257 3
      vertex 28.1036 27.1257 0
    endloop
  endfacet
  facet normal -0.942679 -0.333702 0
    outer loop
      vertex 28.1036 27.1257 3
      vertex 28.1333 27.0418 0
      vertex 28.1333 27.0418 3
    endloop
  endfacet
  facet normal -0.90259 -0.430501 0
    outer loop
      vertex 28.0695 27.208 0
      vertex 28.0312 27.2883 3
      vertex 28.0312 27.2883 0
    endloop
  endfacet
  facet normal -0.90259 -0.430501 0
    outer loop
      vertex 28.0312 27.2883 3
      vertex 28.0695 27.208 0
      vertex 28.0695 27.208 3
    endloop
  endfacet
  facet normal -0.430501 -0.90259 0
    outer loop
      vertex 27.208 28.0695 0
      vertex 27.2883 28.0312 3
      vertex 27.208 28.0695 3
    endloop
  endfacet
  facet normal -0.430501 -0.90259 -0
    outer loop
      vertex 27.2883 28.0312 3
      vertex 27.208 28.0695 0
      vertex 27.2883 28.0312 0
    endloop
  endfacet
  facet normal -0.878625 -0.477513 0
    outer loop
      vertex 28.0312 27.2883 0
      vertex 27.9887 27.3665 3
      vertex 27.9887 27.3665 0
    endloop
  endfacet
  facet normal -0.878625 -0.477513 0
    outer loop
      vertex 27.9887 27.3665 3
      vertex 28.0312 27.2883 0
      vertex 28.0312 27.2883 3
    endloop
  endfacet
  facet normal -0.566577 0.824009 0
    outer loop
      vertex 27.5157 25.1412 0
      vertex 27.4424 25.0908 3
      vertex 27.5157 25.1412 3
    endloop
  endfacet
  facet normal -0.566577 0.824009 0
    outer loop
      vertex 27.4424 25.0908 3
      vertex 27.5157 25.1412 0
      vertex 27.4424 25.0908 0
    endloop
  endfacet
  facet normal 0.430064 -0.902798 0
    outer loop
      vertex 25.7447 28.0312 0
      vertex 25.8251 28.0695 3
      vertex 25.7447 28.0312 3
    endloop
  endfacet
  facet normal 0.430064 -0.902798 0
    outer loop
      vertex 25.8251 28.0695 3
      vertex 25.7447 28.0312 0
      vertex 25.8251 28.0695 0
    endloop
  endfacet
  facet normal -0.130396 0.991462 0
    outer loop
      vertex 26.7824 24.8374 0
      vertex 26.6942 24.8258 3
      vertex 26.7824 24.8374 3
    endloop
  endfacet
  facet normal -0.130396 0.991462 0
    outer loop
      vertex 26.6942 24.8258 3
      vertex 26.7824 24.8374 0
      vertex 26.6942 24.8258 0
    endloop
  endfacet
  facet normal 0.522404 0.852698 -0
    outer loop
      vertex 25.6665 25.0443 0
      vertex 25.5906 25.0908 3
      vertex 25.6665 25.0443 3
    endloop
  endfacet
  facet normal 0.522404 0.852698 0
    outer loop
      vertex 25.5906 25.0908 3
      vertex 25.6665 25.0443 0
      vertex 25.5906 25.0908 0
    endloop
  endfacet
  facet normal -0.852698 0.522404 0
    outer loop
      vertex 27.9422 25.5906 0
      vertex 27.9887 25.6665 3
      vertex 27.9887 25.6665 0
    endloop
  endfacet
  facet normal -0.852698 0.522404 0
    outer loop
      vertex 27.9887 25.6665 3
      vertex 27.9422 25.5906 0
      vertex 27.9422 25.5906 3
    endloop
  endfacet
  facet normal -0.333702 -0.942679 0
    outer loop
      vertex 27.0418 28.1333 0
      vertex 27.1257 28.1036 3
      vertex 27.0418 28.1333 3
    endloop
  endfacet
  facet normal -0.333702 -0.942679 -0
    outer loop
      vertex 27.1257 28.1036 3
      vertex 27.0418 28.1333 0
      vertex 27.1257 28.1036 0
    endloop
  endfacet
  facet normal -0.566577 -0.824009 0
    outer loop
      vertex 27.4424 27.9422 0
      vertex 27.5157 27.8918 3
      vertex 27.4424 27.9422 3
    endloop
  endfacet
  facet normal -0.566577 -0.824009 -0
    outer loop
      vertex 27.5157 27.8918 3
      vertex 27.4424 27.9422 0
      vertex 27.5157 27.8918 0
    endloop
  endfacet
  facet normal -0.0786731 0.9969 0
    outer loop
      vertex 26.6942 24.8258 0
      vertex 26.6055 24.8188 3
      vertex 26.6942 24.8258 3
    endloop
  endfacet
  facet normal -0.0786731 0.9969 0
    outer loop
      vertex 26.6055 24.8188 3
      vertex 26.6942 24.8258 0
      vertex 26.6055 24.8188 0
    endloop
  endfacet
  facet normal 0.793208 0.60895 0
    outer loop
      vertex 25.1954 25.4467 3
      vertex 25.1412 25.5173 0
      vertex 25.1412 25.5173 3
    endloop
  endfacet
  facet normal 0.793208 0.60895 0
    outer loop
      vertex 25.1412 25.5173 0
      vertex 25.1954 25.4467 3
      vertex 25.1954 25.4467 0
    endloop
  endfacet
  facet normal 0.852698 0.522404 0
    outer loop
      vertex 25.0908 25.5906 3
      vertex 25.0443 25.6665 0
      vertex 25.0443 25.6665 3
    endloop
  endfacet
  facet normal 0.852698 0.522404 0
    outer loop
      vertex 25.0443 25.6665 0
      vertex 25.0908 25.5906 3
      vertex 25.0908 25.5906 0
    endloop
  endfacet
  facet normal 0.688336 -0.725392 0
    outer loop
      vertex 25.3144 27.7186 0
      vertex 25.379 27.7799 3
      vertex 25.3144 27.7186 3
    endloop
  endfacet
  facet normal 0.688336 -0.725392 0
    outer loop
      vertex 25.379 27.7799 3
      vertex 25.3144 27.7186 0
      vertex 25.379 27.7799 0
    endloop
  endfacet
  facet normal 0.383179 -0.923674 0
    outer loop
      vertex 25.8251 28.0695 0
      vertex 25.9073 28.1036 3
      vertex 25.8251 28.0695 3
    endloop
  endfacet
  facet normal 0.383179 -0.923674 0
    outer loop
      vertex 25.9073 28.1036 3
      vertex 25.8251 28.0695 0
      vertex 25.9073 28.1036 0
    endloop
  endfacet
  facet normal 0.991462 0.130396 0
    outer loop
      vertex 24.8374 26.2506 3
      vertex 24.8258 26.3388 0
      vertex 24.8258 26.3388 3
    endloop
  endfacet
  facet normal 0.991462 0.130396 0
    outer loop
      vertex 24.8258 26.3388 0
      vertex 24.8374 26.2506 3
      vertex 24.8374 26.2506 0
    endloop
  endfacet
  facet normal -0.9969 0.0786731 0
    outer loop
      vertex 28.2072 26.3388 0
      vertex 28.2142 26.4275 3
      vertex 28.2142 26.4275 0
    endloop
  endfacet
  facet normal -0.9969 0.0786731 0
    outer loop
      vertex 28.2142 26.4275 3
      vertex 28.2072 26.3388 0
      vertex 28.2072 26.3388 3
    endloop
  endfacet
  facet normal -0.793751 -0.608243 0
    outer loop
      vertex 27.8918 27.5157 0
      vertex 27.8377 27.5863 3
      vertex 27.8377 27.5863 0
    endloop
  endfacet
  facet normal -0.793751 -0.608243 0
    outer loop
      vertex 27.8377 27.5863 3
      vertex 27.8918 27.5157 0
      vertex 27.8918 27.5157 3
    endloop
  endfacet
  facet normal -0.852698 -0.522404 0
    outer loop
      vertex 27.9887 27.3665 0
      vertex 27.9422 27.4424 3
      vertex 27.9422 27.4424 0
    endloop
  endfacet
  facet normal -0.852698 -0.522404 0
    outer loop
      vertex 27.9422 27.4424 3
      vertex 27.9887 27.3665 0
      vertex 27.9887 27.3665 3
    endloop
  endfacet
  facet normal -0.181848 -0.983327 0
    outer loop
      vertex 26.7824 28.1956 0
      vertex 26.87 28.1794 3
      vertex 26.7824 28.1956 3
    endloop
  endfacet
  facet normal -0.181848 -0.983327 -0
    outer loop
      vertex 26.87 28.1794 3
      vertex 26.7824 28.1956 0
      vertex 26.87 28.1794 0
    endloop
  endfacet
  facet normal 0.182049 -0.983289 0
    outer loop
      vertex 26.1631 28.1794 0
      vertex 26.2506 28.1956 3
      vertex 26.1631 28.1794 3
    endloop
  endfacet
  facet normal 0.182049 -0.983289 0
    outer loop
      vertex 26.2506 28.1956 3
      vertex 26.1631 28.1794 0
      vertex 26.2506 28.1956 0
    endloop
  endfacet
  facet normal 0.942679 0.333702 0
    outer loop
      vertex 24.9294 25.9073 3
      vertex 24.8997 25.9912 0
      vertex 24.8997 25.9912 3
    endloop
  endfacet
  facet normal 0.942679 0.333702 0
    outer loop
      vertex 24.8997 25.9912 0
      vertex 24.9294 25.9073 3
      vertex 24.9294 25.9073 0
    endloop
  endfacet
  facet normal 0.0258341 -0.999666 0
    outer loop
      vertex 26.4275 28.2142 0
      vertex 26.5165 28.2165 3
      vertex 26.4275 28.2142 3
    endloop
  endfacet
  facet normal 0.0258341 -0.999666 0
    outer loop
      vertex 26.5165 28.2165 3
      vertex 26.4275 28.2142 0
      vertex 26.5165 28.2165 0
    endloop
  endfacet
  facet normal -0.687745 0.725953 0
    outer loop
      vertex 27.7186 25.3144 0
      vertex 27.654 25.2532 3
      vertex 27.7186 25.3144 3
    endloop
  endfacet
  facet normal -0.687745 0.725953 0
    outer loop
      vertex 27.654 25.2532 3
      vertex 27.7186 25.3144 0
      vertex 27.654 25.2532 0
    endloop
  endfacet
  facet normal 0.566577 -0.824009 0
    outer loop
      vertex 25.5173 27.8918 0
      vertex 25.5906 27.9422 3
      vertex 25.5173 27.8918 3
    endloop
  endfacet
  facet normal 0.566577 -0.824009 0
    outer loop
      vertex 25.5906 27.9422 3
      vertex 25.5173 27.8918 0
      vertex 25.5906 27.9422 0
    endloop
  endfacet
  facet normal 0.824009 -0.566577 0
    outer loop
      vertex 25.0908 27.4424 3
      vertex 25.1412 27.5157 0
      vertex 25.1412 27.5157 3
    endloop
  endfacet
  facet normal 0.824009 -0.566577 0
    outer loop
      vertex 25.1412 27.5157 0
      vertex 25.0908 27.4424 3
      vertex 25.0908 27.4424 0
    endloop
  endfacet
  facet normal 0.130396 -0.991462 0
    outer loop
      vertex 26.2506 28.1956 0
      vertex 26.3388 28.2072 3
      vertex 26.2506 28.1956 3
    endloop
  endfacet
  facet normal 0.130396 -0.991462 0
    outer loop
      vertex 26.3388 28.2072 3
      vertex 26.2506 28.1956 0
      vertex 26.3388 28.2072 0
    endloop
  endfacet
  facet normal -0.991462 0.130396 0
    outer loop
      vertex 28.1956 26.2506 0
      vertex 28.2072 26.3388 3
      vertex 28.2072 26.3388 0
    endloop
  endfacet
  facet normal -0.991462 0.130396 0
    outer loop
      vertex 28.2072 26.3388 3
      vertex 28.1956 26.2506 0
      vertex 28.1956 26.2506 3
    endloop
  endfacet
  facet normal 0.64931 -0.760524 0
    outer loop
      vertex 25.379 27.7799 0
      vertex 25.4467 27.8377 3
      vertex 25.379 27.7799 3
    endloop
  endfacet
  facet normal 0.64931 -0.760524 0
    outer loop
      vertex 25.4467 27.8377 3
      vertex 25.379 27.7799 0
      vertex 25.4467 27.8377 0
    endloop
  endfacet
  facet normal -0.477513 0.878625 0
    outer loop
      vertex 27.3665 25.0443 0
      vertex 27.2883 25.0018 3
      vertex 27.3665 25.0443 3
    endloop
  endfacet
  facet normal -0.477513 0.878625 0
    outer loop
      vertex 27.2883 25.0018 3
      vertex 27.3665 25.0443 0
      vertex 27.2883 25.0018 0
    endloop
  endfacet
  facet normal -0.522404 0.852698 0
    outer loop
      vertex 27.4424 25.0908 0
      vertex 27.3665 25.0443 3
      vertex 27.4424 25.0908 3
    endloop
  endfacet
  facet normal -0.522404 0.852698 0
    outer loop
      vertex 27.3665 25.0443 3
      vertex 27.4424 25.0908 0
      vertex 27.3665 25.0443 0
    endloop
  endfacet
  facet normal -0.991462 -0.130396 0
    outer loop
      vertex 28.2072 26.6942 0
      vertex 28.1956 26.7824 3
      vertex 28.1956 26.7824 0
    endloop
  endfacet
  facet normal -0.991462 -0.130396 0
    outer loop
      vertex 28.1956 26.7824 3
      vertex 28.2072 26.6942 0
      vertex 28.2072 26.6942 3
    endloop
  endfacet
  facet normal -0.0258341 0.999666 0
    outer loop
      vertex 26.6055 24.8188 0
      vertex 26.5165 24.8165 3
      vertex 26.6055 24.8188 3
    endloop
  endfacet
  facet normal -0.0258341 0.999666 0
    outer loop
      vertex 26.5165 24.8165 3
      vertex 26.6055 24.8188 0
      vertex 26.5165 24.8165 0
    endloop
  endfacet
  facet normal 0.687745 0.725953 -0
    outer loop
      vertex 25.379 25.2532 0
      vertex 25.3144 25.3144 3
      vertex 25.379 25.2532 3
    endloop
  endfacet
  facet normal 0.687745 0.725953 0
    outer loop
      vertex 25.3144 25.3144 3
      vertex 25.379 25.2532 0
      vertex 25.3144 25.3144 0
    endloop
  endfacet
  facet normal 0.232481 0.972601 -0
    outer loop
      vertex 26.1631 24.8537 0
      vertex 26.0765 24.8744 3
      vertex 26.1631 24.8537 3
    endloop
  endfacet
  facet normal 0.232481 0.972601 0
    outer loop
      vertex 26.0765 24.8744 3
      vertex 26.1631 24.8537 0
      vertex 26.0765 24.8744 0
    endloop
  endfacet
  facet normal 0.284356 0.958719 -0
    outer loop
      vertex 26.0765 24.8744 0
      vertex 25.9912 24.8997 3
      vertex 26.0765 24.8744 3
    endloop
  endfacet
  facet normal 0.284356 0.958719 0
    outer loop
      vertex 25.9912 24.8997 3
      vertex 26.0765 24.8744 0
      vertex 25.9912 24.8997 0
    endloop
  endfacet
  facet normal -0.725392 -0.688336 0
    outer loop
      vertex 27.7799 27.654 0
      vertex 27.7186 27.7186 3
      vertex 27.7186 27.7186 0
    endloop
  endfacet
  facet normal -0.725392 -0.688336 0
    outer loop
      vertex 27.7186 27.7186 3
      vertex 27.7799 27.654 0
      vertex 27.7799 27.654 3
    endloop
  endfacet
  facet normal -0.972285 -0.233798 0
    outer loop
      vertex 28.1794 26.87 0
      vertex 28.1586 26.9565 3
      vertex 28.1586 26.9565 0
    endloop
  endfacet
  facet normal -0.972285 -0.233798 0
    outer loop
      vertex 28.1586 26.9565 3
      vertex 28.1794 26.87 0
      vertex 28.1794 26.87 3
    endloop
  endfacet
  facet normal 0.9969 0.0786731 0
    outer loop
      vertex 24.8258 26.3388 3
      vertex 24.8188 26.4275 0
      vertex 24.8188 26.4275 3
    endloop
  endfacet
  facet normal 0.9969 0.0786731 0
    outer loop
      vertex 24.8188 26.4275 0
      vertex 24.8258 26.3388 3
      vertex 24.8258 26.3388 0
    endloop
  endfacet
  facet normal -0.972347 0.233543 0
    outer loop
      vertex 28.1586 26.0765 0
      vertex 28.1794 26.1631 3
      vertex 28.1794 26.1631 0
    endloop
  endfacet
  facet normal -0.972347 0.233543 0
    outer loop
      vertex 28.1794 26.1631 3
      vertex 28.1586 26.0765 0
      vertex 28.1586 26.0765 3
    endloop
  endfacet
  facet normal -0.983289 0.182049 0
    outer loop
      vertex 28.1794 26.1631 0
      vertex 28.1956 26.2506 3
      vertex 28.1956 26.2506 0
    endloop
  endfacet
  facet normal -0.983289 0.182049 0
    outer loop
      vertex 28.1956 26.2506 3
      vertex 28.1794 26.1631 0
      vertex 28.1794 26.1631 3
    endloop
  endfacet
  facet normal 0.972601 0.232481 0
    outer loop
      vertex 24.8744 26.0765 3
      vertex 24.8537 26.1631 0
      vertex 24.8537 26.1631 3
    endloop
  endfacet
  facet normal 0.972601 0.232481 0
    outer loop
      vertex 24.8537 26.1631 0
      vertex 24.8744 26.0765 3
      vertex 24.8744 26.0765 0
    endloop
  endfacet
  facet normal -0.902798 0.430064 0
    outer loop
      vertex 28.0312 25.7447 0
      vertex 28.0695 25.8251 3
      vertex 28.0695 25.8251 0
    endloop
  endfacet
  facet normal -0.902798 0.430064 0
    outer loop
      vertex 28.0695 25.8251 3
      vertex 28.0312 25.7447 0
      vertex 28.0312 25.7447 3
    endloop
  endfacet
  facet normal -0.333702 0.942679 0
    outer loop
      vertex 27.1257 24.9294 0
      vertex 27.0418 24.8997 3
      vertex 27.1257 24.9294 3
    endloop
  endfacet
  facet normal -0.333702 0.942679 0
    outer loop
      vertex 27.0418 24.8997 3
      vertex 27.1257 24.9294 0
      vertex 27.0418 24.8997 0
    endloop
  endfacet
  facet normal 0.522404 -0.852698 0
    outer loop
      vertex 25.5906 27.9422 0
      vertex 25.6665 27.9887 3
      vertex 25.5906 27.9422 3
    endloop
  endfacet
  facet normal 0.522404 -0.852698 0
    outer loop
      vertex 25.6665 27.9887 3
      vertex 25.5906 27.9422 0
      vertex 25.6665 27.9887 0
    endloop
  endfacet
  facet normal 0.958719 0.284356 0
    outer loop
      vertex 24.8997 25.9912 3
      vertex 24.8744 26.0765 0
      vertex 24.8744 26.0765 3
    endloop
  endfacet
  facet normal 0.958719 0.284356 0
    outer loop
      vertex 24.8744 26.0765 0
      vertex 24.8997 25.9912 3
      vertex 24.8997 25.9912 0
    endloop
  endfacet
  facet normal 0.383179 0.923674 -0
    outer loop
      vertex 25.9073 24.9294 0
      vertex 25.8251 24.9635 3
      vertex 25.9073 24.9294 3
    endloop
  endfacet
  facet normal 0.383179 0.923674 0
    outer loop
      vertex 25.8251 24.9635 3
      vertex 25.9073 24.9294 0
      vertex 25.8251 24.9635 0
    endloop
  endfacet
  facet normal -0.130396 -0.991462 0
    outer loop
      vertex 26.6942 28.2072 0
      vertex 26.7824 28.1956 3
      vertex 26.6942 28.2072 3
    endloop
  endfacet
  facet normal -0.130396 -0.991462 -0
    outer loop
      vertex 26.7824 28.1956 3
      vertex 26.6942 28.2072 0
      vertex 26.7824 28.1956 0
    endloop
  endfacet
  facet normal -0.64931 0.760524 0
    outer loop
      vertex 27.654 25.2532 0
      vertex 27.5863 25.1954 3
      vertex 27.654 25.2532 3
    endloop
  endfacet
  facet normal -0.64931 0.760524 0
    outer loop
      vertex 27.5863 25.1954 3
      vertex 27.654 25.2532 0
      vertex 27.5863 25.1954 0
    endloop
  endfacet
  facet normal 0.477513 -0.878625 0
    outer loop
      vertex 25.6665 27.9887 0
      vertex 25.7447 28.0312 3
      vertex 25.6665 27.9887 3
    endloop
  endfacet
  facet normal 0.477513 -0.878625 0
    outer loop
      vertex 25.7447 28.0312 3
      vertex 25.6665 27.9887 0
      vertex 25.7447 28.0312 0
    endloop
  endfacet
  facet normal -0.999666 -0.0258341 0
    outer loop
      vertex 28.2165 26.5165 0
      vertex 28.2142 26.6055 3
      vertex 28.2142 26.6055 0
    endloop
  endfacet
  facet normal -0.999666 -0.0258341 0
    outer loop
      vertex 28.2142 26.6055 3
      vertex 28.2165 26.5165 0
      vertex 28.2165 26.5165 3
    endloop
  endfacet
  facet normal -0.999666 0.0258341 0
    outer loop
      vertex 28.2142 26.4275 0
      vertex 28.2165 26.5165 3
      vertex 28.2165 26.5165 0
    endloop
  endfacet
  facet normal -0.999666 0.0258341 0
    outer loop
      vertex 28.2165 26.5165 3
      vertex 28.2142 26.4275 0
      vertex 28.2142 26.4275 3
    endloop
  endfacet
  facet normal 0.958719 -0.284356 0
    outer loop
      vertex 24.8744 26.9565 3
      vertex 24.8997 27.0418 0
      vertex 24.8997 27.0418 3
    endloop
  endfacet
  facet normal 0.958719 -0.284356 0
    outer loop
      vertex 24.8997 27.0418 0
      vertex 24.8744 26.9565 3
      vertex 24.8744 26.9565 0
    endloop
  endfacet
  facet normal 0.97254 -0.232735 0
    outer loop
      vertex 24.8537 26.87 3
      vertex 24.8744 26.9565 0
      vertex 24.8744 26.9565 3
    endloop
  endfacet
  facet normal 0.97254 -0.232735 0
    outer loop
      vertex 24.8744 26.9565 0
      vertex 24.8537 26.87 3
      vertex 24.8537 26.87 0
    endloop
  endfacet
  facet normal 0.991462 -0.130396 0
    outer loop
      vertex 24.8258 26.6942 3
      vertex 24.8374 26.7824 0
      vertex 24.8374 26.7824 3
    endloop
  endfacet
  facet normal 0.991462 -0.130396 0
    outer loop
      vertex 24.8374 26.7824 0
      vertex 24.8258 26.6942 3
      vertex 24.8258 26.6942 0
    endloop
  endfacet
  facet normal 0.983088 0.183135 0
    outer loop
      vertex 24.8537 26.1631 3
      vertex 24.8374 26.2506 0
      vertex 24.8374 26.2506 3
    endloop
  endfacet
  facet normal 0.983088 0.183135 0
    outer loop
      vertex 24.8374 26.2506 0
      vertex 24.8537 26.1631 3
      vertex 24.8537 26.1631 0
    endloop
  endfacet
  facet normal 0.824009 0.566577 0
    outer loop
      vertex 25.1412 25.5173 3
      vertex 25.0908 25.5906 0
      vertex 25.0908 25.5906 3
    endloop
  endfacet
  facet normal 0.824009 0.566577 0
    outer loop
      vertex 25.0908 25.5906 0
      vertex 25.1412 25.5173 3
      vertex 25.1412 25.5173 0
    endloop
  endfacet
  facet normal 0.923839 -0.382781 0
    outer loop
      vertex 24.9294 27.1257 3
      vertex 24.9635 27.208 0
      vertex 24.9635 27.208 3
    endloop
  endfacet
  facet normal 0.923839 -0.382781 0
    outer loop
      vertex 24.9635 27.208 0
      vertex 24.9294 27.1257 3
      vertex 24.9294 27.1257 0
    endloop
  endfacet
  facet normal -0.923674 0.383179 0
    outer loop
      vertex 28.0695 25.8251 0
      vertex 28.1036 25.9073 3
      vertex 28.1036 25.9073 0
    endloop
  endfacet
  facet normal -0.923674 0.383179 0
    outer loop
      vertex 28.1036 25.9073 3
      vertex 28.0695 25.8251 0
      vertex 28.0695 25.8251 3
    endloop
  endfacet
  facet normal -0.382781 0.923839 0
    outer loop
      vertex 27.208 24.9635 0
      vertex 27.1257 24.9294 3
      vertex 27.208 24.9635 3
    endloop
  endfacet
  facet normal -0.382781 0.923839 0
    outer loop
      vertex 27.1257 24.9294 3
      vertex 27.208 24.9635 0
      vertex 27.1257 24.9294 0
    endloop
  endfacet
  facet normal 0.333702 0.942679 -0
    outer loop
      vertex 25.9912 24.8997 0
      vertex 25.9073 24.9294 3
      vertex 25.9912 24.8997 3
    endloop
  endfacet
  facet normal 0.333702 0.942679 0
    outer loop
      vertex 25.9073 24.9294 3
      vertex 25.9912 24.8997 0
      vertex 25.9073 24.9294 0
    endloop
  endfacet
  facet normal -0.182933 0.983125 0
    outer loop
      vertex 26.87 24.8537 0
      vertex 26.7824 24.8374 3
      vertex 26.87 24.8537 3
    endloop
  endfacet
  facet normal -0.182933 0.983125 0
    outer loop
      vertex 26.7824 24.8374 3
      vertex 26.87 24.8537 0
      vertex 26.7824 24.8374 0
    endloop
  endfacet
  facet normal -0.649387 -0.760458 0
    outer loop
      vertex 28.5618 29.0422 3
      vertex 28.6912 28.9317 5
      vertex 28.5618 29.0422 5
    endloop
  endfacet
  facet normal -0.649387 -0.760458 -0
    outer loop
      vertex 28.6912 28.9317 5
      vertex 28.5618 29.0422 3
      vertex 28.6912 28.9317 3
    endloop
  endfacet
  facet normal -0.688348 -0.725381 0
    outer loop
      vertex 28.6912 28.9317 3
      vertex 28.8146 28.8146 5
      vertex 28.6912 28.9317 5
    endloop
  endfacet
  facet normal -0.688348 -0.725381 -0
    outer loop
      vertex 28.8146 28.8146 5
      vertex 28.6912 28.9317 3
      vertex 28.8146 28.8146 3
    endloop
  endfacet
  facet normal -0.608802 -0.793323 0
    outer loop
      vertex 28.4268 29.1458 3
      vertex 28.5618 29.0422 5
      vertex 28.4268 29.1458 5
    endloop
  endfacet
  facet normal -0.608802 -0.793323 -0
    outer loop
      vertex 28.5618 29.0422 5
      vertex 28.4268 29.1458 3
      vertex 28.5618 29.0422 3
    endloop
  endfacet
  facet normal -0.98358 0.180473 0
    outer loop
      vertex 29.7245 25.9972 3
      vertex 29.7265 26.0081 5
      vertex 29.7265 26.0081 3
    endloop
  endfacet
  facet normal -0.98324 0.182314 -1.03731e-05
    outer loop
      vertex 29.6955 25.8408 3
      vertex 29.7265 26.0081 5
      vertex 29.7245 25.9972 3
    endloop
  endfacet
  facet normal -0.983263 0.182194 0
    outer loop
      vertex 29.7265 26.0081 5
      vertex 29.6955 25.8408 3
      vertex 29.6955 25.8408 5
    endloop
  endfacet
  facet normal 0.430207 0.90273 -0
    outer loop
      vertex 25.1946 23.5475 3
      vertex 25.041 23.6207 5
      vertex 25.1946 23.5475 5
    endloop
  endfacet
  facet normal 0.430207 0.90273 0
    outer loop
      vertex 25.041 23.6207 5
      vertex 25.1946 23.5475 3
      vertex 25.041 23.6207 3
    endloop
  endfacet
  facet normal 0.725381 -0.688348 0
    outer loop
      vertex 24.1013 28.6912 5
      vertex 24.2184 28.8146 3
      vertex 24.2184 28.8146 5
    endloop
  endfacet
  facet normal 0.725381 -0.688348 0
    outer loop
      vertex 24.2184 28.8146 3
      vertex 24.1013 28.6912 5
      vertex 24.1013 28.6912 3
    endloop
  endfacet
  facet normal 0.760458 0.649387 0
    outer loop
      vertex 24.1013 24.3418 5
      vertex 23.9908 24.4712 3
      vertex 23.9908 24.4712 5
    endloop
  endfacet
  facet normal 0.760458 0.649387 0
    outer loop
      vertex 23.9908 24.4712 3
      vertex 24.1013 24.3418 5
      vertex 24.1013 24.3418 3
    endloop
  endfacet
  facet normal -0.958679 -0.284489 0
    outer loop
      vertex 29.6558 27.3577 3
      vertex 29.6074 27.5208 5
      vertex 29.6074 27.5208 3
    endloop
  endfacet
  facet normal -0.958679 -0.284489 0
    outer loop
      vertex 29.6074 27.5208 5
      vertex 29.6558 27.3577 3
      vertex 29.6558 27.3577 5
    endloop
  endfacet
  facet normal 0.608802 -0.793323 0
    outer loop
      vertex 24.4712 29.0422 3
      vertex 24.6062 29.1458 5
      vertex 24.4712 29.0422 5
    endloop
  endfacet
  facet normal 0.608802 -0.793323 0
    outer loop
      vertex 24.6062 29.1458 5
      vertex 24.4712 29.0422 3
      vertex 24.6062 29.1458 3
    endloop
  endfacet
  facet normal 0.852686 0.522424 0
    outer loop
      vertex 23.7908 24.7464 5
      vertex 23.7019 24.8915 3
      vertex 23.7019 24.8915 5
    endloop
  endfacet
  facet normal 0.852686 0.522424 0
    outer loop
      vertex 23.7019 24.8915 3
      vertex 23.7908 24.7464 5
      vertex 23.7908 24.7464 3
    endloop
  endfacet
  facet normal 0.182194 -0.983263 0
    outer loop
      vertex 25.8408 29.6955 3
      vertex 26.0081 29.7265 5
      vertex 25.8408 29.6955 5
    endloop
  endfacet
  facet normal 0.182314 -0.98324 -1.03731e-05
    outer loop
      vertex 25.9972 29.7245 3
      vertex 26.0081 29.7265 5
      vertex 25.8408 29.6955 3
    endloop
  endfacet
  facet normal 0.180473 -0.98358 0
    outer loop
      vertex 26.0081 29.7265 5
      vertex 25.9972 29.7245 3
      vertex 26.0081 29.7265 3
    endloop
  endfacet
  facet normal 0.972414 -0.233262 0
    outer loop
      vertex 23.3375 27.1922 5
      vertex 23.3772 27.3577 3
      vertex 23.3772 27.3577 5
    endloop
  endfacet
  facet normal 0.972414 -0.233262 0
    outer loop
      vertex 23.3772 27.3577 3
      vertex 23.3375 27.1922 5
      vertex 23.3375 27.1922 3
    endloop
  endfacet
  facet normal -0.793323 0.608802 0
    outer loop
      vertex 29.0422 24.4712 3
      vertex 29.1458 24.6062 5
      vertex 29.1458 24.6062 3
    endloop
  endfacet
  facet normal -0.793323 0.608802 0
    outer loop
      vertex 29.1458 24.6062 5
      vertex 29.0422 24.4712 3
      vertex 29.0422 24.4712 5
    endloop
  endfacet
  facet normal -0.852686 -0.522424 0
    outer loop
      vertex 29.3311 28.1415 3
      vertex 29.2422 28.2866 5
      vertex 29.2422 28.2866 3
    endloop
  endfacet
  facet normal -0.852686 -0.522424 0
    outer loop
      vertex 29.2422 28.2866 5
      vertex 29.3311 28.1415 3
      vertex 29.3311 28.1415 5
    endloop
  endfacet
  facet normal -0.13047 0.991452 0
    outer loop
      vertex 27.0249 23.3065 3
      vertex 26.8562 23.2843 5
      vertex 27.0249 23.3065 5
    endloop
  endfacet
  facet normal -0.13047 0.991452 0
    outer loop
      vertex 26.8562 23.2843 5
      vertex 27.0249 23.3065 3
      vertex 26.8562 23.2843 3
    endloop
  endfacet
  facet normal 0.284489 -0.958679 0
    outer loop
      vertex 25.5122 29.6074 3
      vertex 25.6753 29.6558 5
      vertex 25.5122 29.6074 5
    endloop
  endfacet
  facet normal 0.284489 -0.958679 0
    outer loop
      vertex 25.6753 29.6558 5
      vertex 25.5122 29.6074 3
      vertex 25.6753 29.6558 3
    endloop
  endfacet
  facet normal 0.233262 -0.972414 0
    outer loop
      vertex 25.6753 29.6558 3
      vertex 25.8408 29.6955 5
      vertex 25.6753 29.6558 5
    endloop
  endfacet
  facet normal 0.233262 -0.972414 0
    outer loop
      vertex 25.8408 29.6955 5
      vertex 25.6753 29.6558 3
      vertex 25.8408 29.6955 3
    endloop
  endfacet
  facet normal 0.13047 -0.991452 0
    outer loop
      vertex 26.0081 29.7265 3
      vertex 26.1768 29.7487 5
      vertex 26.0081 29.7265 5
    endloop
  endfacet
  facet normal 0.13047 -0.991452 0
    outer loop
      vertex 26.1768 29.7487 5
      vertex 26.0081 29.7265 3
      vertex 26.1768 29.7487 3
    endloop
  endfacet
  facet normal 0.99965 -0.0264458 0
    outer loop
      vertex 23.2665 26.5165 5
      vertex 23.271 26.6866 3
      vertex 23.271 26.6866 5
    endloop
  endfacet
  facet normal 0.99965 -0.0264458 0
    outer loop
      vertex 23.271 26.6866 3
      vertex 23.2665 26.5165 5
      vertex 23.2665 26.5165 3
    endloop
  endfacet
  facet normal -0.90273 0.430207 0
    outer loop
      vertex 29.4123 25.041 3
      vertex 29.4855 25.1946 5
      vertex 29.4855 25.1946 3
    endloop
  endfacet
  facet normal -0.90273 0.430207 0
    outer loop
      vertex 29.4855 25.1946 5
      vertex 29.4123 25.041 3
      vertex 29.4123 25.041 5
    endloop
  endfacet
  facet normal -0.725381 0.688348 0
    outer loop
      vertex 28.8146 24.2184 3
      vertex 28.9317 24.3418 5
      vertex 28.9317 24.3418 3
    endloop
  endfacet
  facet normal -0.725381 0.688348 0
    outer loop
      vertex 28.9317 24.3418 5
      vertex 28.8146 24.2184 3
      vertex 28.8146 24.2184 5
    endloop
  endfacet
  facet normal 0.608802 0.793323 -0
    outer loop
      vertex 24.6062 23.8872 3
      vertex 24.4712 23.9908 5
      vertex 24.6062 23.8872 5
    endloop
  endfacet
  facet normal 0.608802 0.793323 0
    outer loop
      vertex 24.4712 23.9908 5
      vertex 24.6062 23.8872 3
      vertex 24.4712 23.9908 3
    endloop
  endfacet
  facet normal -0.878748 -0.477286 0
    outer loop
      vertex 29.4123 27.992 3
      vertex 29.3311 28.1415 5
      vertex 29.3311 28.1415 3
    endloop
  endfacet
  facet normal -0.878748 -0.477286 0
    outer loop
      vertex 29.3311 28.1415 5
      vertex 29.4123 27.992 3
      vertex 29.4123 27.992 5
    endloop
  endfacet
  facet normal -0.999666 -0.0258585 0
    outer loop
      vertex 29.7665 26.5165 3
      vertex 29.7621 26.6866 5
      vertex 29.7621 26.6866 3
    endloop
  endfacet
  facet normal -0.999666 -0.0258585 0
    outer loop
      vertex 29.7621 26.6866 5
      vertex 29.7665 26.5165 3
      vertex 29.7665 26.5165 5
    endloop
  endfacet
  facet normal -0.382611 -0.923909 0
    outer loop
      vertex 27.6812 29.5506 3
      vertex 27.8384 29.4855 5
      vertex 27.6812 29.5506 5
    endloop
  endfacet
  facet normal -0.382611 -0.923909 -0
    outer loop
      vertex 27.8384 29.4855 5
      vertex 27.6812 29.5506 3
      vertex 27.8384 29.4855 3
    endloop
  endfacet
  facet normal -0.725381 -0.688348 0
    outer loop
      vertex 28.9317 28.6912 3
      vertex 28.8146 28.8146 5
      vertex 28.8146 28.8146 3
    endloop
  endfacet
  facet normal -0.725381 -0.688348 0
    outer loop
      vertex 28.8146 28.8146 5
      vertex 28.9317 28.6912 3
      vertex 28.9317 28.6912 5
    endloop
  endfacet
  facet normal -0.991452 -0.13047 0
    outer loop
      vertex 29.7487 26.8562 3
      vertex 29.7265 27.0249 5
      vertex 29.7265 27.0249 3
    endloop
  endfacet
  facet normal -0.991452 -0.13047 0
    outer loop
      vertex 29.7265 27.0249 5
      vertex 29.7487 26.8562 3
      vertex 29.7487 26.8562 5
    endloop
  endfacet
  facet normal -0.233262 0.972414 0
    outer loop
      vertex 27.3577 23.3772 3
      vertex 27.1922 23.3375 5
      vertex 27.3577 23.3772 5
    endloop
  endfacet
  facet normal -0.233262 0.972414 0
    outer loop
      vertex 27.1922 23.3375 5
      vertex 27.3577 23.3772 3
      vertex 27.1922 23.3375 3
    endloop
  endfacet
  facet normal 0.688348 0.725381 -0
    outer loop
      vertex 24.3418 24.1013 3
      vertex 24.2184 24.2184 5
      vertex 24.3418 24.1013 5
    endloop
  endfacet
  facet normal 0.688348 0.725381 0
    outer loop
      vertex 24.2184 24.2184 5
      vertex 24.3418 24.1013 3
      vertex 24.2184 24.2184 3
    endloop
  endfacet
  facet normal 0.078764 -0.996893 0
    outer loop
      vertex 26.1768 29.7487 3
      vertex 26.3464 29.7621 5
      vertex 26.1768 29.7487 5
    endloop
  endfacet
  facet normal 0.078764 -0.996893 0
    outer loop
      vertex 26.3464 29.7621 5
      vertex 26.1768 29.7487 3
      vertex 26.3464 29.7621 3
    endloop
  endfacet
  facet normal -0.233262 -0.972414 0
    outer loop
      vertex 27.1922 29.6955 3
      vertex 27.3577 29.6558 5
      vertex 27.1922 29.6955 5
    endloop
  endfacet
  facet normal -0.233262 -0.972414 -0
    outer loop
      vertex 27.3577 29.6558 5
      vertex 27.1922 29.6955 3
      vertex 27.3577 29.6558 3
    endloop
  endfacet
  facet normal -0.972414 -0.233262 0
    outer loop
      vertex 29.6955 27.1922 3
      vertex 29.6558 27.3577 5
      vertex 29.6558 27.3577 3
    endloop
  endfacet
  facet normal -0.972414 -0.233262 0
    outer loop
      vertex 29.6558 27.3577 5
      vertex 29.6955 27.1922 3
      vertex 29.6955 27.1922 5
    endloop
  endfacet
  facet normal -0.90273 -0.430207 0
    outer loop
      vertex 29.4855 27.8384 3
      vertex 29.4123 27.992 5
      vertex 29.4123 27.992 3
    endloop
  endfacet
  facet normal -0.90273 -0.430207 0
    outer loop
      vertex 29.4123 27.992 5
      vertex 29.4855 27.8384 3
      vertex 29.4855 27.8384 5
    endloop
  endfacet
  facet normal -0.284489 -0.958679 0
    outer loop
      vertex 27.3577 29.6558 3
      vertex 27.5208 29.6074 5
      vertex 27.3577 29.6558 5
    endloop
  endfacet
  facet normal -0.284489 -0.958679 -0
    outer loop
      vertex 27.5208 29.6074 5
      vertex 27.3577 29.6558 3
      vertex 27.5208 29.6074 3
    endloop
  endfacet
  facet normal 0.477286 -0.878748 0
    outer loop
      vertex 24.8915 29.3311 3
      vertex 25.041 29.4123 5
      vertex 24.8915 29.3311 5
    endloop
  endfacet
  facet normal 0.477286 -0.878748 0
    outer loop
      vertex 25.041 29.4123 5
      vertex 24.8915 29.3311 3
      vertex 25.041 29.4123 3
    endloop
  endfacet
  facet normal -0.477286 -0.878748 0
    outer loop
      vertex 27.992 29.4123 3
      vertex 28.1415 29.3311 5
      vertex 27.992 29.4123 5
    endloop
  endfacet
  facet normal -0.477286 -0.878748 -0
    outer loop
      vertex 28.1415 29.3311 5
      vertex 27.992 29.4123 3
      vertex 28.1415 29.3311 3
    endloop
  endfacet
  facet normal 0.522424 -0.852686 0
    outer loop
      vertex 24.7464 29.2422 3
      vertex 24.8915 29.3311 5
      vertex 24.7464 29.2422 5
    endloop
  endfacet
  facet normal 0.522424 -0.852686 0
    outer loop
      vertex 24.8915 29.3311 5
      vertex 24.7464 29.2422 3
      vertex 24.8915 29.3311 3
    endloop
  endfacet
  facet normal 0.878748 -0.477286 0
    outer loop
      vertex 23.6207 27.992 5
      vertex 23.7019 28.1415 3
      vertex 23.7019 28.1415 5
    endloop
  endfacet
  facet normal 0.878748 -0.477286 0
    outer loop
      vertex 23.7019 28.1415 3
      vertex 23.6207 27.992 5
      vertex 23.6207 27.992 3
    endloop
  endfacet
  facet normal -0.923909 -0.382611 0
    outer loop
      vertex 29.5506 27.6812 3
      vertex 29.4855 27.8384 5
      vertex 29.4855 27.8384 3
    endloop
  endfacet
  facet normal -0.923909 -0.382611 0
    outer loop
      vertex 29.4855 27.8384 5
      vertex 29.5506 27.6812 3
      vertex 29.5506 27.6812 5
    endloop
  endfacet
  facet normal 0.688348 -0.725381 0
    outer loop
      vertex 24.2184 28.8146 3
      vertex 24.3418 28.9317 5
      vertex 24.2184 28.8146 5
    endloop
  endfacet
  facet normal 0.688348 -0.725381 0
    outer loop
      vertex 24.3418 28.9317 5
      vertex 24.2184 28.8146 3
      vertex 24.3418 28.9317 3
    endloop
  endfacet
  facet normal -0.333804 -0.942643 0
    outer loop
      vertex 27.5208 29.6074 3
      vertex 27.6812 29.5506 5
      vertex 27.5208 29.6074 5
    endloop
  endfacet
  facet normal -0.333804 -0.942643 -0
    outer loop
      vertex 27.6812 29.5506 5
      vertex 27.5208 29.6074 3
      vertex 27.6812 29.5506 3
    endloop
  endfacet
  facet normal -0.991452 0.13047 0
    outer loop
      vertex 29.7265 26.0081 3
      vertex 29.7487 26.1768 5
      vertex 29.7487 26.1768 3
    endloop
  endfacet
  facet normal -0.991452 0.13047 0
    outer loop
      vertex 29.7487 26.1768 5
      vertex 29.7265 26.0081 3
      vertex 29.7265 26.0081 5
    endloop
  endfacet
  facet normal 0.477286 0.878748 -0
    outer loop
      vertex 25.041 23.6207 3
      vertex 24.8915 23.7019 5
      vertex 25.041 23.6207 5
    endloop
  endfacet
  facet normal 0.477286 0.878748 0
    outer loop
      vertex 24.8915 23.7019 5
      vertex 25.041 23.6207 3
      vertex 24.8915 23.7019 3
    endloop
  endfacet
  facet normal -0.430207 -0.90273 0
    outer loop
      vertex 27.8384 29.4855 3
      vertex 27.992 29.4123 5
      vertex 27.8384 29.4855 5
    endloop
  endfacet
  facet normal -0.430207 -0.90273 -0
    outer loop
      vertex 27.992 29.4123 5
      vertex 27.8384 29.4855 3
      vertex 27.992 29.4123 3
    endloop
  endfacet
  facet normal -0.608802 0.793323 0
    outer loop
      vertex 28.5618 23.9908 3
      vertex 28.4268 23.8872 5
      vertex 28.5618 23.9908 5
    endloop
  endfacet
  facet normal -0.608802 0.793323 0
    outer loop
      vertex 28.4268 23.8872 5
      vertex 28.5618 23.9908 3
      vertex 28.4268 23.8872 3
    endloop
  endfacet
  facet normal -0.999666 0.0258585 0
    outer loop
      vertex 29.7621 26.3464 3
      vertex 29.7665 26.5165 5
      vertex 29.7665 26.5165 3
    endloop
  endfacet
  facet normal -0.999666 0.0258585 0
    outer loop
      vertex 29.7665 26.5165 5
      vertex 29.7621 26.3464 3
      vertex 29.7621 26.3464 5
    endloop
  endfacet
  facet normal -0.793323 -0.608802 0
    outer loop
      vertex 29.1458 28.4268 3
      vertex 29.0422 28.5618 5
      vertex 29.0422 28.5618 3
    endloop
  endfacet
  facet normal -0.793323 -0.608802 0
    outer loop
      vertex 29.0422 28.5618 5
      vertex 29.1458 28.4268 3
      vertex 29.1458 28.4268 5
    endloop
  endfacet
  facet normal 0.0264458 0.99965 -0
    outer loop
      vertex 26.5165 23.2665 3
      vertex 26.3464 23.271 5
      vertex 26.5165 23.2665 5
    endloop
  endfacet
  facet normal 0.0264458 0.99965 0
    outer loop
      vertex 26.3464 23.271 5
      vertex 26.5165 23.2665 3
      vertex 26.3464 23.271 3
    endloop
  endfacet
  facet normal -0.566579 0.824008 0
    outer loop
      vertex 28.4268 23.8872 3
      vertex 28.2866 23.7908 5
      vertex 28.4268 23.8872 5
    endloop
  endfacet
  facet normal -0.566579 0.824008 0
    outer loop
      vertex 28.2866 23.7908 5
      vertex 28.4268 23.8872 3
      vertex 28.2866 23.7908 3
    endloop
  endfacet
  facet normal -0.078764 -0.996893 0
    outer loop
      vertex 26.6866 29.7621 3
      vertex 26.8562 29.7487 5
      vertex 26.6866 29.7621 5
    endloop
  endfacet
  facet normal -0.078764 -0.996893 -0
    outer loop
      vertex 26.8562 29.7487 5
      vertex 26.6866 29.7621 3
      vertex 26.8562 29.7487 3
    endloop
  endfacet
  facet normal 0.182194 0.983263 -0
    outer loop
      vertex 26.0081 23.3065 3
      vertex 25.8408 23.3375 5
      vertex 26.0081 23.3065 5
    endloop
  endfacet
  facet normal 0.182194 0.983263 0
    outer loop
      vertex 25.8408 23.3375 5
      vertex 26.0081 23.3065 3
      vertex 25.8408 23.3375 3
    endloop
  endfacet
  facet normal 0.793323 0.608802 0
    outer loop
      vertex 23.9908 24.4712 5
      vertex 23.8872 24.6062 3
      vertex 23.8872 24.6062 5
    endloop
  endfacet
  facet normal 0.793323 0.608802 0
    outer loop
      vertex 23.8872 24.6062 3
      vertex 23.9908 24.4712 5
      vertex 23.9908 24.4712 3
    endloop
  endfacet
  facet normal 0.760458 -0.649387 0
    outer loop
      vertex 23.9908 28.5618 5
      vertex 24.1013 28.6912 3
      vertex 24.1013 28.6912 5
    endloop
  endfacet
  facet normal 0.760458 -0.649387 0
    outer loop
      vertex 24.1013 28.6912 3
      vertex 23.9908 28.5618 5
      vertex 23.9908 28.5618 3
    endloop
  endfacet
  facet normal -0.430207 0.90273 0
    outer loop
      vertex 27.992 23.6207 3
      vertex 27.8384 23.5475 5
      vertex 27.992 23.6207 5
    endloop
  endfacet
  facet normal -0.430207 0.90273 0
    outer loop
      vertex 27.8384 23.5475 5
      vertex 27.992 23.6207 3
      vertex 27.8384 23.5475 3
    endloop
  endfacet
  facet normal -0.996893 -0.078764 0
    outer loop
      vertex 29.7621 26.6866 3
      vertex 29.7487 26.8562 5
      vertex 29.7487 26.8562 3
    endloop
  endfacet
  facet normal -0.996893 -0.078764 0
    outer loop
      vertex 29.7487 26.8562 5
      vertex 29.7621 26.6866 3
      vertex 29.7621 26.6866 5
    endloop
  endfacet
  facet normal 0.0781798 0.996939 -0
    outer loop
      vertex 26.3464 23.271 3
      vertex 26.1768 23.2843 5
      vertex 26.3464 23.271 5
    endloop
  endfacet
  facet normal 0.0781798 0.996939 0
    outer loop
      vertex 26.1768 23.2843 5
      vertex 26.3464 23.271 3
      vertex 26.1768 23.2843 3
    endloop
  endfacet
  facet normal 0.942643 0.333804 0
    outer loop
      vertex 23.4824 25.3518 5
      vertex 23.4256 25.5122 3
      vertex 23.4256 25.5122 5
    endloop
  endfacet
  facet normal 0.942643 0.333804 0
    outer loop
      vertex 23.4256 25.5122 3
      vertex 23.4824 25.3518 5
      vertex 23.4824 25.3518 3
    endloop
  endfacet
  facet normal -0.760458 0.649387 0
    outer loop
      vertex 28.9317 24.3418 3
      vertex 29.0422 24.4712 5
      vertex 29.0422 24.4712 3
    endloop
  endfacet
  facet normal -0.760458 0.649387 0
    outer loop
      vertex 29.0422 24.4712 5
      vertex 28.9317 24.3418 3
      vertex 28.9317 24.3418 5
    endloop
  endfacet
  facet normal 0.972414 0.233262 0
    outer loop
      vertex 23.3772 25.6753 5
      vertex 23.3375 25.8408 3
      vertex 23.3375 25.8408 5
    endloop
  endfacet
  facet normal 0.972414 0.233262 0
    outer loop
      vertex 23.3375 25.8408 3
      vertex 23.3772 25.6753 5
      vertex 23.3772 25.6753 3
    endloop
  endfacet
  facet normal -0.996893 0.078764 0
    outer loop
      vertex 29.7487 26.1768 3
      vertex 29.7621 26.3464 5
      vertex 29.7621 26.3464 3
    endloop
  endfacet
  facet normal -0.996893 0.078764 0
    outer loop
      vertex 29.7621 26.3464 5
      vertex 29.7487 26.1768 3
      vertex 29.7487 26.1768 5
    endloop
  endfacet
  facet normal 0.382611 -0.923909 0
    outer loop
      vertex 25.1946 29.4855 3
      vertex 25.3518 29.5506 5
      vertex 25.1946 29.4855 5
    endloop
  endfacet
  facet normal 0.382611 -0.923909 0
    outer loop
      vertex 25.3518 29.5506 5
      vertex 25.1946 29.4855 3
      vertex 25.3518 29.5506 3
    endloop
  endfacet
  facet normal 0.878748 0.477286 0
    outer loop
      vertex 23.7019 24.8915 5
      vertex 23.6207 25.041 3
      vertex 23.6207 25.041 5
    endloop
  endfacet
  facet normal 0.878748 0.477286 0
    outer loop
      vertex 23.6207 25.041 3
      vertex 23.7019 24.8915 5
      vertex 23.7019 24.8915 3
    endloop
  endfacet
  facet normal 0.333804 -0.942643 0
    outer loop
      vertex 25.3518 29.5506 3
      vertex 25.5122 29.6074 5
      vertex 25.3518 29.5506 5
    endloop
  endfacet
  facet normal 0.333804 -0.942643 0
    outer loop
      vertex 25.5122 29.6074 5
      vertex 25.3518 29.5506 3
      vertex 25.5122 29.6074 3
    endloop
  endfacet
  facet normal -0.13047 -0.991452 0
    outer loop
      vertex 26.8562 29.7487 3
      vertex 27.0249 29.7265 5
      vertex 26.8562 29.7487 5
    endloop
  endfacet
  facet normal -0.13047 -0.991452 -0
    outer loop
      vertex 27.0249 29.7265 5
      vertex 26.8562 29.7487 3
      vertex 27.0249 29.7265 3
    endloop
  endfacet
  facet normal 0.725381 0.688348 0
    outer loop
      vertex 24.2184 24.2184 5
      vertex 24.1013 24.3418 3
      vertex 24.1013 24.3418 5
    endloop
  endfacet
  facet normal 0.725381 0.688348 0
    outer loop
      vertex 24.1013 24.3418 3
      vertex 24.2184 24.2184 5
      vertex 24.2184 24.2184 3
    endloop
  endfacet
  facet normal 0.824008 -0.566579 0
    outer loop
      vertex 23.7908 28.2866 5
      vertex 23.8872 28.4268 3
      vertex 23.8872 28.4268 5
    endloop
  endfacet
  facet normal 0.824008 -0.566579 0
    outer loop
      vertex 23.8872 28.4268 3
      vertex 23.7908 28.2866 5
      vertex 23.7908 28.2866 3
    endloop
  endfacet
  facet normal -0.878748 0.477286 0
    outer loop
      vertex 29.3311 24.8915 3
      vertex 29.4123 25.041 5
      vertex 29.4123 25.041 3
    endloop
  endfacet
  facet normal -0.878748 0.477286 0
    outer loop
      vertex 29.4123 25.041 5
      vertex 29.3311 24.8915 3
      vertex 29.3311 24.8915 5
    endloop
  endfacet
  facet normal 0.566579 -0.824008 0
    outer loop
      vertex 24.6062 29.1458 3
      vertex 24.7464 29.2422 5
      vertex 24.6062 29.1458 5
    endloop
  endfacet
  facet normal 0.566579 -0.824008 0
    outer loop
      vertex 24.7464 29.2422 5
      vertex 24.6062 29.1458 3
      vertex 24.7464 29.2422 3
    endloop
  endfacet
  facet normal 0.649387 -0.760458 0
    outer loop
      vertex 24.3418 28.9317 3
      vertex 24.4712 29.0422 5
      vertex 24.3418 28.9317 5
    endloop
  endfacet
  facet normal 0.649387 -0.760458 0
    outer loop
      vertex 24.4712 29.0422 5
      vertex 24.3418 28.9317 3
      vertex 24.4712 29.0422 3
    endloop
  endfacet
  facet normal 0.793323 -0.608802 0
    outer loop
      vertex 23.8872 28.4268 5
      vertex 23.9908 28.5618 3
      vertex 23.9908 28.5618 5
    endloop
  endfacet
  facet normal 0.793323 -0.608802 0
    outer loop
      vertex 23.9908 28.5618 3
      vertex 23.8872 28.4268 5
      vertex 23.8872 28.4268 3
    endloop
  endfacet
  facet normal 0.566579 0.824008 -0
    outer loop
      vertex 24.7464 23.7908 3
      vertex 24.6062 23.8872 5
      vertex 24.7464 23.7908 5
    endloop
  endfacet
  facet normal 0.566579 0.824008 0
    outer loop
      vertex 24.6062 23.8872 5
      vertex 24.7464 23.7908 3
      vertex 24.6062 23.8872 3
    endloop
  endfacet
  facet normal -0.182194 -0.983263 0
    outer loop
      vertex 27.0249 29.7265 3
      vertex 27.1922 29.6955 5
      vertex 27.0249 29.7265 5
    endloop
  endfacet
  facet normal -0.182194 -0.983263 -0
    outer loop
      vertex 27.1922 29.6955 5
      vertex 27.0249 29.7265 3
      vertex 27.1922 29.6955 3
    endloop
  endfacet
  facet normal -0.923909 0.382611 0
    outer loop
      vertex 29.4855 25.1946 3
      vertex 29.5506 25.3518 5
      vertex 29.5506 25.3518 3
    endloop
  endfacet
  facet normal -0.923909 0.382611 0
    outer loop
      vertex 29.5506 25.3518 5
      vertex 29.4855 25.1946 3
      vertex 29.4855 25.1946 5
    endloop
  endfacet
  facet normal -0.760458 -0.649387 0
    outer loop
      vertex 29.0422 28.5618 3
      vertex 28.9317 28.6912 5
      vertex 28.9317 28.6912 3
    endloop
  endfacet
  facet normal -0.760458 -0.649387 0
    outer loop
      vertex 28.9317 28.6912 5
      vertex 29.0422 28.5618 3
      vertex 29.0422 28.5618 5
    endloop
  endfacet
  facet normal -0.958679 0.284489 0
    outer loop
      vertex 29.6074 25.5122 3
      vertex 29.6558 25.6753 5
      vertex 29.6558 25.6753 3
    endloop
  endfacet
  facet normal -0.958679 0.284489 0
    outer loop
      vertex 29.6558 25.6753 5
      vertex 29.6074 25.5122 3
      vertex 29.6074 25.5122 5
    endloop
  endfacet
  facet normal 0.991452 0.13047 0
    outer loop
      vertex 23.3065 26.0081 5
      vertex 23.2843 26.1768 3
      vertex 23.2843 26.1768 5
    endloop
  endfacet
  facet normal 0.991452 0.13047 0
    outer loop
      vertex 23.2843 26.1768 3
      vertex 23.3065 26.0081 5
      vertex 23.3065 26.0081 3
    endloop
  endfacet
  facet normal -0.566579 -0.824008 0
    outer loop
      vertex 28.2866 29.2422 3
      vertex 28.4268 29.1458 5
      vertex 28.2866 29.2422 5
    endloop
  endfacet
  facet normal -0.566579 -0.824008 -0
    outer loop
      vertex 28.4268 29.1458 5
      vertex 28.2866 29.2422 3
      vertex 28.4268 29.1458 3
    endloop
  endfacet
  facet normal 0.649387 0.760458 -0
    outer loop
      vertex 24.4712 23.9908 3
      vertex 24.3418 24.1013 5
      vertex 24.4712 23.9908 5
    endloop
  endfacet
  facet normal 0.649387 0.760458 0
    outer loop
      vertex 24.3418 24.1013 5
      vertex 24.4712 23.9908 3
      vertex 24.3418 24.1013 3
    endloop
  endfacet
  facet normal 0.233262 0.972414 -0
    outer loop
      vertex 25.8408 23.3375 3
      vertex 25.6753 23.3772 5
      vertex 25.8408 23.3375 5
    endloop
  endfacet
  facet normal 0.233262 0.972414 0
    outer loop
      vertex 25.6753 23.3772 5
      vertex 25.8408 23.3375 3
      vertex 25.6753 23.3772 3
    endloop
  endfacet
  facet normal -0.333804 0.942643 0
    outer loop
      vertex 27.6812 23.4824 3
      vertex 27.5208 23.4256 5
      vertex 27.6812 23.4824 5
    endloop
  endfacet
  facet normal -0.333804 0.942643 0
    outer loop
      vertex 27.5208 23.4256 5
      vertex 27.6812 23.4824 3
      vertex 27.5208 23.4256 3
    endloop
  endfacet
  facet normal 0.824008 0.566579 0
    outer loop
      vertex 23.8872 24.6062 5
      vertex 23.7908 24.7464 3
      vertex 23.7908 24.7464 5
    endloop
  endfacet
  facet normal 0.824008 0.566579 0
    outer loop
      vertex 23.7908 24.7464 3
      vertex 23.8872 24.6062 5
      vertex 23.8872 24.6062 3
    endloop
  endfacet
  facet normal 0.90273 0.430207 0
    outer loop
      vertex 23.6207 25.041 5
      vertex 23.5475 25.1946 3
      vertex 23.5475 25.1946 5
    endloop
  endfacet
  facet normal 0.90273 0.430207 0
    outer loop
      vertex 23.5475 25.1946 3
      vertex 23.6207 25.041 5
      vertex 23.6207 25.041 3
    endloop
  endfacet
  facet normal 0.90273 -0.430207 0
    outer loop
      vertex 23.5475 27.8384 5
      vertex 23.6207 27.992 3
      vertex 23.6207 27.992 5
    endloop
  endfacet
  facet normal 0.90273 -0.430207 0
    outer loop
      vertex 23.6207 27.992 3
      vertex 23.5475 27.8384 5
      vertex 23.5475 27.8384 3
    endloop
  endfacet
  facet normal -0.649387 0.760458 0
    outer loop
      vertex 28.6912 24.1013 3
      vertex 28.5618 23.9908 5
      vertex 28.6912 24.1013 5
    endloop
  endfacet
  facet normal -0.649387 0.760458 0
    outer loop
      vertex 28.5618 23.9908 5
      vertex 28.6912 24.1013 3
      vertex 28.5618 23.9908 3
    endloop
  endfacet
  facet normal -0.522424 -0.852686 0
    outer loop
      vertex 28.1415 29.3311 3
      vertex 28.2866 29.2422 5
      vertex 28.1415 29.3311 5
    endloop
  endfacet
  facet normal -0.522424 -0.852686 -0
    outer loop
      vertex 28.2866 29.2422 5
      vertex 28.1415 29.3311 3
      vertex 28.2866 29.2422 3
    endloop
  endfacet
  facet normal 0.99965 0.0264458 0
    outer loop
      vertex 23.271 26.3464 5
      vertex 23.2665 26.5165 3
      vertex 23.2665 26.5165 5
    endloop
  endfacet
  facet normal 0.99965 0.0264458 0
    outer loop
      vertex 23.2665 26.5165 3
      vertex 23.271 26.3464 5
      vertex 23.271 26.3464 3
    endloop
  endfacet
  facet normal -0.972414 0.233262 0
    outer loop
      vertex 29.6558 25.6753 3
      vertex 29.6955 25.8408 5
      vertex 29.6955 25.8408 3
    endloop
  endfacet
  facet normal -0.972414 0.233262 0
    outer loop
      vertex 29.6955 25.8408 5
      vertex 29.6558 25.6753 3
      vertex 29.6558 25.6753 5
    endloop
  endfacet
  facet normal 0.0258585 -0.999666 0
    outer loop
      vertex 26.3464 29.7621 3
      vertex 26.5165 29.7665 5
      vertex 26.3464 29.7621 5
    endloop
  endfacet
  facet normal 0.0258585 -0.999666 0
    outer loop
      vertex 26.5165 29.7665 5
      vertex 26.3464 29.7621 3
      vertex 26.5165 29.7665 3
    endloop
  endfacet
  facet normal 0.958679 -0.284489 0
    outer loop
      vertex 23.3772 27.3577 5
      vertex 23.4256 27.5208 3
      vertex 23.4256 27.5208 5
    endloop
  endfacet
  facet normal 0.958679 -0.284489 0
    outer loop
      vertex 23.4256 27.5208 3
      vertex 23.3772 27.3577 5
      vertex 23.3772 27.3577 3
    endloop
  endfacet
  facet normal 0.996939 -0.0781798 0
    outer loop
      vertex 23.271 26.6866 5
      vertex 23.2843 26.8562 3
      vertex 23.2843 26.8562 5
    endloop
  endfacet
  facet normal 0.996939 -0.0781798 0
    outer loop
      vertex 23.2843 26.8562 3
      vertex 23.271 26.6866 5
      vertex 23.271 26.6866 3
    endloop
  endfacet
  facet normal 0.13047 0.991452 -0
    outer loop
      vertex 26.1768 23.2843 3
      vertex 26.0081 23.3065 5
      vertex 26.1768 23.2843 5
    endloop
  endfacet
  facet normal 0.13047 0.991452 0
    outer loop
      vertex 26.0081 23.3065 5
      vertex 26.1768 23.2843 3
      vertex 26.0081 23.3065 3
    endloop
  endfacet
  facet normal -0.983263 -0.182194 0
    outer loop
      vertex 29.7265 27.0249 3
      vertex 29.6955 27.1922 5
      vertex 29.6955 27.1922 3
    endloop
  endfacet
  facet normal -0.983263 -0.182194 0
    outer loop
      vertex 29.6955 27.1922 5
      vertex 29.7265 27.0249 3
      vertex 29.7265 27.0249 5
    endloop
  endfacet
  facet normal 0.430207 -0.90273 0
    outer loop
      vertex 25.041 29.4123 3
      vertex 25.1946 29.4855 5
      vertex 25.041 29.4123 5
    endloop
  endfacet
  facet normal 0.430207 -0.90273 0
    outer loop
      vertex 25.1946 29.4855 5
      vertex 25.041 29.4123 3
      vertex 25.1946 29.4855 3
    endloop
  endfacet
  facet normal -0.0781798 0.996939 0
    outer loop
      vertex 26.8562 23.2843 3
      vertex 26.6866 23.271 5
      vertex 26.8562 23.2843 5
    endloop
  endfacet
  facet normal -0.0781798 0.996939 0
    outer loop
      vertex 26.6866 23.271 5
      vertex 26.8562 23.2843 3
      vertex 26.6866 23.271 3
    endloop
  endfacet
  facet normal -0.852686 0.522424 0
    outer loop
      vertex 29.2422 24.7464 3
      vertex 29.3311 24.8915 5
      vertex 29.3311 24.8915 3
    endloop
  endfacet
  facet normal -0.852686 0.522424 0
    outer loop
      vertex 29.3311 24.8915 5
      vertex 29.2422 24.7464 3
      vertex 29.2422 24.7464 5
    endloop
  endfacet
  facet normal 0.991452 -0.13047 0
    outer loop
      vertex 23.2843 26.8562 5
      vertex 23.3065 27.0249 3
      vertex 23.3065 27.0249 5
    endloop
  endfacet
  facet normal 0.991452 -0.13047 0
    outer loop
      vertex 23.3065 27.0249 3
      vertex 23.2843 26.8562 5
      vertex 23.2843 26.8562 3
    endloop
  endfacet
  facet normal 0.996939 0.0781798 0
    outer loop
      vertex 23.2843 26.1768 5
      vertex 23.271 26.3464 3
      vertex 23.271 26.3464 5
    endloop
  endfacet
  facet normal 0.996939 0.0781798 0
    outer loop
      vertex 23.271 26.3464 3
      vertex 23.2843 26.1768 5
      vertex 23.2843 26.1768 3
    endloop
  endfacet
  facet normal -0.477286 0.878748 0
    outer loop
      vertex 28.1415 23.7019 3
      vertex 27.992 23.6207 5
      vertex 28.1415 23.7019 5
    endloop
  endfacet
  facet normal -0.477286 0.878748 0
    outer loop
      vertex 27.992 23.6207 5
      vertex 28.1415 23.7019 3
      vertex 27.992 23.6207 3
    endloop
  endfacet
  facet normal 0.942643 -0.333804 0
    outer loop
      vertex 23.4256 27.5208 5
      vertex 23.4824 27.6812 3
      vertex 23.4824 27.6812 5
    endloop
  endfacet
  facet normal 0.942643 -0.333804 0
    outer loop
      vertex 23.4824 27.6812 3
      vertex 23.4256 27.5208 5
      vertex 23.4256 27.5208 3
    endloop
  endfacet
  facet normal -0.824008 0.566579 0
    outer loop
      vertex 29.1458 24.6062 3
      vertex 29.2422 24.7464 5
      vertex 29.2422 24.7464 3
    endloop
  endfacet
  facet normal -0.824008 0.566579 0
    outer loop
      vertex 29.2422 24.7464 5
      vertex 29.1458 24.6062 3
      vertex 29.1458 24.6062 5
    endloop
  endfacet
  facet normal -0.522424 0.852686 0
    outer loop
      vertex 28.2866 23.7908 3
      vertex 28.1415 23.7019 5
      vertex 28.2866 23.7908 5
    endloop
  endfacet
  facet normal -0.522424 0.852686 0
    outer loop
      vertex 28.1415 23.7019 5
      vertex 28.2866 23.7908 3
      vertex 28.1415 23.7019 3
    endloop
  endfacet
  facet normal -0.688348 0.725381 0
    outer loop
      vertex 28.8146 24.2184 3
      vertex 28.6912 24.1013 5
      vertex 28.8146 24.2184 5
    endloop
  endfacet
  facet normal -0.688348 0.725381 0
    outer loop
      vertex 28.6912 24.1013 5
      vertex 28.8146 24.2184 3
      vertex 28.6912 24.1013 3
    endloop
  endfacet
  facet normal -0.942643 0.333804 0
    outer loop
      vertex 29.5506 25.3518 3
      vertex 29.6074 25.5122 5
      vertex 29.6074 25.5122 3
    endloop
  endfacet
  facet normal -0.942643 0.333804 0
    outer loop
      vertex 29.6074 25.5122 5
      vertex 29.5506 25.3518 3
      vertex 29.5506 25.3518 5
    endloop
  endfacet
  facet normal -0.182194 0.983263 0
    outer loop
      vertex 27.1922 23.3375 3
      vertex 27.0249 23.3065 5
      vertex 27.1922 23.3375 5
    endloop
  endfacet
  facet normal -0.182194 0.983263 0
    outer loop
      vertex 27.0249 23.3065 5
      vertex 27.1922 23.3375 3
      vertex 27.0249 23.3065 3
    endloop
  endfacet
  facet normal -0.0258585 -0.999666 0
    outer loop
      vertex 26.5165 29.7665 3
      vertex 26.6866 29.7621 5
      vertex 26.5165 29.7665 5
    endloop
  endfacet
  facet normal -0.0258585 -0.999666 -0
    outer loop
      vertex 26.6866 29.7621 5
      vertex 26.5165 29.7665 3
      vertex 26.6866 29.7621 3
    endloop
  endfacet
  facet normal -0.824008 -0.566579 0
    outer loop
      vertex 29.2422 28.2866 3
      vertex 29.1458 28.4268 5
      vertex 29.1458 28.4268 3
    endloop
  endfacet
  facet normal -0.824008 -0.566579 0
    outer loop
      vertex 29.1458 28.4268 5
      vertex 29.2422 28.2866 3
      vertex 29.2422 28.2866 5
    endloop
  endfacet
  facet normal 0.983263 0.182194 0
    outer loop
      vertex 23.3375 25.8408 5
      vertex 23.3065 26.0081 3
      vertex 23.3065 26.0081 5
    endloop
  endfacet
  facet normal 0.983263 0.182194 0
    outer loop
      vertex 23.3065 26.0081 3
      vertex 23.3375 25.8408 5
      vertex 23.3375 25.8408 3
    endloop
  endfacet
  facet normal 0 0 1
    outer loop
      vertex -26.4307 -29.3542 3
      vertex -26.0081 -29.7265 3
      vertex -25.9972 -29.7245 3
    endloop
  endfacet
  facet normal 0 0 1
    outer loop
      vertex -26.0081 -29.7265 3
      vertex -26.4307 -29.3542 3
      vertex -26.1768 -29.7487 3
    endloop
  endfacet
  facet normal 0 0 1
    outer loop
      vertex -26.1768 -29.7487 3
      vertex -26.4307 -29.3542 3
      vertex -26.3464 -29.7621 3
    endloop
  endfacet
  facet normal 0 0 1
    outer loop
      vertex -26.4307 -29.3542 3
      vertex -26.5165 -29.7665 3
      vertex -26.3464 -29.7621 3
    endloop
  endfacet
  facet normal 0 0 1
    outer loop
      vertex -26.4307 -29.3542 3
      vertex -26.6866 -29.7621 3
      vertex -26.5165 -29.7665 3
    endloop
  endfacet
  facet normal 0 0 1
    outer loop
      vertex -26.4307 -29.3542 3
      vertex -26.8562 -29.7487 3
      vertex -26.6866 -29.7621 3
    endloop
  endfacet
  facet normal 0 0 1
    outer loop
      vertex -26.4307 -29.3542 3
      vertex -27.0249 -29.7265 3
      vertex -26.8562 -29.7487 3
    endloop
  endfacet
  facet normal 0 0 1
    outer loop
      vertex -26.4307 -29.3542 3
      vertex -27.1922 -29.6955 3
      vertex -27.0249 -29.7265 3
    endloop
  endfacet
  facet normal 0 0 1
    outer loop
      vertex -26.4307 -29.3542 3
      vertex -27.3577 -29.6558 3
      vertex -27.1922 -29.6955 3
    endloop
  endfacet
  facet normal 0 0 1
    outer loop
      vertex -26.4307 -29.3542 3
      vertex -27.5208 -29.6074 3
      vertex -27.3577 -29.6558 3
    endloop
  endfacet
  facet normal 0 0 1
    outer loop
      vertex -27.9307 -27.9307 3
      vertex -27.5208 -29.6074 3
      vertex -26.4307 -29.3542 3
    endloop
  endfacet
  facet normal 0 0 1
    outer loop
      vertex -27.5208 -29.6074 3
      vertex -27.9307 -27.9307 3
      vertex -27.6812 -29.5506 3
    endloop
  endfacet
  facet normal 0 0 1
    outer loop
      vertex -27.6812 -29.5506 3
      vertex -27.9307 -27.9307 3
      vertex -27.8384 -29.4855 3
    endloop
  endfacet
  facet normal 0 0 1
    outer loop
      vertex -27.9307 -27.9307 3
      vertex -27.992 -29.4123 3
      vertex -27.8384 -29.4855 3
    endloop
  endfacet
  facet normal 0 0 1
    outer loop
      vertex -27.9307 -27.9307 3
      vertex -28.1415 -29.3311 3
      vertex -27.992 -29.4123 3
    endloop
  endfacet
  facet normal 0 0 1
    outer loop
      vertex -27.9307 -27.9307 3
      vertex -28.2866 -29.2422 3
      vertex -28.1415 -29.3311 3
    endloop
  endfacet
  facet normal 0 0 1
    outer loop
      vertex -27.9307 -27.9307 3
      vertex -28.4268 -29.1458 3
      vertex -28.2866 -29.2422 3
    endloop
  endfacet
  facet normal 0 0 1
    outer loop
      vertex -27.9307 -27.9307 3
      vertex -28.5618 -29.0422 3
      vertex -28.4268 -29.1458 3
    endloop
  endfacet
  facet normal 0 0 1
    outer loop
      vertex -27.9307 -27.9307 3
      vertex -28.6912 -28.9317 3
      vertex -28.5618 -29.0422 3
    endloop
  endfacet
  facet normal 0 0 1
    outer loop
      vertex -27.9307 -27.9307 3
      vertex -28.8146 -28.8146 3
      vertex -28.6912 -28.9317 3
    endloop
  endfacet
  facet normal 0 0 1
    outer loop
      vertex -27.9307 -27.9307 3
      vertex -28.9317 -28.6912 3
      vertex -28.8146 -28.8146 3
    endloop
  endfacet
  facet normal 0 0 1
    outer loop
      vertex -27.9307 -27.9307 3
      vertex -29.0422 -28.5618 3
      vertex -28.9317 -28.6912 3
    endloop
  endfacet
  facet normal 0 0 1
    outer loop
      vertex -27.9307 -27.9307 3
      vertex -29.1458 -28.4268 3
      vertex -29.0422 -28.5618 3
    endloop
  endfacet
  facet normal 0 0 1
    outer loop
      vertex -27.9307 -27.9307 3
      vertex -29.2422 -28.2866 3
      vertex -29.1458 -28.4268 3
    endloop
  endfacet
  facet normal 0 0 1
    outer loop
      vertex -27.9307 -27.9307 3
      vertex -29.3311 -28.1415 3
      vertex -29.2422 -28.2866 3
    endloop
  endfacet
  facet normal -0 0 1
    outer loop
      vertex -29.6074 -27.5208 3
      vertex -27.9307 -27.9307 3
      vertex -29.3542 -26.4307 3
    endloop
  endfacet
  facet normal 0 0 1
    outer loop
      vertex -27.9307 -27.9307 3
      vertex -29.4123 -27.992 3
      vertex -29.3311 -28.1415 3
    endloop
  endfacet
  facet normal 0 0 1
    outer loop
      vertex -27.9307 -27.9307 3
      vertex -29.4855 -27.8384 3
      vertex -29.4123 -27.992 3
    endloop
  endfacet
  facet normal 0 0 1
    outer loop
      vertex -27.9307 -27.9307 3
      vertex -29.5506 -27.6812 3
      vertex -29.4855 -27.8384 3
    endloop
  endfacet
  facet normal 0 0 1
    outer loop
      vertex -27.9307 -27.9307 3
      vertex -29.6074 -27.5208 3
      vertex -29.5506 -27.6812 3
    endloop
  endfacet
  facet normal 0 0 1
    outer loop
      vertex -29.3542 -26.4307 3
      vertex -29.6558 -27.3577 3
      vertex -29.6074 -27.5208 3
    endloop
  endfacet
  facet normal 0 0 1
    outer loop
      vertex -29.3542 -26.4307 3
      vertex -29.6955 -27.1922 3
      vertex -29.6558 -27.3577 3
    endloop
  endfacet
  facet normal -0 0 1
    outer loop
      vertex -29.7265 -26.0081 3
      vertex -29.3542 -26.4307 3
      vertex -29.7245 -25.9972 3
    endloop
  endfacet
  facet normal 0 0 1
    outer loop
      vertex -29.3542 -26.4307 3
      vertex -29.7265 -26.0081 3
      vertex -29.7487 -26.1768 3
    endloop
  endfacet
  facet normal 0 0 1
    outer loop
      vertex -29.3542 -26.4307 3
      vertex -29.7265 -27.0249 3
      vertex -29.6955 -27.1922 3
    endloop
  endfacet
  facet normal -0 0 1
    outer loop
      vertex -29.7621 -26.3464 3
      vertex -29.3542 -26.4307 3
      vertex -29.7487 -26.1768 3
    endloop
  endfacet
  facet normal 0 0 1
    outer loop
      vertex -29.3542 -26.4307 3
      vertex -29.7487 -26.8562 3
      vertex -29.7265 -27.0249 3
    endloop
  endfacet
  facet normal 0 0 1
    outer loop
      vertex -29.7665 -26.5165 3
      vertex -29.3542 -26.4307 3
      vertex -29.7621 -26.3464 3
    endloop
  endfacet
  facet normal 0 0 1
    outer loop
      vertex -29.3542 -26.4307 3
      vertex -29.7621 -26.6866 3
      vertex -29.7487 -26.8562 3
    endloop
  endfacet
  facet normal 0 0 1
    outer loop
      vertex -29.3542 -26.4307 3
      vertex -29.7665 -26.5165 3
      vertex -29.7621 -26.6866 3
    endloop
  endfacet
  facet normal 0 0 1
    outer loop
      vertex -24.8165 -26.5165 3
      vertex -23.2665 -26.5165 3
      vertex -23.271 -26.3464 3
    endloop
  endfacet
  facet normal 0 0 1
    outer loop
      vertex -24.8188 -26.4275 3
      vertex -23.271 -26.3464 3
      vertex -23.2843 -26.1768 3
    endloop
  endfacet
  facet normal 0 0 1
    outer loop
      vertex -23.2665 -26.5165 3
      vertex -24.8165 -26.5165 3
      vertex -23.271 -26.6866 3
    endloop
  endfacet
  facet normal 0 0 1
    outer loop
      vertex -24.8258 -26.3388 3
      vertex -23.2843 -26.1768 3
      vertex -23.3065 -26.0081 3
    endloop
  endfacet
  facet normal -0 0 1
    outer loop
      vertex -24.8188 -26.6055 3
      vertex -23.271 -26.6866 3
      vertex -24.8165 -26.5165 3
    endloop
  endfacet
  facet normal 0 0 1
    outer loop
      vertex -24.8374 -26.2506 3
      vertex -23.3065 -26.0081 3
      vertex -23.3375 -25.8408 3
    endloop
  endfacet
  facet normal 0 0 1
    outer loop
      vertex -23.271 -26.6866 3
      vertex -24.8188 -26.6055 3
      vertex -23.2843 -26.8562 3
    endloop
  endfacet
  facet normal 0 0 1
    outer loop
      vertex -24.8537 -26.1631 3
      vertex -23.3375 -25.8408 3
      vertex -23.3772 -25.6753 3
    endloop
  endfacet
  facet normal -0 0 1
    outer loop
      vertex -24.8258 -26.6942 3
      vertex -23.2843 -26.8562 3
      vertex -24.8188 -26.6055 3
    endloop
  endfacet
  facet normal 0 0 1
    outer loop
      vertex -24.8744 -26.0765 3
      vertex -23.3772 -25.6753 3
      vertex -23.4256 -25.5122 3
    endloop
  endfacet
  facet normal 0 0 1
    outer loop
      vertex -23.2843 -26.8562 3
      vertex -24.8258 -26.6942 3
      vertex -23.3065 -27.0249 3
    endloop
  endfacet
  facet normal 0 0 1
    outer loop
      vertex -24.8997 -25.9912 3
      vertex -23.4256 -25.5122 3
      vertex -23.4824 -25.3518 3
    endloop
  endfacet
  facet normal -0 0 1
    outer loop
      vertex -24.8374 -26.7824 3
      vertex -23.3065 -27.0249 3
      vertex -24.8258 -26.6942 3
    endloop
  endfacet
  facet normal 0 0 1
    outer loop
      vertex -24.9294 -25.9073 3
      vertex -23.4824 -25.3518 3
      vertex -23.5475 -25.1946 3
    endloop
  endfacet
  facet normal 0 0 1
    outer loop
      vertex -23.3065 -27.0249 3
      vertex -24.8374 -26.7824 3
      vertex -23.3375 -27.1922 3
    endloop
  endfacet
  facet normal 0 0 1
    outer loop
      vertex -24.9635 -25.8251 3
      vertex -23.5475 -25.1946 3
      vertex -23.6207 -25.041 3
    endloop
  endfacet
  facet normal -0 0 1
    outer loop
      vertex -24.8537 -26.87 3
      vertex -23.3375 -27.1922 3
      vertex -24.8374 -26.7824 3
    endloop
  endfacet
  facet normal 0 0 1
    outer loop
      vertex -25.0018 -25.7447 3
      vertex -23.6207 -25.041 3
      vertex -23.7019 -24.8915 3
    endloop
  endfacet
  facet normal 0 0 1
    outer loop
      vertex -23.3375 -27.1922 3
      vertex -24.8537 -26.87 3
      vertex -23.3772 -27.3577 3
    endloop
  endfacet
  facet normal 0 0 1
    outer loop
      vertex -25.0443 -25.6665 3
      vertex -23.7019 -24.8915 3
      vertex -23.7908 -24.7464 3
    endloop
  endfacet
  facet normal -0 0 1
    outer loop
      vertex -24.8744 -26.9565 3
      vertex -23.3772 -27.3577 3
      vertex -24.8537 -26.87 3
    endloop
  endfacet
  facet normal 0 0 1
    outer loop
      vertex -25.0908 -25.5906 3
      vertex -23.7908 -24.7464 3
      vertex -23.8872 -24.6062 3
    endloop
  endfacet
  facet normal 0 0 1
    outer loop
      vertex -23.3772 -27.3577 3
      vertex -24.8744 -26.9565 3
      vertex -23.4256 -27.5208 3
    endloop
  endfacet
  facet normal 0 0 1
    outer loop
      vertex -25.1412 -25.5173 3
      vertex -23.8872 -24.6062 3
      vertex -23.9908 -24.4712 3
    endloop
  endfacet
  facet normal -0 0 1
    outer loop
      vertex -24.8997 -27.0418 3
      vertex -23.4256 -27.5208 3
      vertex -24.8744 -26.9565 3
    endloop
  endfacet
  facet normal 0 0 1
    outer loop
      vertex -25.1954 -25.4467 3
      vertex -23.9908 -24.4712 3
      vertex -24.1013 -24.3418 3
    endloop
  endfacet
  facet normal 0 0 1
    outer loop
      vertex -23.4256 -27.5208 3
      vertex -24.8997 -27.0418 3
      vertex -23.4824 -27.6812 3
    endloop
  endfacet
  facet normal 0 0 1
    outer loop
      vertex -25.2532 -25.379 3
      vertex -24.1013 -24.3418 3
      vertex -24.2184 -24.2184 3
    endloop
  endfacet
  facet normal -0 0 1
    outer loop
      vertex -24.9294 -27.1257 3
      vertex -23.4824 -27.6812 3
      vertex -24.8997 -27.0418 3
    endloop
  endfacet
  facet normal 0 0 1
    outer loop
      vertex -25.3144 -25.3144 3
      vertex -24.2184 -24.2184 3
      vertex -24.3418 -24.1013 3
    endloop
  endfacet
  facet normal 0 0 1
    outer loop
      vertex -23.4824 -27.6812 3
      vertex -24.9294 -27.1257 3
      vertex -23.5475 -27.8384 3
    endloop
  endfacet
  facet normal 0 0 1
    outer loop
      vertex -25.379 -25.2532 3
      vertex -24.3418 -24.1013 3
      vertex -24.4712 -23.9908 3
    endloop
  endfacet
  facet normal -0 0 1
    outer loop
      vertex -24.9635 -27.208 3
      vertex -23.5475 -27.8384 3
      vertex -24.9294 -27.1257 3
    endloop
  endfacet
  facet normal 0 0 1
    outer loop
      vertex -25.4467 -25.1954 3
      vertex -24.4712 -23.9908 3
      vertex -24.6062 -23.8872 3
    endloop
  endfacet
  facet normal 0 0 1
    outer loop
      vertex -23.5475 -27.8384 3
      vertex -24.9635 -27.208 3
      vertex -23.6207 -27.992 3
    endloop
  endfacet
  facet normal 0 0 1
    outer loop
      vertex -25.5173 -25.1412 3
      vertex -24.6062 -23.8872 3
      vertex -24.7464 -23.7908 3
    endloop
  endfacet
  facet normal -0 0 1
    outer loop
      vertex -25.0018 -27.2883 3
      vertex -23.6207 -27.992 3
      vertex -24.9635 -27.208 3
    endloop
  endfacet
  facet normal 0 0 1
    outer loop
      vertex -23.6207 -27.992 3
      vertex -25.0018 -27.2883 3
      vertex -23.7019 -28.1415 3
    endloop
  endfacet
  facet normal 0 0 1
    outer loop
      vertex -23.271 -26.3464 3
      vertex -24.8188 -26.4275 3
      vertex -24.8165 -26.5165 3
    endloop
  endfacet
  facet normal 0 0 1
    outer loop
      vertex -23.2843 -26.1768 3
      vertex -24.8258 -26.3388 3
      vertex -24.8188 -26.4275 3
    endloop
  endfacet
  facet normal 0 0 1
    outer loop
      vertex -23.3065 -26.0081 3
      vertex -24.8374 -26.2506 3
      vertex -24.8258 -26.3388 3
    endloop
  endfacet
  facet normal 0 0 1
    outer loop
      vertex -23.3375 -25.8408 3
      vertex -24.8537 -26.1631 3
      vertex -24.8374 -26.2506 3
    endloop
  endfacet
  facet normal 0 0 1
    outer loop
      vertex -23.3772 -25.6753 3
      vertex -24.8744 -26.0765 3
      vertex -24.8537 -26.1631 3
    endloop
  endfacet
  facet normal 0 0 1
    outer loop
      vertex -25.5906 -25.0908 3
      vertex -24.7464 -23.7908 3
      vertex -24.8915 -23.7019 3
    endloop
  endfacet
  facet normal 0 0 1
    outer loop
      vertex -23.4256 -25.5122 3
      vertex -24.8997 -25.9912 3
      vertex -24.8744 -26.0765 3
    endloop
  endfacet
  facet normal 0 0 1
    outer loop
      vertex -23.4824 -25.3518 3
      vertex -24.9294 -25.9073 3
      vertex -24.8997 -25.9912 3
    endloop
  endfacet
  facet normal 0 0 1
    outer loop
      vertex -23.5475 -25.1946 3
      vertex -24.9635 -25.8251 3
      vertex -24.9294 -25.9073 3
    endloop
  endfacet
  facet normal 0 0 1
    outer loop
      vertex -23.6207 -25.041 3
      vertex -25.0018 -25.7447 3
      vertex -24.9635 -25.8251 3
    endloop
  endfacet
  facet normal 0 0 1
    outer loop
      vertex -25.6665 -25.0443 3
      vertex -24.8915 -23.7019 3
      vertex -25.041 -23.6207 3
    endloop
  endfacet
  facet normal 0 0 1
    outer loop
      vertex -23.7019 -24.8915 3
      vertex -25.0443 -25.6665 3
      vertex -25.0018 -25.7447 3
    endloop
  endfacet
  facet normal 0 0 1
    outer loop
      vertex -23.7908 -24.7464 3
      vertex -25.0908 -25.5906 3
      vertex -25.0443 -25.6665 3
    endloop
  endfacet
  facet normal 0 0 1
    outer loop
      vertex -23.8872 -24.6062 3
      vertex -25.1412 -25.5173 3
      vertex -25.0908 -25.5906 3
    endloop
  endfacet
  facet normal 0 0 1
    outer loop
      vertex -25.7447 -25.0018 3
      vertex -25.041 -23.6207 3
      vertex -25.1946 -23.5475 3
    endloop
  endfacet
  facet normal 0 0 1
    outer loop
      vertex -23.9908 -24.4712 3
      vertex -25.1954 -25.4467 3
      vertex -25.1412 -25.5173 3
    endloop
  endfacet
  facet normal 0 0 1
    outer loop
      vertex -24.1013 -24.3418 3
      vertex -25.2532 -25.379 3
      vertex -25.1954 -25.4467 3
    endloop
  endfacet
  facet normal 0 0 1
    outer loop
      vertex -24.2184 -24.2184 3
      vertex -25.3144 -25.3144 3
      vertex -25.2532 -25.379 3
    endloop
  endfacet
  facet normal 0 0 1
    outer loop
      vertex -25.8251 -24.9635 3
      vertex -25.1946 -23.5475 3
      vertex -25.3518 -23.4824 3
    endloop
  endfacet
  facet normal 0 0 1
    outer loop
      vertex -24.3418 -24.1013 3
      vertex -25.379 -25.2532 3
      vertex -25.3144 -25.3144 3
    endloop
  endfacet
  facet normal 0 0 1
    outer loop
      vertex -24.4712 -23.9908 3
      vertex -25.4467 -25.1954 3
      vertex -25.379 -25.2532 3
    endloop
  endfacet
  facet normal 0 0 1
    outer loop
      vertex -25.9073 -24.9294 3
      vertex -25.3518 -23.4824 3
      vertex -25.5122 -23.4256 3
    endloop
  endfacet
  facet normal 0 0 1
    outer loop
      vertex -24.6062 -23.8872 3
      vertex -25.5173 -25.1412 3
      vertex -25.4467 -25.1954 3
    endloop
  endfacet
  facet normal 0 0 1
    outer loop
      vertex -24.7464 -23.7908 3
      vertex -25.5906 -25.0908 3
      vertex -25.5173 -25.1412 3
    endloop
  endfacet
  facet normal 0 0 1
    outer loop
      vertex -24.8915 -23.7019 3
      vertex -25.6665 -25.0443 3
      vertex -25.5906 -25.0908 3
    endloop
  endfacet
  facet normal 0 0 1
    outer loop
      vertex -25.9912 -24.8997 3
      vertex -25.5122 -23.4256 3
      vertex -25.6753 -23.3772 3
    endloop
  endfacet
  facet normal 0 0 1
    outer loop
      vertex -25.041 -23.6207 3
      vertex -25.7447 -25.0018 3
      vertex -25.6665 -25.0443 3
    endloop
  endfacet
  facet normal 0 0 1
    outer loop
      vertex -25.1946 -23.5475 3
      vertex -25.8251 -24.9635 3
      vertex -25.7447 -25.0018 3
    endloop
  endfacet
  facet normal 0 0 1
    outer loop
      vertex -26.0765 -24.8744 3
      vertex -25.6753 -23.3772 3
      vertex -25.8408 -23.3375 3
    endloop
  endfacet
  facet normal 0 0 1
    outer loop
      vertex -25.3518 -23.4824 3
      vertex -25.9073 -24.9294 3
      vertex -25.8251 -24.9635 3
    endloop
  endfacet
  facet normal 0 0 1
    outer loop
      vertex -25.5122 -23.4256 3
      vertex -25.9912 -24.8997 3
      vertex -25.9073 -24.9294 3
    endloop
  endfacet
  facet normal 0 0 1
    outer loop
      vertex -26.1631 -24.8537 3
      vertex -25.8408 -23.3375 3
      vertex -26.0081 -23.3065 3
    endloop
  endfacet
  facet normal 0 0 1
    outer loop
      vertex -25.6753 -23.3772 3
      vertex -26.0765 -24.8744 3
      vertex -25.9912 -24.8997 3
    endloop
  endfacet
  facet normal 0 0 1
    outer loop
      vertex -25.8408 -23.3375 3
      vertex -26.1631 -24.8537 3
      vertex -26.0765 -24.8744 3
    endloop
  endfacet
  facet normal 0 0 1
    outer loop
      vertex -26.2506 -24.8374 3
      vertex -26.0081 -23.3065 3
      vertex -26.1768 -23.2843 3
    endloop
  endfacet
  facet normal 0 0 1
    outer loop
      vertex -26.0081 -23.3065 3
      vertex -26.2506 -24.8374 3
      vertex -26.1631 -24.8537 3
    endloop
  endfacet
  facet normal 0 0 1
    outer loop
      vertex -26.1768 -23.2843 3
      vertex -26.3388 -24.8258 3
      vertex -26.2506 -24.8374 3
    endloop
  endfacet
  facet normal 0 0 1
    outer loop
      vertex -26.3464 -23.271 3
      vertex -26.3388 -24.8258 3
      vertex -26.1768 -23.2843 3
    endloop
  endfacet
  facet normal 0 0 1
    outer loop
      vertex -26.3464 -23.271 3
      vertex -26.4275 -24.8188 3
      vertex -26.3388 -24.8258 3
    endloop
  endfacet
  facet normal 0 0 1
    outer loop
      vertex -26.5165 -23.2665 3
      vertex -26.4275 -24.8188 3
      vertex -26.3464 -23.271 3
    endloop
  endfacet
  facet normal 0 0 1
    outer loop
      vertex -26.5165 -23.2665 3
      vertex -26.5165 -24.8165 3
      vertex -26.4275 -24.8188 3
    endloop
  endfacet
  facet normal 0 0 1
    outer loop
      vertex -26.5165 -23.2665 3
      vertex -26.6055 -24.8188 3
      vertex -26.5165 -24.8165 3
    endloop
  endfacet
  facet normal -0 0 1
    outer loop
      vertex -26.6866 -23.271 3
      vertex -26.6055 -24.8188 3
      vertex -26.5165 -23.2665 3
    endloop
  endfacet
  facet normal 0 0 1
    outer loop
      vertex -26.6866 -23.271 3
      vertex -26.6942 -24.8258 3
      vertex -26.6055 -24.8188 3
    endloop
  endfacet
  facet normal -0 0 1
    outer loop
      vertex -26.8562 -23.2843 3
      vertex -26.6942 -24.8258 3
      vertex -26.6866 -23.271 3
    endloop
  endfacet
  facet normal 0 0 1
    outer loop
      vertex -26.6942 -24.8258 3
      vertex -26.8562 -23.2843 3
      vertex -26.7824 -24.8374 3
    endloop
  endfacet
  facet normal -0 0 1
    outer loop
      vertex -27.0249 -23.3065 3
      vertex -26.7824 -24.8374 3
      vertex -26.8562 -23.2843 3
    endloop
  endfacet
  facet normal 0 0 1
    outer loop
      vertex -26.7824 -24.8374 3
      vertex -27.0249 -23.3065 3
      vertex -26.87 -24.8537 3
    endloop
  endfacet
  facet normal -0 0 1
    outer loop
      vertex -27.1922 -23.3375 3
      vertex -26.87 -24.8537 3
      vertex -27.0249 -23.3065 3
    endloop
  endfacet
  facet normal 0 0 1
    outer loop
      vertex -26.87 -24.8537 3
      vertex -27.1922 -23.3375 3
      vertex -26.9565 -24.8744 3
    endloop
  endfacet
  facet normal -0 0 1
    outer loop
      vertex -27.3577 -23.3772 3
      vertex -26.9565 -24.8744 3
      vertex -27.1922 -23.3375 3
    endloop
  endfacet
  facet normal 0 0 1
    outer loop
      vertex -26.9565 -24.8744 3
      vertex -27.3577 -23.3772 3
      vertex -27.0418 -24.8997 3
    endloop
  endfacet
  facet normal -0 0 1
    outer loop
      vertex -27.5208 -23.4256 3
      vertex -27.0418 -24.8997 3
      vertex -27.3577 -23.3772 3
    endloop
  endfacet
  facet normal 0 0 1
    outer loop
      vertex -27.0418 -24.8997 3
      vertex -27.5208 -23.4256 3
      vertex -27.1257 -24.9294 3
    endloop
  endfacet
  facet normal -0 0 1
    outer loop
      vertex -27.6812 -23.4824 3
      vertex -27.1257 -24.9294 3
      vertex -27.5208 -23.4256 3
    endloop
  endfacet
  facet normal 0 0 1
    outer loop
      vertex -27.1257 -24.9294 3
      vertex -27.6812 -23.4824 3
      vertex -27.208 -24.9635 3
    endloop
  endfacet
  facet normal -0 0 1
    outer loop
      vertex -27.8384 -23.5475 3
      vertex -27.208 -24.9635 3
      vertex -27.6812 -23.4824 3
    endloop
  endfacet
  facet normal 0 0 1
    outer loop
      vertex -27.208 -24.9635 3
      vertex -27.8384 -23.5475 3
      vertex -27.2883 -25.0018 3
    endloop
  endfacet
  facet normal -0 0 1
    outer loop
      vertex -27.992 -23.6207 3
      vertex -27.2883 -25.0018 3
      vertex -27.8384 -23.5475 3
    endloop
  endfacet
  facet normal 0 0 1
    outer loop
      vertex -27.2883 -25.0018 3
      vertex -27.992 -23.6207 3
      vertex -27.3665 -25.0443 3
    endloop
  endfacet
  facet normal -0 0 1
    outer loop
      vertex -28.1415 -23.7019 3
      vertex -27.3665 -25.0443 3
      vertex -27.992 -23.6207 3
    endloop
  endfacet
  facet normal 0 0 1
    outer loop
      vertex -27.3665 -25.0443 3
      vertex -28.1415 -23.7019 3
      vertex -27.4424 -25.0908 3
    endloop
  endfacet
  facet normal -0 0 1
    outer loop
      vertex -28.2866 -23.7908 3
      vertex -27.4424 -25.0908 3
      vertex -28.1415 -23.7019 3
    endloop
  endfacet
  facet normal 0 0 1
    outer loop
      vertex -27.4424 -25.0908 3
      vertex -28.2866 -23.7908 3
      vertex -27.5157 -25.1412 3
    endloop
  endfacet
  facet normal -0 0 1
    outer loop
      vertex -28.4268 -23.8872 3
      vertex -27.5157 -25.1412 3
      vertex -28.2866 -23.7908 3
    endloop
  endfacet
  facet normal 0 0 1
    outer loop
      vertex -27.5157 -25.1412 3
      vertex -28.4268 -23.8872 3
      vertex -27.5863 -25.1954 3
    endloop
  endfacet
  facet normal -0 0 1
    outer loop
      vertex -28.5618 -23.9908 3
      vertex -27.5863 -25.1954 3
      vertex -28.4268 -23.8872 3
    endloop
  endfacet
  facet normal 0 0 1
    outer loop
      vertex -27.5863 -25.1954 3
      vertex -28.5618 -23.9908 3
      vertex -27.654 -25.2532 3
    endloop
  endfacet
  facet normal -0 0 1
    outer loop
      vertex -28.6912 -24.1013 3
      vertex -27.654 -25.2532 3
      vertex -28.5618 -23.9908 3
    endloop
  endfacet
  facet normal 0 0 1
    outer loop
      vertex -27.654 -25.2532 3
      vertex -28.6912 -24.1013 3
      vertex -27.7186 -25.3144 3
    endloop
  endfacet
  facet normal -0 0 1
    outer loop
      vertex -28.8146 -24.2184 3
      vertex -27.7186 -25.3144 3
      vertex -28.6912 -24.1013 3
    endloop
  endfacet
  facet normal 0 0 1
    outer loop
      vertex -27.7186 -25.3144 3
      vertex -28.8146 -24.2184 3
      vertex -27.7799 -25.379 3
    endloop
  endfacet
  facet normal -0 0 1
    outer loop
      vertex -28.9317 -24.3418 3
      vertex -27.7799 -25.379 3
      vertex -28.8146 -24.2184 3
    endloop
  endfacet
  facet normal 0 0 1
    outer loop
      vertex -27.7799 -25.379 3
      vertex -28.9317 -24.3418 3
      vertex -27.8377 -25.4467 3
    endloop
  endfacet
  facet normal -0 0 1
    outer loop
      vertex -29.0422 -24.4712 3
      vertex -27.8377 -25.4467 3
      vertex -28.9317 -24.3418 3
    endloop
  endfacet
  facet normal 0 0 1
    outer loop
      vertex -27.8377 -25.4467 3
      vertex -29.0422 -24.4712 3
      vertex -27.8918 -25.5173 3
    endloop
  endfacet
  facet normal -0 0 1
    outer loop
      vertex -29.1458 -24.6062 3
      vertex -27.8918 -25.5173 3
      vertex -29.0422 -24.4712 3
    endloop
  endfacet
  facet normal 0 0 1
    outer loop
      vertex -27.8918 -25.5173 3
      vertex -29.1458 -24.6062 3
      vertex -27.9422 -25.5906 3
    endloop
  endfacet
  facet normal -0 0 1
    outer loop
      vertex -29.2422 -24.7464 3
      vertex -27.9422 -25.5906 3
      vertex -29.1458 -24.6062 3
    endloop
  endfacet
  facet normal 0 0 1
    outer loop
      vertex -27.9422 -25.5906 3
      vertex -29.2422 -24.7464 3
      vertex -27.9887 -25.6665 3
    endloop
  endfacet
  facet normal 0 0 1
    outer loop
      vertex -27.9887 -25.6665 3
      vertex -29.3311 -24.8915 3
      vertex -28.0312 -25.7447 3
    endloop
  endfacet
  facet normal -0 0 1
    outer loop
      vertex -29.3311 -24.8915 3
      vertex -27.9887 -25.6665 3
      vertex -29.2422 -24.7464 3
    endloop
  endfacet
  facet normal -0 0 1
    outer loop
      vertex -25.0443 -27.3665 3
      vertex -23.7019 -28.1415 3
      vertex -25.0018 -27.2883 3
    endloop
  endfacet
  facet normal 0 0 1
    outer loop
      vertex -23.7019 -28.1415 3
      vertex -25.0443 -27.3665 3
      vertex -23.7908 -28.2866 3
    endloop
  endfacet
  facet normal -0 0 1
    outer loop
      vertex -25.0908 -27.4424 3
      vertex -23.7908 -28.2866 3
      vertex -25.0443 -27.3665 3
    endloop
  endfacet
  facet normal 0 0 1
    outer loop
      vertex -23.7908 -28.2866 3
      vertex -25.0908 -27.4424 3
      vertex -23.8872 -28.4268 3
    endloop
  endfacet
  facet normal -0 0 1
    outer loop
      vertex -25.1412 -27.5157 3
      vertex -23.8872 -28.4268 3
      vertex -25.0908 -27.4424 3
    endloop
  endfacet
  facet normal 0 0 1
    outer loop
      vertex -23.8872 -28.4268 3
      vertex -25.1412 -27.5157 3
      vertex -23.9908 -28.5618 3
    endloop
  endfacet
  facet normal -0 0 1
    outer loop
      vertex -25.1954 -27.5863 3
      vertex -23.9908 -28.5618 3
      vertex -25.1412 -27.5157 3
    endloop
  endfacet
  facet normal 0 0 1
    outer loop
      vertex -23.9908 -28.5618 3
      vertex -25.1954 -27.5863 3
      vertex -24.1013 -28.6912 3
    endloop
  endfacet
  facet normal -0 0 1
    outer loop
      vertex -25.2532 -27.654 3
      vertex -24.1013 -28.6912 3
      vertex -25.1954 -27.5863 3
    endloop
  endfacet
  facet normal 0 0 1
    outer loop
      vertex -24.1013 -28.6912 3
      vertex -25.2532 -27.654 3
      vertex -24.2184 -28.8146 3
    endloop
  endfacet
  facet normal -0 0 1
    outer loop
      vertex -25.3144 -27.7186 3
      vertex -24.2184 -28.8146 3
      vertex -25.2532 -27.654 3
    endloop
  endfacet
  facet normal 0 0 1
    outer loop
      vertex -24.2184 -28.8146 3
      vertex -25.3144 -27.7186 3
      vertex -24.3418 -28.9317 3
    endloop
  endfacet
  facet normal -0 0 1
    outer loop
      vertex -25.379 -27.7799 3
      vertex -24.3418 -28.9317 3
      vertex -25.3144 -27.7186 3
    endloop
  endfacet
  facet normal 0 0 1
    outer loop
      vertex -24.3418 -28.9317 3
      vertex -25.379 -27.7799 3
      vertex -24.4712 -29.0422 3
    endloop
  endfacet
  facet normal -0 0 1
    outer loop
      vertex -25.4467 -27.8377 3
      vertex -24.4712 -29.0422 3
      vertex -25.379 -27.7799 3
    endloop
  endfacet
  facet normal 0 0 1
    outer loop
      vertex -24.4712 -29.0422 3
      vertex -25.4467 -27.8377 3
      vertex -24.6062 -29.1458 3
    endloop
  endfacet
  facet normal -0 0 1
    outer loop
      vertex -25.5173 -27.8918 3
      vertex -24.6062 -29.1458 3
      vertex -25.4467 -27.8377 3
    endloop
  endfacet
  facet normal 0 0 1
    outer loop
      vertex -24.6062 -29.1458 3
      vertex -25.5173 -27.8918 3
      vertex -24.7464 -29.2422 3
    endloop
  endfacet
  facet normal -0 0 1
    outer loop
      vertex -25.5906 -27.9422 3
      vertex -24.7464 -29.2422 3
      vertex -25.5173 -27.8918 3
    endloop
  endfacet
  facet normal 0 0 1
    outer loop
      vertex -24.7464 -29.2422 3
      vertex -25.5906 -27.9422 3
      vertex -24.8915 -29.3311 3
    endloop
  endfacet
  facet normal -0 0 1
    outer loop
      vertex -25.6665 -27.9887 3
      vertex -24.8915 -29.3311 3
      vertex -25.5906 -27.9422 3
    endloop
  endfacet
  facet normal 0 0 1
    outer loop
      vertex -24.8915 -29.3311 3
      vertex -25.6665 -27.9887 3
      vertex -25.041 -29.4123 3
    endloop
  endfacet
  facet normal -0 0 1
    outer loop
      vertex -25.7447 -28.0312 3
      vertex -25.041 -29.4123 3
      vertex -25.6665 -27.9887 3
    endloop
  endfacet
  facet normal 0 0 1
    outer loop
      vertex -25.041 -29.4123 3
      vertex -25.7447 -28.0312 3
      vertex -25.1946 -29.4855 3
    endloop
  endfacet
  facet normal -0 0 1
    outer loop
      vertex -25.8251 -28.0695 3
      vertex -25.1946 -29.4855 3
      vertex -25.7447 -28.0312 3
    endloop
  endfacet
  facet normal 0 0 1
    outer loop
      vertex -25.1946 -29.4855 3
      vertex -25.8251 -28.0695 3
      vertex -25.3518 -29.5506 3
    endloop
  endfacet
  facet normal -0 0 1
    outer loop
      vertex -25.9073 -28.1036 3
      vertex -25.3518 -29.5506 3
      vertex -25.8251 -28.0695 3
    endloop
  endfacet
  facet normal 0 0 1
    outer loop
      vertex -25.3518 -29.5506 3
      vertex -25.9073 -28.1036 3
      vertex -25.5122 -29.6074 3
    endloop
  endfacet
  facet normal -0 0 1
    outer loop
      vertex -25.9912 -28.1333 3
      vertex -25.5122 -29.6074 3
      vertex -25.9073 -28.1036 3
    endloop
  endfacet
  facet normal 0 0 1
    outer loop
      vertex -25.5122 -29.6074 3
      vertex -25.9912 -28.1333 3
      vertex -25.6753 -29.6558 3
    endloop
  endfacet
  facet normal -0 0 1
    outer loop
      vertex -26.4307 -29.3542 3
      vertex -25.6753 -29.6558 3
      vertex -25.9912 -28.1333 3
    endloop
  endfacet
  facet normal 0 0 1
    outer loop
      vertex -25.6753 -29.6558 3
      vertex -26.4307 -29.3542 3
      vertex -25.8408 -29.6955 3
    endloop
  endfacet
  facet normal 0 0 1
    outer loop
      vertex -26.4307 -29.3542 3
      vertex -25.9912 -28.1333 3
      vertex -26.0765 -28.1586 3
    endloop
  endfacet
  facet normal 0 0 1
    outer loop
      vertex -26.4307 -29.3542 3
      vertex -26.0765 -28.1586 3
      vertex -26.1631 -28.1794 3
    endloop
  endfacet
  facet normal 0 0 1
    outer loop
      vertex -26.4307 -29.3542 3
      vertex -26.1631 -28.1794 3
      vertex -26.2506 -28.1956 3
    endloop
  endfacet
  facet normal 0 0 1
    outer loop
      vertex -26.4307 -29.3542 3
      vertex -26.2506 -28.1956 3
      vertex -26.3388 -28.2072 3
    endloop
  endfacet
  facet normal 0 0 1
    outer loop
      vertex -26.4307 -29.3542 3
      vertex -26.3388 -28.2072 3
      vertex -26.4275 -28.2142 3
    endloop
  endfacet
  facet normal 0 0 1
    outer loop
      vertex -25.8408 -29.6955 3
      vertex -26.4307 -29.3542 3
      vertex -25.9972 -29.7245 3
    endloop
  endfacet
  facet normal -0 0 1
    outer loop
      vertex -26.5165 -28.2165 3
      vertex -26.4307 -29.3542 3
      vertex -26.4275 -28.2142 3
    endloop
  endfacet
  facet normal 0 0 1
    outer loop
      vertex -26.6055 -28.2142 3
      vertex -26.4307 -29.3542 3
      vertex -26.5165 -28.2165 3
    endloop
  endfacet
  facet normal 0 0 1
    outer loop
      vertex -26.6942 -28.2072 3
      vertex -26.4307 -29.3542 3
      vertex -26.6055 -28.2142 3
    endloop
  endfacet
  facet normal 0 0 1
    outer loop
      vertex -26.7824 -28.1956 3
      vertex -26.4307 -29.3542 3
      vertex -26.6942 -28.2072 3
    endloop
  endfacet
  facet normal 0 0 1
    outer loop
      vertex -26.87 -28.1794 3
      vertex -26.4307 -29.3542 3
      vertex -26.7824 -28.1956 3
    endloop
  endfacet
  facet normal 0 0 1
    outer loop
      vertex -26.9565 -28.1586 3
      vertex -26.4307 -29.3542 3
      vertex -26.87 -28.1794 3
    endloop
  endfacet
  facet normal 0 0 1
    outer loop
      vertex -27.0418 -28.1333 3
      vertex -26.4307 -29.3542 3
      vertex -26.9565 -28.1586 3
    endloop
  endfacet
  facet normal 0 0 1
    outer loop
      vertex -27.1257 -28.1036 3
      vertex -26.4307 -29.3542 3
      vertex -27.0418 -28.1333 3
    endloop
  endfacet
  facet normal 0 0 1
    outer loop
      vertex -27.208 -28.0695 3
      vertex -26.4307 -29.3542 3
      vertex -27.1257 -28.1036 3
    endloop
  endfacet
  facet normal 0 0 1
    outer loop
      vertex -27.9307 -27.9307 3
      vertex -27.208 -28.0695 3
      vertex -27.2883 -28.0312 3
    endloop
  endfacet
  facet normal 0 0 1
    outer loop
      vertex -27.9307 -27.9307 3
      vertex -27.2883 -28.0312 3
      vertex -27.3665 -27.9887 3
    endloop
  endfacet
  facet normal 0 0 1
    outer loop
      vertex -27.9307 -27.9307 3
      vertex -27.3665 -27.9887 3
      vertex -27.4424 -27.9422 3
    endloop
  endfacet
  facet normal -0 0 1
    outer loop
      vertex -27.9307 -27.9307 3
      vertex -27.4424 -27.9422 3
      vertex -27.5157 -27.8918 3
    endloop
  endfacet
  facet normal 0 0 1
    outer loop
      vertex -27.9307 -27.9307 3
      vertex -27.5157 -27.8918 3
      vertex -27.5863 -27.8377 3
    endloop
  endfacet
  facet normal 0 0 1
    outer loop
      vertex -27.9307 -27.9307 3
      vertex -27.5863 -27.8377 3
      vertex -27.654 -27.7799 3
    endloop
  endfacet
  facet normal 0 0 1
    outer loop
      vertex -27.9307 -27.9307 3
      vertex -27.654 -27.7799 3
      vertex -27.7186 -27.7186 3
    endloop
  endfacet
  facet normal 0 0 1
    outer loop
      vertex -27.9307 -27.9307 3
      vertex -27.7186 -27.7186 3
      vertex -27.7799 -27.654 3
    endloop
  endfacet
  facet normal 0 0 1
    outer loop
      vertex -27.9307 -27.9307 3
      vertex -27.7799 -27.654 3
      vertex -27.8377 -27.5863 3
    endloop
  endfacet
  facet normal 0 0 1
    outer loop
      vertex -27.208 -28.0695 3
      vertex -27.9307 -27.9307 3
      vertex -26.4307 -29.3542 3
    endloop
  endfacet
  facet normal 0 0 1
    outer loop
      vertex -27.8918 -27.5157 3
      vertex -27.9307 -27.9307 3
      vertex -27.8377 -27.5863 3
    endloop
  endfacet
  facet normal 0 0 1
    outer loop
      vertex -27.9422 -27.4424 3
      vertex -27.9307 -27.9307 3
      vertex -27.8918 -27.5157 3
    endloop
  endfacet
  facet normal 0 0 1
    outer loop
      vertex -27.9887 -27.3665 3
      vertex -27.9307 -27.9307 3
      vertex -27.9422 -27.4424 3
    endloop
  endfacet
  facet normal 0 0 1
    outer loop
      vertex -28.0312 -27.2883 3
      vertex -27.9307 -27.9307 3
      vertex -27.9887 -27.3665 3
    endloop
  endfacet
  facet normal 0 0 1
    outer loop
      vertex -28.0695 -27.208 3
      vertex -27.9307 -27.9307 3
      vertex -28.0312 -27.2883 3
    endloop
  endfacet
  facet normal 0 0 1
    outer loop
      vertex -29.3542 -26.4307 3
      vertex -28.0695 -27.208 3
      vertex -28.1036 -27.1257 3
    endloop
  endfacet
  facet normal 0 0 1
    outer loop
      vertex -29.3542 -26.4307 3
      vertex -28.1036 -27.1257 3
      vertex -28.1333 -27.0418 3
    endloop
  endfacet
  facet normal 0 0 1
    outer loop
      vertex -29.3542 -26.4307 3
      vertex -28.1333 -27.0418 3
      vertex -28.1586 -26.9565 3
    endloop
  endfacet
  facet normal 0 0 1
    outer loop
      vertex -29.3542 -26.4307 3
      vertex -28.1586 -26.9565 3
      vertex -28.1794 -26.87 3
    endloop
  endfacet
  facet normal -0 0 1
    outer loop
      vertex -29.4123 -25.041 3
      vertex -28.0312 -25.7447 3
      vertex -29.3311 -24.8915 3
    endloop
  endfacet
  facet normal 0 0 1
    outer loop
      vertex -28.0312 -25.7447 3
      vertex -29.4123 -25.041 3
      vertex -28.0695 -25.8251 3
    endloop
  endfacet
  facet normal -0 0 1
    outer loop
      vertex -29.4855 -25.1946 3
      vertex -28.0695 -25.8251 3
      vertex -29.4123 -25.041 3
    endloop
  endfacet
  facet normal 0 0 1
    outer loop
      vertex -28.0695 -25.8251 3
      vertex -29.4855 -25.1946 3
      vertex -28.1036 -25.9073 3
    endloop
  endfacet
  facet normal -0 0 1
    outer loop
      vertex -29.5506 -25.3518 3
      vertex -28.1036 -25.9073 3
      vertex -29.4855 -25.1946 3
    endloop
  endfacet
  facet normal 0 0 1
    outer loop
      vertex -28.1036 -25.9073 3
      vertex -29.5506 -25.3518 3
      vertex -28.1333 -25.9912 3
    endloop
  endfacet
  facet normal -0 0 1
    outer loop
      vertex -29.6074 -25.5122 3
      vertex -28.1333 -25.9912 3
      vertex -29.5506 -25.3518 3
    endloop
  endfacet
  facet normal 0 0 1
    outer loop
      vertex -28.1333 -25.9912 3
      vertex -29.6074 -25.5122 3
      vertex -28.1586 -26.0765 3
    endloop
  endfacet
  facet normal 0 -0 1
    outer loop
      vertex -29.3542 -26.4307 3
      vertex -28.1586 -26.0765 3
      vertex -29.6074 -25.5122 3
    endloop
  endfacet
  facet normal 0 0 1
    outer loop
      vertex -28.1586 -26.0765 3
      vertex -29.3542 -26.4307 3
      vertex -28.1794 -26.1631 3
    endloop
  endfacet
  facet normal 0 0 1
    outer loop
      vertex -28.1794 -26.1631 3
      vertex -29.3542 -26.4307 3
      vertex -28.1956 -26.2506 3
    endloop
  endfacet
  facet normal 0 0 1
    outer loop
      vertex -28.1956 -26.2506 3
      vertex -29.3542 -26.4307 3
      vertex -28.2072 -26.3388 3
    endloop
  endfacet
  facet normal 0 0 1
    outer loop
      vertex -28.2072 -26.3388 3
      vertex -29.3542 -26.4307 3
      vertex -28.2142 -26.4275 3
    endloop
  endfacet
  facet normal 0 0 1
    outer loop
      vertex -28.2165 -26.5165 3
      vertex -29.3542 -26.4307 3
      vertex -28.2142 -26.6055 3
    endloop
  endfacet
  facet normal 0 0 1
    outer loop
      vertex -28.0695 -27.208 3
      vertex -29.3542 -26.4307 3
      vertex -27.9307 -27.9307 3
    endloop
  endfacet
  facet normal 0 0 1
    outer loop
      vertex -28.2142 -26.6055 3
      vertex -29.3542 -26.4307 3
      vertex -28.2072 -26.6942 3
    endloop
  endfacet
  facet normal 0 0 1
    outer loop
      vertex -28.1956 -26.7824 3
      vertex -29.3542 -26.4307 3
      vertex -28.1794 -26.87 3
    endloop
  endfacet
  facet normal 0 0 1
    outer loop
      vertex -28.2072 -26.6942 3
      vertex -29.3542 -26.4307 3
      vertex -28.1956 -26.7824 3
    endloop
  endfacet
  facet normal 0 0 1
    outer loop
      vertex -28.2142 -26.4275 3
      vertex -29.3542 -26.4307 3
      vertex -28.2165 -26.5165 3
    endloop
  endfacet
  facet normal -0 0 1
    outer loop
      vertex -29.6558 -25.6753 3
      vertex -29.3542 -26.4307 3
      vertex -29.6074 -25.5122 3
    endloop
  endfacet
  facet normal -0 0 1
    outer loop
      vertex -29.6955 -25.8408 3
      vertex -29.3542 -26.4307 3
      vertex -29.6558 -25.6753 3
    endloop
  endfacet
  facet normal 0 0 1
    outer loop
      vertex -29.3542 -26.4307 3
      vertex -29.6955 -25.8408 3
      vertex -29.7245 -25.9972 3
    endloop
  endfacet
  facet normal 0 0 1
    outer loop
      vertex -24.8165 26.5165 3
      vertex -23.2665 26.5165 3
      vertex -23.271 26.6866 3
    endloop
  endfacet
  facet normal 0 0 1
    outer loop
      vertex -24.8188 26.6055 3
      vertex -23.271 26.6866 3
      vertex -23.2843 26.8562 3
    endloop
  endfacet
  facet normal 0 0 1
    outer loop
      vertex -23.2665 26.5165 3
      vertex -24.8165 26.5165 3
      vertex -23.271 26.3464 3
    endloop
  endfacet
  facet normal 0 0 1
    outer loop
      vertex -24.8258 26.6942 3
      vertex -23.2843 26.8562 3
      vertex -23.3065 27.0249 3
    endloop
  endfacet
  facet normal -0 0 1
    outer loop
      vertex -24.8188 26.4275 3
      vertex -23.271 26.3464 3
      vertex -24.8165 26.5165 3
    endloop
  endfacet
  facet normal 0 0 1
    outer loop
      vertex -24.8374 26.7824 3
      vertex -23.3065 27.0249 3
      vertex -23.3375 27.1922 3
    endloop
  endfacet
  facet normal 0 0 1
    outer loop
      vertex -23.271 26.3464 3
      vertex -24.8188 26.4275 3
      vertex -23.2843 26.1768 3
    endloop
  endfacet
  facet normal 0 0 1
    outer loop
      vertex -24.8537 26.87 3
      vertex -23.3375 27.1922 3
      vertex -23.3772 27.3577 3
    endloop
  endfacet
  facet normal -0 0 1
    outer loop
      vertex -24.8258 26.3388 3
      vertex -23.2843 26.1768 3
      vertex -24.8188 26.4275 3
    endloop
  endfacet
  facet normal 0 0 1
    outer loop
      vertex -24.8744 26.9565 3
      vertex -23.3772 27.3577 3
      vertex -23.4256 27.5208 3
    endloop
  endfacet
  facet normal 0 0 1
    outer loop
      vertex -23.2843 26.1768 3
      vertex -24.8258 26.3388 3
      vertex -23.3065 26.0081 3
    endloop
  endfacet
  facet normal 0 0 1
    outer loop
      vertex -24.8997 27.0418 3
      vertex -23.4256 27.5208 3
      vertex -23.4824 27.6812 3
    endloop
  endfacet
  facet normal -0 0 1
    outer loop
      vertex -24.8374 26.2506 3
      vertex -23.3065 26.0081 3
      vertex -24.8258 26.3388 3
    endloop
  endfacet
  facet normal 0 0 1
    outer loop
      vertex -24.9294 27.1257 3
      vertex -23.4824 27.6812 3
      vertex -23.5475 27.8384 3
    endloop
  endfacet
  facet normal 0 0 1
    outer loop
      vertex -23.3065 26.0081 3
      vertex -24.8374 26.2506 3
      vertex -23.3375 25.8408 3
    endloop
  endfacet
  facet normal 0 0 1
    outer loop
      vertex -24.9635 27.208 3
      vertex -23.5475 27.8384 3
      vertex -23.6207 27.992 3
    endloop
  endfacet
  facet normal -0 0 1
    outer loop
      vertex -24.8537 26.1631 3
      vertex -23.3375 25.8408 3
      vertex -24.8374 26.2506 3
    endloop
  endfacet
  facet normal 0 0 1
    outer loop
      vertex -25.0018 27.2883 3
      vertex -23.6207 27.992 3
      vertex -23.7019 28.1415 3
    endloop
  endfacet
  facet normal 0 0 1
    outer loop
      vertex -23.3375 25.8408 3
      vertex -24.8537 26.1631 3
      vertex -23.3772 25.6753 3
    endloop
  endfacet
  facet normal 0 0 1
    outer loop
      vertex -25.0443 27.3665 3
      vertex -23.7019 28.1415 3
      vertex -23.7908 28.2866 3
    endloop
  endfacet
  facet normal -0 0 1
    outer loop
      vertex -24.8744 26.0765 3
      vertex -23.3772 25.6753 3
      vertex -24.8537 26.1631 3
    endloop
  endfacet
  facet normal 0 0 1
    outer loop
      vertex -25.0908 27.4424 3
      vertex -23.7908 28.2866 3
      vertex -23.8872 28.4268 3
    endloop
  endfacet
  facet normal 0 0 1
    outer loop
      vertex -23.3772 25.6753 3
      vertex -24.8744 26.0765 3
      vertex -23.4256 25.5122 3
    endloop
  endfacet
  facet normal 0 0 1
    outer loop
      vertex -25.1412 27.5157 3
      vertex -23.8872 28.4268 3
      vertex -23.9908 28.5618 3
    endloop
  endfacet
  facet normal -0 0 1
    outer loop
      vertex -24.8997 25.9912 3
      vertex -23.4256 25.5122 3
      vertex -24.8744 26.0765 3
    endloop
  endfacet
  facet normal 0 0 1
    outer loop
      vertex -25.1954 27.5863 3
      vertex -23.9908 28.5618 3
      vertex -24.1013 28.6912 3
    endloop
  endfacet
  facet normal 0 0 1
    outer loop
      vertex -23.4256 25.5122 3
      vertex -24.8997 25.9912 3
      vertex -23.4824 25.3518 3
    endloop
  endfacet
  facet normal 0 0 1
    outer loop
      vertex -25.2532 27.654 3
      vertex -24.1013 28.6912 3
      vertex -24.2184 28.8146 3
    endloop
  endfacet
  facet normal -0 0 1
    outer loop
      vertex -24.9294 25.9073 3
      vertex -23.4824 25.3518 3
      vertex -24.8997 25.9912 3
    endloop
  endfacet
  facet normal 0 0 1
    outer loop
      vertex -25.3144 27.7186 3
      vertex -24.2184 28.8146 3
      vertex -24.3418 28.9317 3
    endloop
  endfacet
  facet normal 0 0 1
    outer loop
      vertex -23.4824 25.3518 3
      vertex -24.9294 25.9073 3
      vertex -23.5475 25.1946 3
    endloop
  endfacet
  facet normal 0 0 1
    outer loop
      vertex -25.379 27.7799 3
      vertex -24.3418 28.9317 3
      vertex -24.4712 29.0422 3
    endloop
  endfacet
  facet normal -0 0 1
    outer loop
      vertex -24.9635 25.8251 3
      vertex -23.5475 25.1946 3
      vertex -24.9294 25.9073 3
    endloop
  endfacet
  facet normal 0 0 1
    outer loop
      vertex -25.4467 27.8377 3
      vertex -24.4712 29.0422 3
      vertex -24.6062 29.1458 3
    endloop
  endfacet
  facet normal 0 0 1
    outer loop
      vertex -23.5475 25.1946 3
      vertex -24.9635 25.8251 3
      vertex -23.6207 25.041 3
    endloop
  endfacet
  facet normal 0 0 1
    outer loop
      vertex -25.5173 27.8918 3
      vertex -24.6062 29.1458 3
      vertex -24.7464 29.2422 3
    endloop
  endfacet
  facet normal -0 0 1
    outer loop
      vertex -25.0018 25.7447 3
      vertex -23.6207 25.041 3
      vertex -24.9635 25.8251 3
    endloop
  endfacet
  facet normal 0 0 1
    outer loop
      vertex -23.6207 25.041 3
      vertex -25.0018 25.7447 3
      vertex -23.7019 24.8915 3
    endloop
  endfacet
  facet normal 0 0 1
    outer loop
      vertex -23.271 26.6866 3
      vertex -24.8188 26.6055 3
      vertex -24.8165 26.5165 3
    endloop
  endfacet
  facet normal 0 0 1
    outer loop
      vertex -23.2843 26.8562 3
      vertex -24.8258 26.6942 3
      vertex -24.8188 26.6055 3
    endloop
  endfacet
  facet normal 0 0 1
    outer loop
      vertex -23.3065 27.0249 3
      vertex -24.8374 26.7824 3
      vertex -24.8258 26.6942 3
    endloop
  endfacet
  facet normal 0 0 1
    outer loop
      vertex -23.3375 27.1922 3
      vertex -24.8537 26.87 3
      vertex -24.8374 26.7824 3
    endloop
  endfacet
  facet normal 0 0 1
    outer loop
      vertex -23.3772 27.3577 3
      vertex -24.8744 26.9565 3
      vertex -24.8537 26.87 3
    endloop
  endfacet
  facet normal 0 0 1
    outer loop
      vertex -25.5906 27.9422 3
      vertex -24.7464 29.2422 3
      vertex -24.8915 29.3311 3
    endloop
  endfacet
  facet normal 0 0 1
    outer loop
      vertex -23.4256 27.5208 3
      vertex -24.8997 27.0418 3
      vertex -24.8744 26.9565 3
    endloop
  endfacet
  facet normal 0 0 1
    outer loop
      vertex -23.4824 27.6812 3
      vertex -24.9294 27.1257 3
      vertex -24.8997 27.0418 3
    endloop
  endfacet
  facet normal 0 0 1
    outer loop
      vertex -23.5475 27.8384 3
      vertex -24.9635 27.208 3
      vertex -24.9294 27.1257 3
    endloop
  endfacet
  facet normal 0 0 1
    outer loop
      vertex -23.6207 27.992 3
      vertex -25.0018 27.2883 3
      vertex -24.9635 27.208 3
    endloop
  endfacet
  facet normal 0 0 1
    outer loop
      vertex -25.6665 27.9887 3
      vertex -24.8915 29.3311 3
      vertex -25.041 29.4123 3
    endloop
  endfacet
  facet normal 0 0 1
    outer loop
      vertex -23.7019 28.1415 3
      vertex -25.0443 27.3665 3
      vertex -25.0018 27.2883 3
    endloop
  endfacet
  facet normal 0 0 1
    outer loop
      vertex -23.7908 28.2866 3
      vertex -25.0908 27.4424 3
      vertex -25.0443 27.3665 3
    endloop
  endfacet
  facet normal 0 0 1
    outer loop
      vertex -23.8872 28.4268 3
      vertex -25.1412 27.5157 3
      vertex -25.0908 27.4424 3
    endloop
  endfacet
  facet normal 0 0 1
    outer loop
      vertex -25.7447 28.0312 3
      vertex -25.041 29.4123 3
      vertex -25.1946 29.4855 3
    endloop
  endfacet
  facet normal 0 0 1
    outer loop
      vertex -23.9908 28.5618 3
      vertex -25.1954 27.5863 3
      vertex -25.1412 27.5157 3
    endloop
  endfacet
  facet normal 0 0 1
    outer loop
      vertex -24.1013 28.6912 3
      vertex -25.2532 27.654 3
      vertex -25.1954 27.5863 3
    endloop
  endfacet
  facet normal 0 0 1
    outer loop
      vertex -24.2184 28.8146 3
      vertex -25.3144 27.7186 3
      vertex -25.2532 27.654 3
    endloop
  endfacet
  facet normal 0 0 1
    outer loop
      vertex -25.8251 28.0695 3
      vertex -25.1946 29.4855 3
      vertex -25.3518 29.5506 3
    endloop
  endfacet
  facet normal 0 0 1
    outer loop
      vertex -24.3418 28.9317 3
      vertex -25.379 27.7799 3
      vertex -25.3144 27.7186 3
    endloop
  endfacet
  facet normal 0 0 1
    outer loop
      vertex -24.4712 29.0422 3
      vertex -25.4467 27.8377 3
      vertex -25.379 27.7799 3
    endloop
  endfacet
  facet normal 0 0 1
    outer loop
      vertex -25.9073 28.1036 3
      vertex -25.3518 29.5506 3
      vertex -25.5122 29.6074 3
    endloop
  endfacet
  facet normal 0 0 1
    outer loop
      vertex -24.6062 29.1458 3
      vertex -25.5173 27.8918 3
      vertex -25.4467 27.8377 3
    endloop
  endfacet
  facet normal 0 0 1
    outer loop
      vertex -24.7464 29.2422 3
      vertex -25.5906 27.9422 3
      vertex -25.5173 27.8918 3
    endloop
  endfacet
  facet normal 0 0 1
    outer loop
      vertex -24.8915 29.3311 3
      vertex -25.6665 27.9887 3
      vertex -25.5906 27.9422 3
    endloop
  endfacet
  facet normal 0 0 1
    outer loop
      vertex -25.9912 28.1333 3
      vertex -25.5122 29.6074 3
      vertex -25.6753 29.6558 3
    endloop
  endfacet
  facet normal 0 0 1
    outer loop
      vertex -25.041 29.4123 3
      vertex -25.7447 28.0312 3
      vertex -25.6665 27.9887 3
    endloop
  endfacet
  facet normal 0 0 1
    outer loop
      vertex -25.1946 29.4855 3
      vertex -25.8251 28.0695 3
      vertex -25.7447 28.0312 3
    endloop
  endfacet
  facet normal 0 0 1
    outer loop
      vertex -26.4307 29.3542 3
      vertex -25.6753 29.6558 3
      vertex -25.8408 29.6955 3
    endloop
  endfacet
  facet normal 0 0 1
    outer loop
      vertex -25.3518 29.5506 3
      vertex -25.9073 28.1036 3
      vertex -25.8251 28.0695 3
    endloop
  endfacet
  facet normal 0 0 1
    outer loop
      vertex -25.5122 29.6074 3
      vertex -25.9912 28.1333 3
      vertex -25.9073 28.1036 3
    endloop
  endfacet
  facet normal 0 0 1
    outer loop
      vertex -26.4307 29.3542 3
      vertex -25.8408 29.6955 3
      vertex -25.9972 29.7245 3
    endloop
  endfacet
  facet normal 0 0 1
    outer loop
      vertex -25.6753 29.6558 3
      vertex -26.4307 29.3542 3
      vertex -25.9912 28.1333 3
    endloop
  endfacet
  facet normal 0 0 1
    outer loop
      vertex -25.9912 28.1333 3
      vertex -26.4307 29.3542 3
      vertex -26.0765 28.1586 3
    endloop
  endfacet
  facet normal 0 0 1
    outer loop
      vertex -26.0765 28.1586 3
      vertex -26.4307 29.3542 3
      vertex -26.1631 28.1794 3
    endloop
  endfacet
  facet normal 0 0 1
    outer loop
      vertex -26.1631 28.1794 3
      vertex -26.4307 29.3542 3
      vertex -26.2506 28.1956 3
    endloop
  endfacet
  facet normal 0 0 1
    outer loop
      vertex -26.2506 28.1956 3
      vertex -26.4307 29.3542 3
      vertex -26.3388 28.2072 3
    endloop
  endfacet
  facet normal 0 0 1
    outer loop
      vertex -26.3388 28.2072 3
      vertex -26.4307 29.3542 3
      vertex -26.4275 28.2142 3
    endloop
  endfacet
  facet normal 0 0 1
    outer loop
      vertex -26.4307 29.3542 3
      vertex -26.5165 28.2165 3
      vertex -26.4275 28.2142 3
    endloop
  endfacet
  facet normal 0 0 1
    outer loop
      vertex -26.4307 29.3542 3
      vertex -26.6055 28.2142 3
      vertex -26.5165 28.2165 3
    endloop
  endfacet
  facet normal 0 0 1
    outer loop
      vertex -26.4307 29.3542 3
      vertex -26.6942 28.2072 3
      vertex -26.6055 28.2142 3
    endloop
  endfacet
  facet normal 0 0 1
    outer loop
      vertex -26.4307 29.3542 3
      vertex -26.7824 28.1956 3
      vertex -26.6942 28.2072 3
    endloop
  endfacet
  facet normal 0 0 1
    outer loop
      vertex -26.4307 29.3542 3
      vertex -26.87 28.1794 3
      vertex -26.7824 28.1956 3
    endloop
  endfacet
  facet normal 0 0 1
    outer loop
      vertex -26.4307 29.3542 3
      vertex -26.9565 28.1586 3
      vertex -26.87 28.1794 3
    endloop
  endfacet
  facet normal 0 0 1
    outer loop
      vertex -26.4307 29.3542 3
      vertex -27.0418 28.1333 3
      vertex -26.9565 28.1586 3
    endloop
  endfacet
  facet normal 0 0 1
    outer loop
      vertex -26.4307 29.3542 3
      vertex -27.1257 28.1036 3
      vertex -27.0418 28.1333 3
    endloop
  endfacet
  facet normal 0 0 1
    outer loop
      vertex -26.4307 29.3542 3
      vertex -27.208 28.0695 3
      vertex -27.1257 28.1036 3
    endloop
  endfacet
  facet normal 0 0 1
    outer loop
      vertex -27.9307 27.9307 3
      vertex -27.208 28.0695 3
      vertex -26.4307 29.3542 3
    endloop
  endfacet
  facet normal 0 0 1
    outer loop
      vertex -27.208 28.0695 3
      vertex -27.9307 27.9307 3
      vertex -27.2883 28.0312 3
    endloop
  endfacet
  facet normal 0 0 1
    outer loop
      vertex -27.2883 28.0312 3
      vertex -27.9307 27.9307 3
      vertex -27.3665 27.9887 3
    endloop
  endfacet
  facet normal 0 0 1
    outer loop
      vertex -27.3665 27.9887 3
      vertex -27.9307 27.9307 3
      vertex -27.4424 27.9422 3
    endloop
  endfacet
  facet normal 0 0 1
    outer loop
      vertex -27.4424 27.9422 3
      vertex -27.9307 27.9307 3
      vertex -27.5157 27.8918 3
    endloop
  endfacet
  facet normal 0 0 1
    outer loop
      vertex -27.5157 27.8918 3
      vertex -27.9307 27.9307 3
      vertex -27.5863 27.8377 3
    endloop
  endfacet
  facet normal 0 0 1
    outer loop
      vertex -27.5863 27.8377 3
      vertex -27.9307 27.9307 3
      vertex -27.654 27.7799 3
    endloop
  endfacet
  facet normal 0 0 1
    outer loop
      vertex -27.654 27.7799 3
      vertex -27.9307 27.9307 3
      vertex -27.7186 27.7186 3
    endloop
  endfacet
  facet normal 0 0 1
    outer loop
      vertex -27.7186 27.7186 3
      vertex -27.9307 27.9307 3
      vertex -27.7799 27.654 3
    endloop
  endfacet
  facet normal 0 0 1
    outer loop
      vertex -27.7799 27.654 3
      vertex -27.9307 27.9307 3
      vertex -27.8377 27.5863 3
    endloop
  endfacet
  facet normal 0 0 1
    outer loop
      vertex -27.9307 27.9307 3
      vertex -27.8918 27.5157 3
      vertex -27.8377 27.5863 3
    endloop
  endfacet
  facet normal 0 0 1
    outer loop
      vertex -27.9307 27.9307 3
      vertex -27.9422 27.4424 3
      vertex -27.8918 27.5157 3
    endloop
  endfacet
  facet normal 0 0 1
    outer loop
      vertex -27.9307 27.9307 3
      vertex -27.9887 27.3665 3
      vertex -27.9422 27.4424 3
    endloop
  endfacet
  facet normal 0 0 1
    outer loop
      vertex -27.9307 27.9307 3
      vertex -28.0312 27.2883 3
      vertex -27.9887 27.3665 3
    endloop
  endfacet
  facet normal 0 0 1
    outer loop
      vertex -27.9307 27.9307 3
      vertex -28.0695 27.208 3
      vertex -28.0312 27.2883 3
    endloop
  endfacet
  facet normal 0 0 1
    outer loop
      vertex -29.3542 26.4307 3
      vertex -28.0695 27.208 3
      vertex -27.9307 27.9307 3
    endloop
  endfacet
  facet normal 0 0 1
    outer loop
      vertex -28.0695 27.208 3
      vertex -29.3542 26.4307 3
      vertex -28.1036 27.1257 3
    endloop
  endfacet
  facet normal 0 0 1
    outer loop
      vertex -28.1036 27.1257 3
      vertex -29.3542 26.4307 3
      vertex -28.1333 27.0418 3
    endloop
  endfacet
  facet normal 0 0 1
    outer loop
      vertex -28.1333 27.0418 3
      vertex -29.3542 26.4307 3
      vertex -28.1586 26.9565 3
    endloop
  endfacet
  facet normal 0 0 1
    outer loop
      vertex -27.5157 25.1412 3
      vertex -28.4268 23.8872 3
      vertex -28.2866 23.7908 3
    endloop
  endfacet
  facet normal 0 0 1
    outer loop
      vertex -29.3542 26.4307 3
      vertex -28.2165 26.5165 3
      vertex -28.2142 26.6055 3
    endloop
  endfacet
  facet normal 0 0 1
    outer loop
      vertex -28.2142 26.4275 3
      vertex -28.5618 23.9908 3
      vertex -28.4268 23.8872 3
    endloop
  endfacet
  facet normal 0 0 1
    outer loop
      vertex -29.3542 26.4307 3
      vertex -28.2142 26.6055 3
      vertex -28.2072 26.6942 3
    endloop
  endfacet
  facet normal 0 0 1
    outer loop
      vertex -28.2142 26.4275 3
      vertex -28.6912 24.1013 3
      vertex -28.5618 23.9908 3
    endloop
  endfacet
  facet normal 0 0 1
    outer loop
      vertex -29.3542 26.4307 3
      vertex -28.2072 26.6942 3
      vertex -28.1956 26.7824 3
    endloop
  endfacet
  facet normal 0 0 1
    outer loop
      vertex -28.2142 26.4275 3
      vertex -28.8146 24.2184 3
      vertex -28.6912 24.1013 3
    endloop
  endfacet
  facet normal 0 0 1
    outer loop
      vertex -29.3542 26.4307 3
      vertex -28.1956 26.7824 3
      vertex -28.1794 26.87 3
    endloop
  endfacet
  facet normal 0 0 1
    outer loop
      vertex -28.1586 26.9565 3
      vertex -29.3542 26.4307 3
      vertex -28.1794 26.87 3
    endloop
  endfacet
  facet normal 0 0 1
    outer loop
      vertex -28.2142 26.4275 3
      vertex -29.3542 26.4307 3
      vertex -29.6074 25.5122 3
    endloop
  endfacet
  facet normal 0 0 1
    outer loop
      vertex -28.2142 26.4275 3
      vertex -28.9317 24.3418 3
      vertex -28.8146 24.2184 3
    endloop
  endfacet
  facet normal 0 0 1
    outer loop
      vertex -28.2142 26.4275 3
      vertex -29.0422 24.4712 3
      vertex -28.9317 24.3418 3
    endloop
  endfacet
  facet normal 0 0 1
    outer loop
      vertex -28.2142 26.4275 3
      vertex -29.1458 24.6062 3
      vertex -29.0422 24.4712 3
    endloop
  endfacet
  facet normal 0 0 1
    outer loop
      vertex -28.2142 26.4275 3
      vertex -29.2422 24.7464 3
      vertex -29.1458 24.6062 3
    endloop
  endfacet
  facet normal 0 0 1
    outer loop
      vertex -28.2142 26.4275 3
      vertex -29.3311 24.8915 3
      vertex -29.2422 24.7464 3
    endloop
  endfacet
  facet normal 0 0 1
    outer loop
      vertex -28.2142 26.4275 3
      vertex -29.4123 25.041 3
      vertex -29.3311 24.8915 3
    endloop
  endfacet
  facet normal 0 0 1
    outer loop
      vertex -28.2142 26.4275 3
      vertex -29.4855 25.1946 3
      vertex -29.4123 25.041 3
    endloop
  endfacet
  facet normal 0 0 1
    outer loop
      vertex -28.2142 26.4275 3
      vertex -29.5506 25.3518 3
      vertex -29.4855 25.1946 3
    endloop
  endfacet
  facet normal 0 0 1
    outer loop
      vertex -28.2142 26.4275 3
      vertex -29.6074 25.5122 3
      vertex -29.5506 25.3518 3
    endloop
  endfacet
  facet normal 0 0 1
    outer loop
      vertex -29.3542 26.4307 3
      vertex -29.6558 25.6753 3
      vertex -29.6074 25.5122 3
    endloop
  endfacet
  facet normal 0 0 1
    outer loop
      vertex -29.3542 26.4307 3
      vertex -29.6955 25.8408 3
      vertex -29.6558 25.6753 3
    endloop
  endfacet
  facet normal 0 -0 1
    outer loop
      vertex -29.6955 25.8408 3
      vertex -29.3542 26.4307 3
      vertex -29.7245 25.9972 3
    endloop
  endfacet
  facet normal -0 0 1
    outer loop
      vertex -25.0443 25.6665 3
      vertex -23.7019 24.8915 3
      vertex -25.0018 25.7447 3
    endloop
  endfacet
  facet normal 0 0 1
    outer loop
      vertex -23.7019 24.8915 3
      vertex -25.0443 25.6665 3
      vertex -23.7908 24.7464 3
    endloop
  endfacet
  facet normal -0 0 1
    outer loop
      vertex -25.0908 25.5906 3
      vertex -23.7908 24.7464 3
      vertex -25.0443 25.6665 3
    endloop
  endfacet
  facet normal 0 0 1
    outer loop
      vertex -23.7908 24.7464 3
      vertex -25.0908 25.5906 3
      vertex -23.8872 24.6062 3
    endloop
  endfacet
  facet normal -0 0 1
    outer loop
      vertex -25.1412 25.5173 3
      vertex -23.8872 24.6062 3
      vertex -25.0908 25.5906 3
    endloop
  endfacet
  facet normal 0 0 1
    outer loop
      vertex -23.8872 24.6062 3
      vertex -25.1412 25.5173 3
      vertex -23.9908 24.4712 3
    endloop
  endfacet
  facet normal -0 0 1
    outer loop
      vertex -25.1954 25.4467 3
      vertex -23.9908 24.4712 3
      vertex -25.1412 25.5173 3
    endloop
  endfacet
  facet normal 0 0 1
    outer loop
      vertex -23.9908 24.4712 3
      vertex -25.1954 25.4467 3
      vertex -24.1013 24.3418 3
    endloop
  endfacet
  facet normal -0 0 1
    outer loop
      vertex -25.2532 25.379 3
      vertex -24.1013 24.3418 3
      vertex -25.1954 25.4467 3
    endloop
  endfacet
  facet normal 0 0 1
    outer loop
      vertex -24.1013 24.3418 3
      vertex -25.2532 25.379 3
      vertex -24.2184 24.2184 3
    endloop
  endfacet
  facet normal -0 0 1
    outer loop
      vertex -25.3144 25.3144 3
      vertex -24.2184 24.2184 3
      vertex -25.2532 25.379 3
    endloop
  endfacet
  facet normal 0 0 1
    outer loop
      vertex -24.2184 24.2184 3
      vertex -25.3144 25.3144 3
      vertex -24.3418 24.1013 3
    endloop
  endfacet
  facet normal -0 0 1
    outer loop
      vertex -25.379 25.2532 3
      vertex -24.3418 24.1013 3
      vertex -25.3144 25.3144 3
    endloop
  endfacet
  facet normal 0 0 1
    outer loop
      vertex -24.3418 24.1013 3
      vertex -25.379 25.2532 3
      vertex -24.4712 23.9908 3
    endloop
  endfacet
  facet normal -0 0 1
    outer loop
      vertex -25.4467 25.1954 3
      vertex -24.4712 23.9908 3
      vertex -25.379 25.2532 3
    endloop
  endfacet
  facet normal 0 0 1
    outer loop
      vertex -24.4712 23.9908 3
      vertex -25.4467 25.1954 3
      vertex -24.6062 23.8872 3
    endloop
  endfacet
  facet normal -0 0 1
    outer loop
      vertex -25.5173 25.1412 3
      vertex -24.6062 23.8872 3
      vertex -25.4467 25.1954 3
    endloop
  endfacet
  facet normal 0 0 1
    outer loop
      vertex -24.6062 23.8872 3
      vertex -25.5173 25.1412 3
      vertex -24.7464 23.7908 3
    endloop
  endfacet
  facet normal -0 0 1
    outer loop
      vertex -25.5906 25.0908 3
      vertex -24.7464 23.7908 3
      vertex -25.5173 25.1412 3
    endloop
  endfacet
  facet normal 0 0 1
    outer loop
      vertex -24.7464 23.7908 3
      vertex -25.5906 25.0908 3
      vertex -24.8915 23.7019 3
    endloop
  endfacet
  facet normal -0 0 1
    outer loop
      vertex -25.6665 25.0443 3
      vertex -24.8915 23.7019 3
      vertex -25.5906 25.0908 3
    endloop
  endfacet
  facet normal 0 0 1
    outer loop
      vertex -24.8915 23.7019 3
      vertex -25.6665 25.0443 3
      vertex -25.041 23.6207 3
    endloop
  endfacet
  facet normal -0 0 1
    outer loop
      vertex -25.7447 25.0018 3
      vertex -25.041 23.6207 3
      vertex -25.6665 25.0443 3
    endloop
  endfacet
  facet normal 0 0 1
    outer loop
      vertex -25.041 23.6207 3
      vertex -25.7447 25.0018 3
      vertex -25.1946 23.5475 3
    endloop
  endfacet
  facet normal -0 0 1
    outer loop
      vertex -25.8251 24.9635 3
      vertex -25.1946 23.5475 3
      vertex -25.7447 25.0018 3
    endloop
  endfacet
  facet normal 0 0 1
    outer loop
      vertex -25.1946 23.5475 3
      vertex -25.8251 24.9635 3
      vertex -25.3518 23.4824 3
    endloop
  endfacet
  facet normal -0 0 1
    outer loop
      vertex -25.9073 24.9294 3
      vertex -25.3518 23.4824 3
      vertex -25.8251 24.9635 3
    endloop
  endfacet
  facet normal 0 0 1
    outer loop
      vertex -25.3518 23.4824 3
      vertex -25.9073 24.9294 3
      vertex -25.5122 23.4256 3
    endloop
  endfacet
  facet normal -0 0 1
    outer loop
      vertex -25.9912 24.8997 3
      vertex -25.5122 23.4256 3
      vertex -25.9073 24.9294 3
    endloop
  endfacet
  facet normal 0 0 1
    outer loop
      vertex -25.5122 23.4256 3
      vertex -25.9912 24.8997 3
      vertex -25.6753 23.3772 3
    endloop
  endfacet
  facet normal -0 0 1
    outer loop
      vertex -26.0765 24.8744 3
      vertex -25.6753 23.3772 3
      vertex -25.9912 24.8997 3
    endloop
  endfacet
  facet normal 0 0 1
    outer loop
      vertex -25.6753 23.3772 3
      vertex -26.0765 24.8744 3
      vertex -25.8408 23.3375 3
    endloop
  endfacet
  facet normal -0 0 1
    outer loop
      vertex -26.1631 24.8537 3
      vertex -25.8408 23.3375 3
      vertex -26.0765 24.8744 3
    endloop
  endfacet
  facet normal 0 0 1
    outer loop
      vertex -25.8408 23.3375 3
      vertex -26.1631 24.8537 3
      vertex -26.0081 23.3065 3
    endloop
  endfacet
  facet normal -0 0 1
    outer loop
      vertex -26.2506 24.8374 3
      vertex -26.0081 23.3065 3
      vertex -26.1631 24.8537 3
    endloop
  endfacet
  facet normal 0 0 1
    outer loop
      vertex -26.0081 23.3065 3
      vertex -26.2506 24.8374 3
      vertex -26.1768 23.2843 3
    endloop
  endfacet
  facet normal -0 0 1
    outer loop
      vertex -26.3388 24.8258 3
      vertex -26.1768 23.2843 3
      vertex -26.2506 24.8374 3
    endloop
  endfacet
  facet normal 0 0 1
    outer loop
      vertex -26.3388 24.8258 3
      vertex -26.3464 23.271 3
      vertex -26.1768 23.2843 3
    endloop
  endfacet
  facet normal -0 0 1
    outer loop
      vertex -26.4275 24.8188 3
      vertex -26.3464 23.271 3
      vertex -26.3388 24.8258 3
    endloop
  endfacet
  facet normal -0 0 1
    outer loop
      vertex -26.5165 24.8165 3
      vertex -26.3464 23.271 3
      vertex -26.4275 24.8188 3
    endloop
  endfacet
  facet normal 0 0 1
    outer loop
      vertex -26.5165 24.8165 3
      vertex -26.5165 23.2665 3
      vertex -26.3464 23.271 3
    endloop
  endfacet
  facet normal 0 0 1
    outer loop
      vertex -26.6055 24.8188 3
      vertex -26.5165 23.2665 3
      vertex -26.5165 24.8165 3
    endloop
  endfacet
  facet normal 0 0 1
    outer loop
      vertex -26.6055 24.8188 3
      vertex -26.6866 23.271 3
      vertex -26.5165 23.2665 3
    endloop
  endfacet
  facet normal 0 0 1
    outer loop
      vertex -26.6942 24.8258 3
      vertex -26.6866 23.271 3
      vertex -26.6055 24.8188 3
    endloop
  endfacet
  facet normal 0 0 1
    outer loop
      vertex -26.8562 23.2843 3
      vertex -26.6942 24.8258 3
      vertex -26.7824 24.8374 3
    endloop
  endfacet
  facet normal 0 0 1
    outer loop
      vertex -26.6942 24.8258 3
      vertex -26.8562 23.2843 3
      vertex -26.6866 23.271 3
    endloop
  endfacet
  facet normal 0 0 1
    outer loop
      vertex -27.0249 23.3065 3
      vertex -26.7824 24.8374 3
      vertex -26.87 24.8537 3
    endloop
  endfacet
  facet normal 0 0 1
    outer loop
      vertex -27.1922 23.3375 3
      vertex -26.87 24.8537 3
      vertex -26.9565 24.8744 3
    endloop
  endfacet
  facet normal 0 0 1
    outer loop
      vertex -26.7824 24.8374 3
      vertex -27.0249 23.3065 3
      vertex -26.8562 23.2843 3
    endloop
  endfacet
  facet normal 0 0 1
    outer loop
      vertex -27.3577 23.3772 3
      vertex -26.9565 24.8744 3
      vertex -27.0418 24.8997 3
    endloop
  endfacet
  facet normal 0 0 1
    outer loop
      vertex -27.5208 23.4256 3
      vertex -27.0418 24.8997 3
      vertex -27.1257 24.9294 3
    endloop
  endfacet
  facet normal 0 0 1
    outer loop
      vertex -26.87 24.8537 3
      vertex -27.1922 23.3375 3
      vertex -27.0249 23.3065 3
    endloop
  endfacet
  facet normal 0 0 1
    outer loop
      vertex -27.6812 23.4824 3
      vertex -27.1257 24.9294 3
      vertex -27.208 24.9635 3
    endloop
  endfacet
  facet normal 0 0 1
    outer loop
      vertex -27.8384 23.5475 3
      vertex -27.208 24.9635 3
      vertex -27.2883 25.0018 3
    endloop
  endfacet
  facet normal 0 0 1
    outer loop
      vertex -26.9565 24.8744 3
      vertex -27.3577 23.3772 3
      vertex -27.1922 23.3375 3
    endloop
  endfacet
  facet normal 0 0 1
    outer loop
      vertex -27.992 23.6207 3
      vertex -27.2883 25.0018 3
      vertex -27.3665 25.0443 3
    endloop
  endfacet
  facet normal 0 0 1
    outer loop
      vertex -28.1415 23.7019 3
      vertex -27.3665 25.0443 3
      vertex -27.4424 25.0908 3
    endloop
  endfacet
  facet normal 0 0 1
    outer loop
      vertex -28.2866 23.7908 3
      vertex -27.4424 25.0908 3
      vertex -27.5157 25.1412 3
    endloop
  endfacet
  facet normal 0 0 1
    outer loop
      vertex -27.0418 24.8997 3
      vertex -27.5208 23.4256 3
      vertex -27.3577 23.3772 3
    endloop
  endfacet
  facet normal 0 0 1
    outer loop
      vertex -28.4268 23.8872 3
      vertex -27.5157 25.1412 3
      vertex -27.5863 25.1954 3
    endloop
  endfacet
  facet normal 0 0 1
    outer loop
      vertex -28.4268 23.8872 3
      vertex -27.5863 25.1954 3
      vertex -27.654 25.2532 3
    endloop
  endfacet
  facet normal 0 0 1
    outer loop
      vertex -27.1257 24.9294 3
      vertex -27.6812 23.4824 3
      vertex -27.5208 23.4256 3
    endloop
  endfacet
  facet normal 0 0 1
    outer loop
      vertex -28.4268 23.8872 3
      vertex -27.654 25.2532 3
      vertex -27.7186 25.3144 3
    endloop
  endfacet
  facet normal 0 0 1
    outer loop
      vertex -28.4268 23.8872 3
      vertex -27.7186 25.3144 3
      vertex -27.7799 25.379 3
    endloop
  endfacet
  facet normal 0 0 1
    outer loop
      vertex -28.4268 23.8872 3
      vertex -27.7799 25.379 3
      vertex -27.8377 25.4467 3
    endloop
  endfacet
  facet normal 0 0 1
    outer loop
      vertex -27.208 24.9635 3
      vertex -27.8384 23.5475 3
      vertex -27.6812 23.4824 3
    endloop
  endfacet
  facet normal 0 0 1
    outer loop
      vertex -28.4268 23.8872 3
      vertex -27.8377 25.4467 3
      vertex -27.8918 25.5173 3
    endloop
  endfacet
  facet normal 0 0 1
    outer loop
      vertex -28.4268 23.8872 3
      vertex -27.8918 25.5173 3
      vertex -27.9422 25.5906 3
    endloop
  endfacet
  facet normal 0 0 1
    outer loop
      vertex -28.4268 23.8872 3
      vertex -27.9422 25.5906 3
      vertex -27.9887 25.6665 3
    endloop
  endfacet
  facet normal 0 0 1
    outer loop
      vertex -27.2883 25.0018 3
      vertex -27.992 23.6207 3
      vertex -27.8384 23.5475 3
    endloop
  endfacet
  facet normal 0 0 1
    outer loop
      vertex -28.4268 23.8872 3
      vertex -27.9887 25.6665 3
      vertex -28.0312 25.7447 3
    endloop
  endfacet
  facet normal 0 0 1
    outer loop
      vertex -28.4268 23.8872 3
      vertex -28.0312 25.7447 3
      vertex -28.0695 25.8251 3
    endloop
  endfacet
  facet normal 0 0 1
    outer loop
      vertex -28.4268 23.8872 3
      vertex -28.0695 25.8251 3
      vertex -28.1036 25.9073 3
    endloop
  endfacet
  facet normal 0 0 1
    outer loop
      vertex -28.4268 23.8872 3
      vertex -28.1036 25.9073 3
      vertex -28.1333 25.9912 3
    endloop
  endfacet
  facet normal 0 0 1
    outer loop
      vertex -27.3665 25.0443 3
      vertex -28.1415 23.7019 3
      vertex -27.992 23.6207 3
    endloop
  endfacet
  facet normal 0 0 1
    outer loop
      vertex -28.4268 23.8872 3
      vertex -28.1333 25.9912 3
      vertex -28.1586 26.0765 3
    endloop
  endfacet
  facet normal 0 0 1
    outer loop
      vertex -28.4268 23.8872 3
      vertex -28.1586 26.0765 3
      vertex -28.1794 26.1631 3
    endloop
  endfacet
  facet normal 0 0 1
    outer loop
      vertex -28.4268 23.8872 3
      vertex -28.1794 26.1631 3
      vertex -28.1956 26.2506 3
    endloop
  endfacet
  facet normal 0 0 1
    outer loop
      vertex -28.4268 23.8872 3
      vertex -28.1956 26.2506 3
      vertex -28.2072 26.3388 3
    endloop
  endfacet
  facet normal 0 0 1
    outer loop
      vertex -28.4268 23.8872 3
      vertex -28.2072 26.3388 3
      vertex -28.2142 26.4275 3
    endloop
  endfacet
  facet normal 0 0 1
    outer loop
      vertex -27.4424 25.0908 3
      vertex -28.2866 23.7908 3
      vertex -28.1415 23.7019 3
    endloop
  endfacet
  facet normal -0 0 1
    outer loop
      vertex -29.3542 26.4307 3
      vertex -28.2142 26.4275 3
      vertex -28.2165 26.5165 3
    endloop
  endfacet
  facet normal 0 0 1
    outer loop
      vertex -26.4307 29.3542 3
      vertex -26.0081 29.7265 3
      vertex -26.1768 29.7487 3
    endloop
  endfacet
  facet normal 0 0 1
    outer loop
      vertex -26.4307 29.3542 3
      vertex -26.1768 29.7487 3
      vertex -26.3464 29.7621 3
    endloop
  endfacet
  facet normal 0 0 1
    outer loop
      vertex -26.0081 29.7265 3
      vertex -26.4307 29.3542 3
      vertex -25.9972 29.7245 3
    endloop
  endfacet
  facet normal 0 0 1
    outer loop
      vertex -26.5165 29.7665 3
      vertex -26.4307 29.3542 3
      vertex -26.3464 29.7621 3
    endloop
  endfacet
  facet normal -0 0 1
    outer loop
      vertex -26.6866 29.7621 3
      vertex -26.4307 29.3542 3
      vertex -26.5165 29.7665 3
    endloop
  endfacet
  facet normal -0 0 1
    outer loop
      vertex -26.8562 29.7487 3
      vertex -26.4307 29.3542 3
      vertex -26.6866 29.7621 3
    endloop
  endfacet
  facet normal -0 0 1
    outer loop
      vertex -27.0249 29.7265 3
      vertex -26.4307 29.3542 3
      vertex -26.8562 29.7487 3
    endloop
  endfacet
  facet normal -0 0 1
    outer loop
      vertex -27.1922 29.6955 3
      vertex -26.4307 29.3542 3
      vertex -27.0249 29.7265 3
    endloop
  endfacet
  facet normal -0 0 1
    outer loop
      vertex -27.3577 29.6558 3
      vertex -26.4307 29.3542 3
      vertex -27.1922 29.6955 3
    endloop
  endfacet
  facet normal -0 0 1
    outer loop
      vertex -27.5208 29.6074 3
      vertex -26.4307 29.3542 3
      vertex -27.3577 29.6558 3
    endloop
  endfacet
  facet normal 0 0 1
    outer loop
      vertex -27.9307 27.9307 3
      vertex -27.5208 29.6074 3
      vertex -27.6812 29.5506 3
    endloop
  endfacet
  facet normal 0 0 1
    outer loop
      vertex -27.9307 27.9307 3
      vertex -27.6812 29.5506 3
      vertex -27.8384 29.4855 3
    endloop
  endfacet
  facet normal 0 0 1
    outer loop
      vertex -27.5208 29.6074 3
      vertex -27.9307 27.9307 3
      vertex -26.4307 29.3542 3
    endloop
  endfacet
  facet normal -0 0 1
    outer loop
      vertex -27.992 29.4123 3
      vertex -27.9307 27.9307 3
      vertex -27.8384 29.4855 3
    endloop
  endfacet
  facet normal -0 0 1
    outer loop
      vertex -28.1415 29.3311 3
      vertex -27.9307 27.9307 3
      vertex -27.992 29.4123 3
    endloop
  endfacet
  facet normal -0 0 1
    outer loop
      vertex -28.2866 29.2422 3
      vertex -27.9307 27.9307 3
      vertex -28.1415 29.3311 3
    endloop
  endfacet
  facet normal -0 0 1
    outer loop
      vertex -28.4268 29.1458 3
      vertex -27.9307 27.9307 3
      vertex -28.2866 29.2422 3
    endloop
  endfacet
  facet normal -0 0 1
    outer loop
      vertex -28.5618 29.0422 3
      vertex -27.9307 27.9307 3
      vertex -28.4268 29.1458 3
    endloop
  endfacet
  facet normal -0 0 1
    outer loop
      vertex -28.6912 28.9317 3
      vertex -27.9307 27.9307 3
      vertex -28.5618 29.0422 3
    endloop
  endfacet
  facet normal -0 0 1
    outer loop
      vertex -28.8146 28.8146 3
      vertex -27.9307 27.9307 3
      vertex -28.6912 28.9317 3
    endloop
  endfacet
  facet normal -0 0 1
    outer loop
      vertex -28.9317 28.6912 3
      vertex -27.9307 27.9307 3
      vertex -28.8146 28.8146 3
    endloop
  endfacet
  facet normal -0 0 1
    outer loop
      vertex -29.0422 28.5618 3
      vertex -27.9307 27.9307 3
      vertex -28.9317 28.6912 3
    endloop
  endfacet
  facet normal -0 0 1
    outer loop
      vertex -29.1458 28.4268 3
      vertex -27.9307 27.9307 3
      vertex -29.0422 28.5618 3
    endloop
  endfacet
  facet normal -0 0 1
    outer loop
      vertex -29.2422 28.2866 3
      vertex -27.9307 27.9307 3
      vertex -29.1458 28.4268 3
    endloop
  endfacet
  facet normal -0 0 1
    outer loop
      vertex -29.3311 28.1415 3
      vertex -27.9307 27.9307 3
      vertex -29.2422 28.2866 3
    endloop
  endfacet
  facet normal -0 0 1
    outer loop
      vertex -29.4123 27.992 3
      vertex -27.9307 27.9307 3
      vertex -29.3311 28.1415 3
    endloop
  endfacet
  facet normal 0 0 1
    outer loop
      vertex -29.4855 27.8384 3
      vertex -27.9307 27.9307 3
      vertex -29.4123 27.992 3
    endloop
  endfacet
  facet normal 0 0 1
    outer loop
      vertex -29.5506 27.6812 3
      vertex -27.9307 27.9307 3
      vertex -29.4855 27.8384 3
    endloop
  endfacet
  facet normal 0 0 1
    outer loop
      vertex -29.6074 27.5208 3
      vertex -27.9307 27.9307 3
      vertex -29.5506 27.6812 3
    endloop
  endfacet
  facet normal 0 0 1
    outer loop
      vertex -27.9307 27.9307 3
      vertex -29.6074 27.5208 3
      vertex -29.3542 26.4307 3
    endloop
  endfacet
  facet normal -0 0 1
    outer loop
      vertex -29.6558 27.3577 3
      vertex -29.3542 26.4307 3
      vertex -29.6074 27.5208 3
    endloop
  endfacet
  facet normal -0 0 1
    outer loop
      vertex -29.6955 27.1922 3
      vertex -29.3542 26.4307 3
      vertex -29.6558 27.3577 3
    endloop
  endfacet
  facet normal -0 0 1
    outer loop
      vertex -29.7265 27.0249 3
      vertex -29.3542 26.4307 3
      vertex -29.6955 27.1922 3
    endloop
  endfacet
  facet normal -0 0 1
    outer loop
      vertex -29.7487 26.8562 3
      vertex -29.3542 26.4307 3
      vertex -29.7265 27.0249 3
    endloop
  endfacet
  facet normal -0 0 1
    outer loop
      vertex -29.7621 26.6866 3
      vertex -29.3542 26.4307 3
      vertex -29.7487 26.8562 3
    endloop
  endfacet
  facet normal 0 -0 1
    outer loop
      vertex -29.7265 26.0081 3
      vertex -29.3542 26.4307 3
      vertex -29.7487 26.1768 3
    endloop
  endfacet
  facet normal 0 0 1
    outer loop
      vertex -29.3542 26.4307 3
      vertex -29.7265 26.0081 3
      vertex -29.7245 25.9972 3
    endloop
  endfacet
  facet normal -0 0 1
    outer loop
      vertex -29.7665 26.5165 3
      vertex -29.3542 26.4307 3
      vertex -29.7621 26.6866 3
    endloop
  endfacet
  facet normal 0 0 1
    outer loop
      vertex -29.3542 26.4307 3
      vertex -29.7621 26.3464 3
      vertex -29.7487 26.1768 3
    endloop
  endfacet
  facet normal 0 0 1
    outer loop
      vertex -29.3542 26.4307 3
      vertex -29.7665 26.5165 3
      vertex -29.7621 26.3464 3
    endloop
  endfacet
  facet normal -0 0 1
    outer loop
      vertex 29.3542 -26.4307 3
      vertex 29.7665 -26.5165 3
      vertex 29.7621 -26.3464 3
    endloop
  endfacet
  facet normal 0 0 1
    outer loop
      vertex 29.3542 -26.4307 3
      vertex 29.7621 -26.3464 3
      vertex 29.7487 -26.1768 3
    endloop
  endfacet
  facet normal 0 0 1
    outer loop
      vertex 29.7665 -26.5165 3
      vertex 29.3542 -26.4307 3
      vertex 29.7621 -26.6866 3
    endloop
  endfacet
  facet normal 0 0 1
    outer loop
      vertex 29.3542 -26.4307 3
      vertex 29.7487 -26.1768 3
      vertex 29.7265 -26.0081 3
    endloop
  endfacet
  facet normal 0 0 1
    outer loop
      vertex 29.7621 -26.6866 3
      vertex 29.3542 -26.4307 3
      vertex 29.7487 -26.8562 3
    endloop
  endfacet
  facet normal 0 0 1
    outer loop
      vertex 29.3542 -26.4307 3
      vertex 29.7265 -26.0081 3
      vertex 29.7245 -25.9972 3
    endloop
  endfacet
  facet normal 0 0 1
    outer loop
      vertex 29.7487 -26.8562 3
      vertex 29.3542 -26.4307 3
      vertex 29.7265 -27.0249 3
    endloop
  endfacet
  facet normal 0 0 1
    outer loop
      vertex 29.7265 -27.0249 3
      vertex 29.3542 -26.4307 3
      vertex 29.6955 -27.1922 3
    endloop
  endfacet
  facet normal 0 0 1
    outer loop
      vertex 29.6955 -27.1922 3
      vertex 29.3542 -26.4307 3
      vertex 29.6558 -27.3577 3
    endloop
  endfacet
  facet normal 0 0 1
    outer loop
      vertex 29.6558 -27.3577 3
      vertex 29.3542 -26.4307 3
      vertex 29.6074 -27.5208 3
    endloop
  endfacet
  facet normal 0 0 1
    outer loop
      vertex 27.9307 -27.9307 3
      vertex 29.6074 -27.5208 3
      vertex 29.3542 -26.4307 3
    endloop
  endfacet
  facet normal 0 0 1
    outer loop
      vertex 29.6074 -27.5208 3
      vertex 27.9307 -27.9307 3
      vertex 29.5506 -27.6812 3
    endloop
  endfacet
  facet normal 0 0 1
    outer loop
      vertex 29.5506 -27.6812 3
      vertex 27.9307 -27.9307 3
      vertex 29.4855 -27.8384 3
    endloop
  endfacet
  facet normal 0 0 1
    outer loop
      vertex 29.4855 -27.8384 3
      vertex 27.9307 -27.9307 3
      vertex 29.4123 -27.992 3
    endloop
  endfacet
  facet normal 0 0 1
    outer loop
      vertex 29.4123 -27.992 3
      vertex 27.9307 -27.9307 3
      vertex 29.3311 -28.1415 3
    endloop
  endfacet
  facet normal 0 0 1
    outer loop
      vertex 29.3311 -28.1415 3
      vertex 27.9307 -27.9307 3
      vertex 29.2422 -28.2866 3
    endloop
  endfacet
  facet normal 0 0 1
    outer loop
      vertex 29.2422 -28.2866 3
      vertex 27.9307 -27.9307 3
      vertex 29.1458 -28.4268 3
    endloop
  endfacet
  facet normal 0 0 1
    outer loop
      vertex 29.1458 -28.4268 3
      vertex 27.9307 -27.9307 3
      vertex 29.0422 -28.5618 3
    endloop
  endfacet
  facet normal 0 0 1
    outer loop
      vertex 29.0422 -28.5618 3
      vertex 27.9307 -27.9307 3
      vertex 28.9317 -28.6912 3
    endloop
  endfacet
  facet normal 0 0 1
    outer loop
      vertex 28.9317 -28.6912 3
      vertex 27.9307 -27.9307 3
      vertex 28.8146 -28.8146 3
    endloop
  endfacet
  facet normal 0 0 1
    outer loop
      vertex 28.8146 -28.8146 3
      vertex 27.9307 -27.9307 3
      vertex 28.6912 -28.9317 3
    endloop
  endfacet
  facet normal 0 0 1
    outer loop
      vertex 28.6912 -28.9317 3
      vertex 27.9307 -27.9307 3
      vertex 28.5618 -29.0422 3
    endloop
  endfacet
  facet normal 0 0 1
    outer loop
      vertex 28.5618 -29.0422 3
      vertex 27.9307 -27.9307 3
      vertex 28.4268 -29.1458 3
    endloop
  endfacet
  facet normal 0 0 1
    outer loop
      vertex 28.4268 -29.1458 3
      vertex 27.9307 -27.9307 3
      vertex 28.2866 -29.2422 3
    endloop
  endfacet
  facet normal 0 0 1
    outer loop
      vertex 28.2866 -29.2422 3
      vertex 27.9307 -27.9307 3
      vertex 28.1415 -29.3311 3
    endloop
  endfacet
  facet normal 0 0 1
    outer loop
      vertex 28.1415 -29.3311 3
      vertex 27.9307 -27.9307 3
      vertex 27.992 -29.4123 3
    endloop
  endfacet
  facet normal 0 0 1
    outer loop
      vertex 27.9307 -27.9307 3
      vertex 27.8384 -29.4855 3
      vertex 27.992 -29.4123 3
    endloop
  endfacet
  facet normal 0 0 1
    outer loop
      vertex 27.9307 -27.9307 3
      vertex 27.6812 -29.5506 3
      vertex 27.8384 -29.4855 3
    endloop
  endfacet
  facet normal 0 0 1
    outer loop
      vertex 27.9307 -27.9307 3
      vertex 27.5208 -29.6074 3
      vertex 27.6812 -29.5506 3
    endloop
  endfacet
  facet normal -0 0 1
    outer loop
      vertex 26.4307 -29.3542 3
      vertex 27.5208 -29.6074 3
      vertex 27.9307 -27.9307 3
    endloop
  endfacet
  facet normal 0 0 1
    outer loop
      vertex 27.5208 -29.6074 3
      vertex 26.4307 -29.3542 3
      vertex 27.3577 -29.6558 3
    endloop
  endfacet
  facet normal 0 0 1
    outer loop
      vertex 27.3577 -29.6558 3
      vertex 26.4307 -29.3542 3
      vertex 27.1922 -29.6955 3
    endloop
  endfacet
  facet normal 0 0 1
    outer loop
      vertex 27.1922 -29.6955 3
      vertex 26.4307 -29.3542 3
      vertex 27.0249 -29.7265 3
    endloop
  endfacet
  facet normal 0 0 1
    outer loop
      vertex 27.0249 -29.7265 3
      vertex 26.4307 -29.3542 3
      vertex 26.8562 -29.7487 3
    endloop
  endfacet
  facet normal 0 0 1
    outer loop
      vertex 26.8562 -29.7487 3
      vertex 26.4307 -29.3542 3
      vertex 26.6866 -29.7621 3
    endloop
  endfacet
  facet normal 0 0 1
    outer loop
      vertex 26.6866 -29.7621 3
      vertex 26.4307 -29.3542 3
      vertex 26.5165 -29.7665 3
    endloop
  endfacet
  facet normal 0 0 1
    outer loop
      vertex 26.4307 -29.3542 3
      vertex 26.3464 -29.7621 3
      vertex 26.5165 -29.7665 3
    endloop
  endfacet
  facet normal 0 0 1
    outer loop
      vertex 26.4307 -29.3542 3
      vertex 26.1768 -29.7487 3
      vertex 26.3464 -29.7621 3
    endloop
  endfacet
  facet normal 0 0 1
    outer loop
      vertex 26.4307 -29.3542 3
      vertex 26.0081 -29.7265 3
      vertex 26.1768 -29.7487 3
    endloop
  endfacet
  facet normal 0 -0 1
    outer loop
      vertex 26.0081 -29.7265 3
      vertex 26.4307 -29.3542 3
      vertex 25.9972 -29.7245 3
    endloop
  endfacet
  facet normal 0 0 1
    outer loop
      vertex 29.3542 -26.4307 3
      vertex 28.2142 -26.4275 3
      vertex 28.2165 -26.5165 3
    endloop
  endfacet
  facet normal 0 0 1
    outer loop
      vertex 28.4268 -23.8872 3
      vertex 28.2072 -26.3388 3
      vertex 28.2142 -26.4275 3
    endloop
  endfacet
  facet normal 0 0 1
    outer loop
      vertex 28.4268 -23.8872 3
      vertex 28.1956 -26.2506 3
      vertex 28.2072 -26.3388 3
    endloop
  endfacet
  facet normal 0 0 1
    outer loop
      vertex 28.4268 -23.8872 3
      vertex 28.1794 -26.1631 3
      vertex 28.1956 -26.2506 3
    endloop
  endfacet
  facet normal 0 0 1
    outer loop
      vertex 28.4268 -23.8872 3
      vertex 28.1586 -26.0765 3
      vertex 28.1794 -26.1631 3
    endloop
  endfacet
  facet normal 0 0 1
    outer loop
      vertex 27.4424 -25.0908 3
      vertex 28.2866 -23.7908 3
      vertex 28.1415 -23.7019 3
    endloop
  endfacet
  facet normal 0 0 1
    outer loop
      vertex 28.4268 -23.8872 3
      vertex 28.1333 -25.9912 3
      vertex 28.1586 -26.0765 3
    endloop
  endfacet
  facet normal 0 0 1
    outer loop
      vertex 28.4268 -23.8872 3
      vertex 28.1036 -25.9073 3
      vertex 28.1333 -25.9912 3
    endloop
  endfacet
  facet normal 0 0 1
    outer loop
      vertex 28.4268 -23.8872 3
      vertex 28.0695 -25.8251 3
      vertex 28.1036 -25.9073 3
    endloop
  endfacet
  facet normal 0 0 1
    outer loop
      vertex 28.4268 -23.8872 3
      vertex 28.0312 -25.7447 3
      vertex 28.0695 -25.8251 3
    endloop
  endfacet
  facet normal 0 0 1
    outer loop
      vertex 27.3665 -25.0443 3
      vertex 28.1415 -23.7019 3
      vertex 27.992 -23.6207 3
    endloop
  endfacet
  facet normal 0 0 1
    outer loop
      vertex 28.4268 -23.8872 3
      vertex 27.9887 -25.6665 3
      vertex 28.0312 -25.7447 3
    endloop
  endfacet
  facet normal 0 0 1
    outer loop
      vertex 28.4268 -23.8872 3
      vertex 27.9422 -25.5906 3
      vertex 27.9887 -25.6665 3
    endloop
  endfacet
  facet normal 0 0 1
    outer loop
      vertex 28.4268 -23.8872 3
      vertex 27.8918 -25.5173 3
      vertex 27.9422 -25.5906 3
    endloop
  endfacet
  facet normal 0 0 1
    outer loop
      vertex 27.2883 -25.0018 3
      vertex 27.992 -23.6207 3
      vertex 27.8384 -23.5475 3
    endloop
  endfacet
  facet normal 0 0 1
    outer loop
      vertex 28.4268 -23.8872 3
      vertex 27.8377 -25.4467 3
      vertex 27.8918 -25.5173 3
    endloop
  endfacet
  facet normal 0 0 1
    outer loop
      vertex 28.4268 -23.8872 3
      vertex 27.7799 -25.379 3
      vertex 27.8377 -25.4467 3
    endloop
  endfacet
  facet normal 0 0 1
    outer loop
      vertex 28.4268 -23.8872 3
      vertex 27.7186 -25.3144 3
      vertex 27.7799 -25.379 3
    endloop
  endfacet
  facet normal 0 0 1
    outer loop
      vertex 27.208 -24.9635 3
      vertex 27.8384 -23.5475 3
      vertex 27.6812 -23.4824 3
    endloop
  endfacet
  facet normal 0 0 1
    outer loop
      vertex 28.4268 -23.8872 3
      vertex 27.654 -25.2532 3
      vertex 27.7186 -25.3144 3
    endloop
  endfacet
  facet normal 0 0 1
    outer loop
      vertex 28.4268 -23.8872 3
      vertex 27.5863 -25.1954 3
      vertex 27.654 -25.2532 3
    endloop
  endfacet
  facet normal 0 0 1
    outer loop
      vertex 27.1257 -24.9294 3
      vertex 27.6812 -23.4824 3
      vertex 27.5208 -23.4256 3
    endloop
  endfacet
  facet normal 0 0 1
    outer loop
      vertex 28.4268 -23.8872 3
      vertex 27.5157 -25.1412 3
      vertex 27.5863 -25.1954 3
    endloop
  endfacet
  facet normal 0 0 1
    outer loop
      vertex 28.2866 -23.7908 3
      vertex 27.4424 -25.0908 3
      vertex 27.5157 -25.1412 3
    endloop
  endfacet
  facet normal 0 0 1
    outer loop
      vertex 28.1415 -23.7019 3
      vertex 27.3665 -25.0443 3
      vertex 27.4424 -25.0908 3
    endloop
  endfacet
  facet normal 0 0 1
    outer loop
      vertex 27.0418 -24.8997 3
      vertex 27.5208 -23.4256 3
      vertex 27.3577 -23.3772 3
    endloop
  endfacet
  facet normal 0 0 1
    outer loop
      vertex 27.992 -23.6207 3
      vertex 27.2883 -25.0018 3
      vertex 27.3665 -25.0443 3
    endloop
  endfacet
  facet normal 0 0 1
    outer loop
      vertex 27.8384 -23.5475 3
      vertex 27.208 -24.9635 3
      vertex 27.2883 -25.0018 3
    endloop
  endfacet
  facet normal 0 0 1
    outer loop
      vertex 26.9565 -24.8744 3
      vertex 27.3577 -23.3772 3
      vertex 27.1922 -23.3375 3
    endloop
  endfacet
  facet normal 0 0 1
    outer loop
      vertex 27.6812 -23.4824 3
      vertex 27.1257 -24.9294 3
      vertex 27.208 -24.9635 3
    endloop
  endfacet
  facet normal 0 0 1
    outer loop
      vertex 27.5208 -23.4256 3
      vertex 27.0418 -24.8997 3
      vertex 27.1257 -24.9294 3
    endloop
  endfacet
  facet normal 0 0 1
    outer loop
      vertex 26.87 -24.8537 3
      vertex 27.1922 -23.3375 3
      vertex 27.0249 -23.3065 3
    endloop
  endfacet
  facet normal 0 0 1
    outer loop
      vertex 27.3577 -23.3772 3
      vertex 26.9565 -24.8744 3
      vertex 27.0418 -24.8997 3
    endloop
  endfacet
  facet normal 0 0 1
    outer loop
      vertex 27.1922 -23.3375 3
      vertex 26.87 -24.8537 3
      vertex 26.9565 -24.8744 3
    endloop
  endfacet
  facet normal 0 0 1
    outer loop
      vertex 26.7824 -24.8374 3
      vertex 27.0249 -23.3065 3
      vertex 26.8562 -23.2843 3
    endloop
  endfacet
  facet normal 0 0 1
    outer loop
      vertex 27.0249 -23.3065 3
      vertex 26.7824 -24.8374 3
      vertex 26.87 -24.8537 3
    endloop
  endfacet
  facet normal 0 0 1
    outer loop
      vertex 26.8562 -23.2843 3
      vertex 26.6942 -24.8258 3
      vertex 26.7824 -24.8374 3
    endloop
  endfacet
  facet normal 0 0 1
    outer loop
      vertex 26.6866 -23.271 3
      vertex 26.6942 -24.8258 3
      vertex 26.8562 -23.2843 3
    endloop
  endfacet
  facet normal 0 0 1
    outer loop
      vertex 26.6866 -23.271 3
      vertex 26.6055 -24.8188 3
      vertex 26.6942 -24.8258 3
    endloop
  endfacet
  facet normal 0 0 1
    outer loop
      vertex 26.5165 -23.2665 3
      vertex 26.6055 -24.8188 3
      vertex 26.6866 -23.271 3
    endloop
  endfacet
  facet normal 0 0 1
    outer loop
      vertex 26.5165 -23.2665 3
      vertex 26.5165 -24.8165 3
      vertex 26.6055 -24.8188 3
    endloop
  endfacet
  facet normal 0 0 1
    outer loop
      vertex 26.5165 -23.2665 3
      vertex 26.4275 -24.8188 3
      vertex 26.5165 -24.8165 3
    endloop
  endfacet
  facet normal -0 0 1
    outer loop
      vertex 26.3464 -23.271 3
      vertex 26.4275 -24.8188 3
      vertex 26.5165 -23.2665 3
    endloop
  endfacet
  facet normal 0 0 1
    outer loop
      vertex 26.3464 -23.271 3
      vertex 26.3388 -24.8258 3
      vertex 26.4275 -24.8188 3
    endloop
  endfacet
  facet normal -0 0 1
    outer loop
      vertex 26.1768 -23.2843 3
      vertex 26.3388 -24.8258 3
      vertex 26.3464 -23.271 3
    endloop
  endfacet
  facet normal 0 0 1
    outer loop
      vertex 26.3388 -24.8258 3
      vertex 26.1768 -23.2843 3
      vertex 26.2506 -24.8374 3
    endloop
  endfacet
  facet normal -0 0 1
    outer loop
      vertex 26.0081 -23.3065 3
      vertex 26.2506 -24.8374 3
      vertex 26.1768 -23.2843 3
    endloop
  endfacet
  facet normal 0 0 1
    outer loop
      vertex 26.2506 -24.8374 3
      vertex 26.0081 -23.3065 3
      vertex 26.1631 -24.8537 3
    endloop
  endfacet
  facet normal -0 0 1
    outer loop
      vertex 25.8408 -23.3375 3
      vertex 26.1631 -24.8537 3
      vertex 26.0081 -23.3065 3
    endloop
  endfacet
  facet normal 0 0 1
    outer loop
      vertex 26.1631 -24.8537 3
      vertex 25.8408 -23.3375 3
      vertex 26.0765 -24.8744 3
    endloop
  endfacet
  facet normal -0 0 1
    outer loop
      vertex 25.6753 -23.3772 3
      vertex 26.0765 -24.8744 3
      vertex 25.8408 -23.3375 3
    endloop
  endfacet
  facet normal 0 0 1
    outer loop
      vertex 26.0765 -24.8744 3
      vertex 25.6753 -23.3772 3
      vertex 25.9912 -24.8997 3
    endloop
  endfacet
  facet normal -0 0 1
    outer loop
      vertex 25.5122 -23.4256 3
      vertex 25.9912 -24.8997 3
      vertex 25.6753 -23.3772 3
    endloop
  endfacet
  facet normal 0 0 1
    outer loop
      vertex 25.9912 -24.8997 3
      vertex 25.5122 -23.4256 3
      vertex 25.9073 -24.9294 3
    endloop
  endfacet
  facet normal -0 0 1
    outer loop
      vertex 25.3518 -23.4824 3
      vertex 25.9073 -24.9294 3
      vertex 25.5122 -23.4256 3
    endloop
  endfacet
  facet normal 0 0 1
    outer loop
      vertex 25.9073 -24.9294 3
      vertex 25.3518 -23.4824 3
      vertex 25.8251 -24.9635 3
    endloop
  endfacet
  facet normal -0 0 1
    outer loop
      vertex 25.1946 -23.5475 3
      vertex 25.8251 -24.9635 3
      vertex 25.3518 -23.4824 3
    endloop
  endfacet
  facet normal 0 0 1
    outer loop
      vertex 25.8251 -24.9635 3
      vertex 25.1946 -23.5475 3
      vertex 25.7447 -25.0018 3
    endloop
  endfacet
  facet normal -0 0 1
    outer loop
      vertex 25.041 -23.6207 3
      vertex 25.7447 -25.0018 3
      vertex 25.1946 -23.5475 3
    endloop
  endfacet
  facet normal 0 0 1
    outer loop
      vertex 25.7447 -25.0018 3
      vertex 25.041 -23.6207 3
      vertex 25.6665 -25.0443 3
    endloop
  endfacet
  facet normal -0 0 1
    outer loop
      vertex 24.8915 -23.7019 3
      vertex 25.6665 -25.0443 3
      vertex 25.041 -23.6207 3
    endloop
  endfacet
  facet normal 0 0 1
    outer loop
      vertex 25.6665 -25.0443 3
      vertex 24.8915 -23.7019 3
      vertex 25.5906 -25.0908 3
    endloop
  endfacet
  facet normal -0 0 1
    outer loop
      vertex 24.7464 -23.7908 3
      vertex 25.5906 -25.0908 3
      vertex 24.8915 -23.7019 3
    endloop
  endfacet
  facet normal 0 0 1
    outer loop
      vertex 25.5906 -25.0908 3
      vertex 24.7464 -23.7908 3
      vertex 25.5173 -25.1412 3
    endloop
  endfacet
  facet normal -0 0 1
    outer loop
      vertex 24.6062 -23.8872 3
      vertex 25.5173 -25.1412 3
      vertex 24.7464 -23.7908 3
    endloop
  endfacet
  facet normal 0 0 1
    outer loop
      vertex 25.5173 -25.1412 3
      vertex 24.6062 -23.8872 3
      vertex 25.4467 -25.1954 3
    endloop
  endfacet
  facet normal -0 0 1
    outer loop
      vertex 24.4712 -23.9908 3
      vertex 25.4467 -25.1954 3
      vertex 24.6062 -23.8872 3
    endloop
  endfacet
  facet normal 0 0 1
    outer loop
      vertex 25.4467 -25.1954 3
      vertex 24.4712 -23.9908 3
      vertex 25.379 -25.2532 3
    endloop
  endfacet
  facet normal -0 0 1
    outer loop
      vertex 24.3418 -24.1013 3
      vertex 25.379 -25.2532 3
      vertex 24.4712 -23.9908 3
    endloop
  endfacet
  facet normal 0 0 1
    outer loop
      vertex 25.379 -25.2532 3
      vertex 24.3418 -24.1013 3
      vertex 25.3144 -25.3144 3
    endloop
  endfacet
  facet normal -0 0 1
    outer loop
      vertex 24.2184 -24.2184 3
      vertex 25.3144 -25.3144 3
      vertex 24.3418 -24.1013 3
    endloop
  endfacet
  facet normal 0 0 1
    outer loop
      vertex 25.3144 -25.3144 3
      vertex 24.2184 -24.2184 3
      vertex 25.2532 -25.379 3
    endloop
  endfacet
  facet normal -0 0 1
    outer loop
      vertex 24.1013 -24.3418 3
      vertex 25.2532 -25.379 3
      vertex 24.2184 -24.2184 3
    endloop
  endfacet
  facet normal 0 0 1
    outer loop
      vertex 25.2532 -25.379 3
      vertex 24.1013 -24.3418 3
      vertex 25.1954 -25.4467 3
    endloop
  endfacet
  facet normal -0 0 1
    outer loop
      vertex 23.9908 -24.4712 3
      vertex 25.1954 -25.4467 3
      vertex 24.1013 -24.3418 3
    endloop
  endfacet
  facet normal 0 0 1
    outer loop
      vertex 25.1954 -25.4467 3
      vertex 23.9908 -24.4712 3
      vertex 25.1412 -25.5173 3
    endloop
  endfacet
  facet normal -0 0 1
    outer loop
      vertex 23.8872 -24.6062 3
      vertex 25.1412 -25.5173 3
      vertex 23.9908 -24.4712 3
    endloop
  endfacet
  facet normal 0 0 1
    outer loop
      vertex 25.1412 -25.5173 3
      vertex 23.8872 -24.6062 3
      vertex 25.0908 -25.5906 3
    endloop
  endfacet
  facet normal -0 0 1
    outer loop
      vertex 23.7908 -24.7464 3
      vertex 25.0908 -25.5906 3
      vertex 23.8872 -24.6062 3
    endloop
  endfacet
  facet normal 0 0 1
    outer loop
      vertex 25.0908 -25.5906 3
      vertex 23.7908 -24.7464 3
      vertex 25.0443 -25.6665 3
    endloop
  endfacet
  facet normal 0 0 1
    outer loop
      vertex 25.0443 -25.6665 3
      vertex 23.7019 -24.8915 3
      vertex 25.0018 -25.7447 3
    endloop
  endfacet
  facet normal -0 0 1
    outer loop
      vertex 23.7019 -24.8915 3
      vertex 25.0443 -25.6665 3
      vertex 23.7908 -24.7464 3
    endloop
  endfacet
  facet normal 0 0 1
    outer loop
      vertex 29.3542 -26.4307 3
      vertex 29.6955 -25.8408 3
      vertex 29.6558 -25.6753 3
    endloop
  endfacet
  facet normal 0 0 1
    outer loop
      vertex 29.3542 -26.4307 3
      vertex 29.6558 -25.6753 3
      vertex 29.6074 -25.5122 3
    endloop
  endfacet
  facet normal 0 0 1
    outer loop
      vertex 28.2142 -26.4275 3
      vertex 29.6074 -25.5122 3
      vertex 29.5506 -25.3518 3
    endloop
  endfacet
  facet normal 0 0 1
    outer loop
      vertex 28.2142 -26.4275 3
      vertex 29.5506 -25.3518 3
      vertex 29.4855 -25.1946 3
    endloop
  endfacet
  facet normal 0 0 1
    outer loop
      vertex 28.2142 -26.4275 3
      vertex 29.4855 -25.1946 3
      vertex 29.4123 -25.041 3
    endloop
  endfacet
  facet normal 0 0 1
    outer loop
      vertex 29.6955 -25.8408 3
      vertex 29.3542 -26.4307 3
      vertex 29.7245 -25.9972 3
    endloop
  endfacet
  facet normal 0 0 1
    outer loop
      vertex 28.2142 -26.4275 3
      vertex 29.4123 -25.041 3
      vertex 29.3311 -24.8915 3
    endloop
  endfacet
  facet normal 0 0 1
    outer loop
      vertex 28.2142 -26.4275 3
      vertex 29.3311 -24.8915 3
      vertex 29.2422 -24.7464 3
    endloop
  endfacet
  facet normal 0 0 1
    outer loop
      vertex 28.2142 -26.4275 3
      vertex 29.2422 -24.7464 3
      vertex 29.1458 -24.6062 3
    endloop
  endfacet
  facet normal 0 0 1
    outer loop
      vertex 28.2142 -26.4275 3
      vertex 29.1458 -24.6062 3
      vertex 29.0422 -24.4712 3
    endloop
  endfacet
  facet normal 0 0 1
    outer loop
      vertex 28.2142 -26.4275 3
      vertex 29.0422 -24.4712 3
      vertex 28.9317 -24.3418 3
    endloop
  endfacet
  facet normal 0 0 1
    outer loop
      vertex 28.2142 -26.4275 3
      vertex 28.9317 -24.3418 3
      vertex 28.8146 -24.2184 3
    endloop
  endfacet
  facet normal 0 0 1
    outer loop
      vertex 28.2142 -26.4275 3
      vertex 28.8146 -24.2184 3
      vertex 28.6912 -24.1013 3
    endloop
  endfacet
  facet normal 0 0 1
    outer loop
      vertex 28.2142 -26.4275 3
      vertex 28.6912 -24.1013 3
      vertex 28.5618 -23.9908 3
    endloop
  endfacet
  facet normal 0 0 1
    outer loop
      vertex 28.2142 -26.4275 3
      vertex 28.5618 -23.9908 3
      vertex 28.4268 -23.8872 3
    endloop
  endfacet
  facet normal 0 0 1
    outer loop
      vertex 27.5157 -25.1412 3
      vertex 28.4268 -23.8872 3
      vertex 28.2866 -23.7908 3
    endloop
  endfacet
  facet normal -0 0 1
    outer loop
      vertex 28.2142 -26.4275 3
      vertex 29.3542 -26.4307 3
      vertex 29.6074 -25.5122 3
    endloop
  endfacet
  facet normal 0 0 1
    outer loop
      vertex 28.2142 -26.6055 3
      vertex 29.3542 -26.4307 3
      vertex 28.2165 -26.5165 3
    endloop
  endfacet
  facet normal 0 0 1
    outer loop
      vertex 28.2072 -26.6942 3
      vertex 29.3542 -26.4307 3
      vertex 28.2142 -26.6055 3
    endloop
  endfacet
  facet normal 0 0 1
    outer loop
      vertex 28.1956 -26.7824 3
      vertex 29.3542 -26.4307 3
      vertex 28.2072 -26.6942 3
    endloop
  endfacet
  facet normal 0 0 1
    outer loop
      vertex 28.1794 -26.87 3
      vertex 29.3542 -26.4307 3
      vertex 28.1956 -26.7824 3
    endloop
  endfacet
  facet normal 0 0 1
    outer loop
      vertex 28.1586 -26.9565 3
      vertex 29.3542 -26.4307 3
      vertex 28.1794 -26.87 3
    endloop
  endfacet
  facet normal 0 0 1
    outer loop
      vertex 28.1333 -27.0418 3
      vertex 29.3542 -26.4307 3
      vertex 28.1586 -26.9565 3
    endloop
  endfacet
  facet normal 0 0 1
    outer loop
      vertex 28.1036 -27.1257 3
      vertex 29.3542 -26.4307 3
      vertex 28.1333 -27.0418 3
    endloop
  endfacet
  facet normal 0 0 1
    outer loop
      vertex 28.0695 -27.208 3
      vertex 29.3542 -26.4307 3
      vertex 28.1036 -27.1257 3
    endloop
  endfacet
  facet normal 0 0 1
    outer loop
      vertex 27.9307 -27.9307 3
      vertex 28.0695 -27.208 3
      vertex 28.0312 -27.2883 3
    endloop
  endfacet
  facet normal 0 0 1
    outer loop
      vertex 27.9307 -27.9307 3
      vertex 28.0312 -27.2883 3
      vertex 27.9887 -27.3665 3
    endloop
  endfacet
  facet normal 0 0 1
    outer loop
      vertex 27.9307 -27.9307 3
      vertex 27.9887 -27.3665 3
      vertex 27.9422 -27.4424 3
    endloop
  endfacet
  facet normal -0 0 1
    outer loop
      vertex 28.0695 -27.208 3
      vertex 27.9307 -27.9307 3
      vertex 29.3542 -26.4307 3
    endloop
  endfacet
  facet normal -0 0 1
    outer loop
      vertex 27.8918 -27.5157 3
      vertex 27.9307 -27.9307 3
      vertex 27.9422 -27.4424 3
    endloop
  endfacet
  facet normal -0 0 1
    outer loop
      vertex 27.8377 -27.5863 3
      vertex 27.9307 -27.9307 3
      vertex 27.8918 -27.5157 3
    endloop
  endfacet
  facet normal -0 0 1
    outer loop
      vertex 27.7799 -27.654 3
      vertex 27.9307 -27.9307 3
      vertex 27.8377 -27.5863 3
    endloop
  endfacet
  facet normal -0 0 1
    outer loop
      vertex 27.7186 -27.7186 3
      vertex 27.9307 -27.9307 3
      vertex 27.7799 -27.654 3
    endloop
  endfacet
  facet normal -0 0 1
    outer loop
      vertex 27.654 -27.7799 3
      vertex 27.9307 -27.9307 3
      vertex 27.7186 -27.7186 3
    endloop
  endfacet
  facet normal -0 0 1
    outer loop
      vertex 27.5863 -27.8377 3
      vertex 27.9307 -27.9307 3
      vertex 27.654 -27.7799 3
    endloop
  endfacet
  facet normal -0 0 1
    outer loop
      vertex 27.5157 -27.8918 3
      vertex 27.9307 -27.9307 3
      vertex 27.5863 -27.8377 3
    endloop
  endfacet
  facet normal 0 0 1
    outer loop
      vertex 27.4424 -27.9422 3
      vertex 27.9307 -27.9307 3
      vertex 27.5157 -27.8918 3
    endloop
  endfacet
  facet normal 0 0 1
    outer loop
      vertex 27.3665 -27.9887 3
      vertex 27.9307 -27.9307 3
      vertex 27.4424 -27.9422 3
    endloop
  endfacet
  facet normal 0 0 1
    outer loop
      vertex 27.2883 -28.0312 3
      vertex 27.9307 -27.9307 3
      vertex 27.3665 -27.9887 3
    endloop
  endfacet
  facet normal 0 0 1
    outer loop
      vertex 27.208 -28.0695 3
      vertex 27.9307 -27.9307 3
      vertex 27.2883 -28.0312 3
    endloop
  endfacet
  facet normal 0 0 1
    outer loop
      vertex 26.4307 -29.3542 3
      vertex 27.208 -28.0695 3
      vertex 27.1257 -28.1036 3
    endloop
  endfacet
  facet normal 0 0 1
    outer loop
      vertex 26.4307 -29.3542 3
      vertex 27.1257 -28.1036 3
      vertex 27.0418 -28.1333 3
    endloop
  endfacet
  facet normal 0 0 1
    outer loop
      vertex 26.4307 -29.3542 3
      vertex 27.0418 -28.1333 3
      vertex 26.9565 -28.1586 3
    endloop
  endfacet
  facet normal 0 0 1
    outer loop
      vertex 26.4307 -29.3542 3
      vertex 26.9565 -28.1586 3
      vertex 26.87 -28.1794 3
    endloop
  endfacet
  facet normal -0 0 1
    outer loop
      vertex 27.208 -28.0695 3
      vertex 26.4307 -29.3542 3
      vertex 27.9307 -27.9307 3
    endloop
  endfacet
  facet normal -0 0 1
    outer loop
      vertex 26.7824 -28.1956 3
      vertex 26.4307 -29.3542 3
      vertex 26.87 -28.1794 3
    endloop
  endfacet
  facet normal -0 0 1
    outer loop
      vertex 26.6942 -28.2072 3
      vertex 26.4307 -29.3542 3
      vertex 26.7824 -28.1956 3
    endloop
  endfacet
  facet normal -0 0 1
    outer loop
      vertex 26.6055 -28.2142 3
      vertex 26.4307 -29.3542 3
      vertex 26.6942 -28.2072 3
    endloop
  endfacet
  facet normal -0 0 1
    outer loop
      vertex 26.5165 -28.2165 3
      vertex 26.4307 -29.3542 3
      vertex 26.6055 -28.2142 3
    endloop
  endfacet
  facet normal 0 0 1
    outer loop
      vertex 26.4275 -28.2142 3
      vertex 26.4307 -29.3542 3
      vertex 26.5165 -28.2165 3
    endloop
  endfacet
  facet normal 0 0 1
    outer loop
      vertex 26.3388 -28.2072 3
      vertex 26.4307 -29.3542 3
      vertex 26.4275 -28.2142 3
    endloop
  endfacet
  facet normal 0 0 1
    outer loop
      vertex 26.2506 -28.1956 3
      vertex 26.4307 -29.3542 3
      vertex 26.3388 -28.2072 3
    endloop
  endfacet
  facet normal 0 0 1
    outer loop
      vertex 26.1631 -28.1794 3
      vertex 26.4307 -29.3542 3
      vertex 26.2506 -28.1956 3
    endloop
  endfacet
  facet normal 0 0 1
    outer loop
      vertex 26.0765 -28.1586 3
      vertex 26.4307 -29.3542 3
      vertex 26.1631 -28.1794 3
    endloop
  endfacet
  facet normal 0 0 1
    outer loop
      vertex 25.6753 -29.6558 3
      vertex 26.4307 -29.3542 3
      vertex 26.0765 -28.1586 3
    endloop
  endfacet
  facet normal 0 0 1
    outer loop
      vertex 25.6753 -29.6558 3
      vertex 26.0765 -28.1586 3
      vertex 25.9912 -28.1333 3
    endloop
  endfacet
  facet normal 0 0 1
    outer loop
      vertex 25.5122 -29.6074 3
      vertex 25.9912 -28.1333 3
      vertex 25.9073 -28.1036 3
    endloop
  endfacet
  facet normal 0 0 1
    outer loop
      vertex 26.4307 -29.3542 3
      vertex 25.8408 -29.6955 3
      vertex 25.9972 -29.7245 3
    endloop
  endfacet
  facet normal 0 0 1
    outer loop
      vertex 25.3518 -29.5506 3
      vertex 25.9073 -28.1036 3
      vertex 25.8251 -28.0695 3
    endloop
  endfacet
  facet normal 0 0 1
    outer loop
      vertex 25.1946 -29.4855 3
      vertex 25.8251 -28.0695 3
      vertex 25.7447 -28.0312 3
    endloop
  endfacet
  facet normal 0 0 1
    outer loop
      vertex 26.4307 -29.3542 3
      vertex 25.6753 -29.6558 3
      vertex 25.8408 -29.6955 3
    endloop
  endfacet
  facet normal 0 0 1
    outer loop
      vertex 25.041 -29.4123 3
      vertex 25.7447 -28.0312 3
      vertex 25.6665 -27.9887 3
    endloop
  endfacet
  facet normal 0 0 1
    outer loop
      vertex 24.8915 -29.3311 3
      vertex 25.6665 -27.9887 3
      vertex 25.5906 -27.9422 3
    endloop
  endfacet
  facet normal 0 0 1
    outer loop
      vertex 24.7464 -29.2422 3
      vertex 25.5906 -27.9422 3
      vertex 25.5173 -27.8918 3
    endloop
  endfacet
  facet normal 0 0 1
    outer loop
      vertex 25.9912 -28.1333 3
      vertex 25.5122 -29.6074 3
      vertex 25.6753 -29.6558 3
    endloop
  endfacet
  facet normal 0 0 1
    outer loop
      vertex 24.6062 -29.1458 3
      vertex 25.5173 -27.8918 3
      vertex 25.4467 -27.8377 3
    endloop
  endfacet
  facet normal 0 0 1
    outer loop
      vertex 24.4712 -29.0422 3
      vertex 25.4467 -27.8377 3
      vertex 25.379 -27.7799 3
    endloop
  endfacet
  facet normal 0 0 1
    outer loop
      vertex 25.9073 -28.1036 3
      vertex 25.3518 -29.5506 3
      vertex 25.5122 -29.6074 3
    endloop
  endfacet
  facet normal 0 0 1
    outer loop
      vertex 24.3418 -28.9317 3
      vertex 25.379 -27.7799 3
      vertex 25.3144 -27.7186 3
    endloop
  endfacet
  facet normal 0 0 1
    outer loop
      vertex 24.2184 -28.8146 3
      vertex 25.3144 -27.7186 3
      vertex 25.2532 -27.654 3
    endloop
  endfacet
  facet normal 0 0 1
    outer loop
      vertex 24.1013 -28.6912 3
      vertex 25.2532 -27.654 3
      vertex 25.1954 -27.5863 3
    endloop
  endfacet
  facet normal 0 0 1
    outer loop
      vertex 25.8251 -28.0695 3
      vertex 25.1946 -29.4855 3
      vertex 25.3518 -29.5506 3
    endloop
  endfacet
  facet normal 0 0 1
    outer loop
      vertex 23.9908 -28.5618 3
      vertex 25.1954 -27.5863 3
      vertex 25.1412 -27.5157 3
    endloop
  endfacet
  facet normal 0 0 1
    outer loop
      vertex 23.8872 -28.4268 3
      vertex 25.1412 -27.5157 3
      vertex 25.0908 -27.4424 3
    endloop
  endfacet
  facet normal 0 0 1
    outer loop
      vertex 23.7908 -28.2866 3
      vertex 25.0908 -27.4424 3
      vertex 25.0443 -27.3665 3
    endloop
  endfacet
  facet normal 0 0 1
    outer loop
      vertex 25.7447 -28.0312 3
      vertex 25.041 -29.4123 3
      vertex 25.1946 -29.4855 3
    endloop
  endfacet
  facet normal 0 0 1
    outer loop
      vertex 23.7019 -28.1415 3
      vertex 25.0443 -27.3665 3
      vertex 25.0018 -27.2883 3
    endloop
  endfacet
  facet normal 0 0 1
    outer loop
      vertex 23.6207 -27.992 3
      vertex 25.0018 -27.2883 3
      vertex 24.9635 -27.208 3
    endloop
  endfacet
  facet normal 0 0 1
    outer loop
      vertex 23.5475 -27.8384 3
      vertex 24.9635 -27.208 3
      vertex 24.9294 -27.1257 3
    endloop
  endfacet
  facet normal 0 0 1
    outer loop
      vertex 23.4824 -27.6812 3
      vertex 24.9294 -27.1257 3
      vertex 24.8997 -27.0418 3
    endloop
  endfacet
  facet normal 0 0 1
    outer loop
      vertex 25.6665 -27.9887 3
      vertex 24.8915 -29.3311 3
      vertex 25.041 -29.4123 3
    endloop
  endfacet
  facet normal 0 0 1
    outer loop
      vertex 23.4256 -27.5208 3
      vertex 24.8997 -27.0418 3
      vertex 24.8744 -26.9565 3
    endloop
  endfacet
  facet normal 0 0 1
    outer loop
      vertex 23.3772 -27.3577 3
      vertex 24.8744 -26.9565 3
      vertex 24.8537 -26.87 3
    endloop
  endfacet
  facet normal 0 0 1
    outer loop
      vertex 23.3375 -27.1922 3
      vertex 24.8537 -26.87 3
      vertex 24.8374 -26.7824 3
    endloop
  endfacet
  facet normal 0 0 1
    outer loop
      vertex 23.3065 -27.0249 3
      vertex 24.8374 -26.7824 3
      vertex 24.8258 -26.6942 3
    endloop
  endfacet
  facet normal 0 0 1
    outer loop
      vertex 23.2843 -26.8562 3
      vertex 24.8258 -26.6942 3
      vertex 24.8188 -26.6055 3
    endloop
  endfacet
  facet normal 0 0 1
    outer loop
      vertex 25.5906 -27.9422 3
      vertex 24.7464 -29.2422 3
      vertex 24.8915 -29.3311 3
    endloop
  endfacet
  facet normal 0 0 1
    outer loop
      vertex 23.271 -26.6866 3
      vertex 24.8188 -26.6055 3
      vertex 24.8165 -26.5165 3
    endloop
  endfacet
  facet normal -0 0 1
    outer loop
      vertex 23.6207 -25.041 3
      vertex 25.0018 -25.7447 3
      vertex 23.7019 -24.8915 3
    endloop
  endfacet
  facet normal 0 0 1
    outer loop
      vertex 25.0018 -25.7447 3
      vertex 23.6207 -25.041 3
      vertex 24.9635 -25.8251 3
    endloop
  endfacet
  facet normal 0 0 1
    outer loop
      vertex 25.5173 -27.8918 3
      vertex 24.6062 -29.1458 3
      vertex 24.7464 -29.2422 3
    endloop
  endfacet
  facet normal -0 0 1
    outer loop
      vertex 23.5475 -25.1946 3
      vertex 24.9635 -25.8251 3
      vertex 23.6207 -25.041 3
    endloop
  endfacet
  facet normal 0 0 1
    outer loop
      vertex 25.4467 -27.8377 3
      vertex 24.4712 -29.0422 3
      vertex 24.6062 -29.1458 3
    endloop
  endfacet
  facet normal 0 0 1
    outer loop
      vertex 24.9635 -25.8251 3
      vertex 23.5475 -25.1946 3
      vertex 24.9294 -25.9073 3
    endloop
  endfacet
  facet normal 0 0 1
    outer loop
      vertex 25.379 -27.7799 3
      vertex 24.3418 -28.9317 3
      vertex 24.4712 -29.0422 3
    endloop
  endfacet
  facet normal -0 0 1
    outer loop
      vertex 23.4824 -25.3518 3
      vertex 24.9294 -25.9073 3
      vertex 23.5475 -25.1946 3
    endloop
  endfacet
  facet normal 0 0 1
    outer loop
      vertex 25.3144 -27.7186 3
      vertex 24.2184 -28.8146 3
      vertex 24.3418 -28.9317 3
    endloop
  endfacet
  facet normal 0 0 1
    outer loop
      vertex 24.9294 -25.9073 3
      vertex 23.4824 -25.3518 3
      vertex 24.8997 -25.9912 3
    endloop
  endfacet
  facet normal 0 0 1
    outer loop
      vertex 25.2532 -27.654 3
      vertex 24.1013 -28.6912 3
      vertex 24.2184 -28.8146 3
    endloop
  endfacet
  facet normal -0 0 1
    outer loop
      vertex 23.4256 -25.5122 3
      vertex 24.8997 -25.9912 3
      vertex 23.4824 -25.3518 3
    endloop
  endfacet
  facet normal 0 0 1
    outer loop
      vertex 25.1954 -27.5863 3
      vertex 23.9908 -28.5618 3
      vertex 24.1013 -28.6912 3
    endloop
  endfacet
  facet normal 0 0 1
    outer loop
      vertex 24.8997 -25.9912 3
      vertex 23.4256 -25.5122 3
      vertex 24.8744 -26.0765 3
    endloop
  endfacet
  facet normal 0 0 1
    outer loop
      vertex 25.1412 -27.5157 3
      vertex 23.8872 -28.4268 3
      vertex 23.9908 -28.5618 3
    endloop
  endfacet
  facet normal -0 0 1
    outer loop
      vertex 23.3772 -25.6753 3
      vertex 24.8744 -26.0765 3
      vertex 23.4256 -25.5122 3
    endloop
  endfacet
  facet normal 0 0 1
    outer loop
      vertex 25.0908 -27.4424 3
      vertex 23.7908 -28.2866 3
      vertex 23.8872 -28.4268 3
    endloop
  endfacet
  facet normal 0 0 1
    outer loop
      vertex 24.8744 -26.0765 3
      vertex 23.3772 -25.6753 3
      vertex 24.8537 -26.1631 3
    endloop
  endfacet
  facet normal 0 0 1
    outer loop
      vertex 25.0443 -27.3665 3
      vertex 23.7019 -28.1415 3
      vertex 23.7908 -28.2866 3
    endloop
  endfacet
  facet normal -0 0 1
    outer loop
      vertex 23.3375 -25.8408 3
      vertex 24.8537 -26.1631 3
      vertex 23.3772 -25.6753 3
    endloop
  endfacet
  facet normal 0 0 1
    outer loop
      vertex 25.0018 -27.2883 3
      vertex 23.6207 -27.992 3
      vertex 23.7019 -28.1415 3
    endloop
  endfacet
  facet normal 0 0 1
    outer loop
      vertex 24.8537 -26.1631 3
      vertex 23.3375 -25.8408 3
      vertex 24.8374 -26.2506 3
    endloop
  endfacet
  facet normal 0 0 1
    outer loop
      vertex 24.9635 -27.208 3
      vertex 23.5475 -27.8384 3
      vertex 23.6207 -27.992 3
    endloop
  endfacet
  facet normal -0 0 1
    outer loop
      vertex 23.3065 -26.0081 3
      vertex 24.8374 -26.2506 3
      vertex 23.3375 -25.8408 3
    endloop
  endfacet
  facet normal 0 0 1
    outer loop
      vertex 24.9294 -27.1257 3
      vertex 23.4824 -27.6812 3
      vertex 23.5475 -27.8384 3
    endloop
  endfacet
  facet normal 0 0 1
    outer loop
      vertex 24.8374 -26.2506 3
      vertex 23.3065 -26.0081 3
      vertex 24.8258 -26.3388 3
    endloop
  endfacet
  facet normal 0 0 1
    outer loop
      vertex 24.8997 -27.0418 3
      vertex 23.4256 -27.5208 3
      vertex 23.4824 -27.6812 3
    endloop
  endfacet
  facet normal -0 0 1
    outer loop
      vertex 23.2843 -26.1768 3
      vertex 24.8258 -26.3388 3
      vertex 23.3065 -26.0081 3
    endloop
  endfacet
  facet normal 0 0 1
    outer loop
      vertex 24.8744 -26.9565 3
      vertex 23.3772 -27.3577 3
      vertex 23.4256 -27.5208 3
    endloop
  endfacet
  facet normal 0 0 1
    outer loop
      vertex 24.8258 -26.3388 3
      vertex 23.2843 -26.1768 3
      vertex 24.8188 -26.4275 3
    endloop
  endfacet
  facet normal 0 0 1
    outer loop
      vertex 24.8537 -26.87 3
      vertex 23.3375 -27.1922 3
      vertex 23.3772 -27.3577 3
    endloop
  endfacet
  facet normal -0 0 1
    outer loop
      vertex 23.271 -26.3464 3
      vertex 24.8188 -26.4275 3
      vertex 23.2843 -26.1768 3
    endloop
  endfacet
  facet normal 0 0 1
    outer loop
      vertex 24.8374 -26.7824 3
      vertex 23.3065 -27.0249 3
      vertex 23.3375 -27.1922 3
    endloop
  endfacet
  facet normal 0 0 1
    outer loop
      vertex 24.8188 -26.4275 3
      vertex 23.271 -26.3464 3
      vertex 24.8165 -26.5165 3
    endloop
  endfacet
  facet normal 0 0 1
    outer loop
      vertex 24.8258 -26.6942 3
      vertex 23.2843 -26.8562 3
      vertex 23.3065 -27.0249 3
    endloop
  endfacet
  facet normal 0 0 1
    outer loop
      vertex 23.2665 -26.5165 3
      vertex 24.8165 -26.5165 3
      vertex 23.271 -26.3464 3
    endloop
  endfacet
  facet normal 0 0 1
    outer loop
      vertex 24.8188 -26.6055 3
      vertex 23.271 -26.6866 3
      vertex 23.2843 -26.8562 3
    endloop
  endfacet
  facet normal 0 0 1
    outer loop
      vertex 24.8165 -26.5165 3
      vertex 23.2665 -26.5165 3
      vertex 23.271 -26.6866 3
    endloop
  endfacet
  facet normal 0 0 1
    outer loop
      vertex 29.3542 26.4307 3
      vertex 29.6955 25.8408 3
      vertex 29.7245 25.9972 3
    endloop
  endfacet
  facet normal 0 0 1
    outer loop
      vertex 29.6955 25.8408 3
      vertex 29.3542 26.4307 3
      vertex 29.6558 25.6753 3
    endloop
  endfacet
  facet normal 0 0 1
    outer loop
      vertex 29.6558 25.6753 3
      vertex 29.3542 26.4307 3
      vertex 29.6074 25.5122 3
    endloop
  endfacet
  facet normal -0 0 1
    outer loop
      vertex 28.1333 25.9912 3
      vertex 29.6074 25.5122 3
      vertex 29.3542 26.4307 3
    endloop
  endfacet
  facet normal 0 0 1
    outer loop
      vertex 29.6074 25.5122 3
      vertex 28.1333 25.9912 3
      vertex 29.5506 25.3518 3
    endloop
  endfacet
  facet normal -0 0 1
    outer loop
      vertex 28.1036 25.9073 3
      vertex 29.5506 25.3518 3
      vertex 28.1333 25.9912 3
    endloop
  endfacet
  facet normal 0 0 1
    outer loop
      vertex 29.5506 25.3518 3
      vertex 28.1036 25.9073 3
      vertex 29.4855 25.1946 3
    endloop
  endfacet
  facet normal 0 0 1
    outer loop
      vertex 29.4855 25.1946 3
      vertex 28.0695 25.8251 3
      vertex 29.4123 25.041 3
    endloop
  endfacet
  facet normal -0 0 1
    outer loop
      vertex 28.0312 25.7447 3
      vertex 29.4123 25.041 3
      vertex 28.0695 25.8251 3
    endloop
  endfacet
  facet normal 0 0 1
    outer loop
      vertex 29.4123 25.041 3
      vertex 28.0312 25.7447 3
      vertex 29.3311 24.8915 3
    endloop
  endfacet
  facet normal 0 0 1
    outer loop
      vertex 29.3311 24.8915 3
      vertex 27.9887 25.6665 3
      vertex 29.2422 24.7464 3
    endloop
  endfacet
  facet normal -0 0 1
    outer loop
      vertex 27.9422 25.5906 3
      vertex 29.2422 24.7464 3
      vertex 27.9887 25.6665 3
    endloop
  endfacet
  facet normal 0 0 1
    outer loop
      vertex 29.2422 24.7464 3
      vertex 27.9422 25.5906 3
      vertex 29.1458 24.6062 3
    endloop
  endfacet
  facet normal 0 0 1
    outer loop
      vertex 29.1458 24.6062 3
      vertex 27.8918 25.5173 3
      vertex 29.0422 24.4712 3
    endloop
  endfacet
  facet normal -0 0 1
    outer loop
      vertex 27.8377 25.4467 3
      vertex 29.0422 24.4712 3
      vertex 27.8918 25.5173 3
    endloop
  endfacet
  facet normal -0 0 1
    outer loop
      vertex 27.7799 25.379 3
      vertex 28.9317 24.3418 3
      vertex 27.8377 25.4467 3
    endloop
  endfacet
  facet normal 0 0 1
    outer loop
      vertex 28.2142 26.4275 3
      vertex 29.3542 26.4307 3
      vertex 28.2165 26.5165 3
    endloop
  endfacet
  facet normal 0 0 1
    outer loop
      vertex 29.3542 26.4307 3
      vertex 28.2142 26.6055 3
      vertex 28.2165 26.5165 3
    endloop
  endfacet
  facet normal 0 0 1
    outer loop
      vertex 29.3542 26.4307 3
      vertex 28.2072 26.6942 3
      vertex 28.2142 26.6055 3
    endloop
  endfacet
  facet normal 0 0 1
    outer loop
      vertex 29.3542 26.4307 3
      vertex 28.1956 26.7824 3
      vertex 28.2072 26.6942 3
    endloop
  endfacet
  facet normal 0 0 1
    outer loop
      vertex 29.3542 26.4307 3
      vertex 28.1794 26.87 3
      vertex 28.1956 26.7824 3
    endloop
  endfacet
  facet normal 0 0 1
    outer loop
      vertex 29.3542 26.4307 3
      vertex 28.1586 26.9565 3
      vertex 28.1794 26.87 3
    endloop
  endfacet
  facet normal 0 0 1
    outer loop
      vertex 29.3542 26.4307 3
      vertex 28.1333 27.0418 3
      vertex 28.1586 26.9565 3
    endloop
  endfacet
  facet normal 0 0 1
    outer loop
      vertex 29.3542 26.4307 3
      vertex 28.1036 27.1257 3
      vertex 28.1333 27.0418 3
    endloop
  endfacet
  facet normal 0 0 1
    outer loop
      vertex 29.3542 26.4307 3
      vertex 28.0695 27.208 3
      vertex 28.1036 27.1257 3
    endloop
  endfacet
  facet normal 0 0 1
    outer loop
      vertex 27.9307 27.9307 3
      vertex 28.0695 27.208 3
      vertex 29.3542 26.4307 3
    endloop
  endfacet
  facet normal 0 0 1
    outer loop
      vertex 28.0695 27.208 3
      vertex 27.9307 27.9307 3
      vertex 28.0312 27.2883 3
    endloop
  endfacet
  facet normal 0 0 1
    outer loop
      vertex 28.0312 27.2883 3
      vertex 27.9307 27.9307 3
      vertex 27.9887 27.3665 3
    endloop
  endfacet
  facet normal 0 0 1
    outer loop
      vertex 27.9887 27.3665 3
      vertex 27.9307 27.9307 3
      vertex 27.9422 27.4424 3
    endloop
  endfacet
  facet normal 0 0 1
    outer loop
      vertex 27.9307 27.9307 3
      vertex 27.8918 27.5157 3
      vertex 27.9422 27.4424 3
    endloop
  endfacet
  facet normal 0 0 1
    outer loop
      vertex 27.9307 27.9307 3
      vertex 27.8377 27.5863 3
      vertex 27.8918 27.5157 3
    endloop
  endfacet
  facet normal 0 0 1
    outer loop
      vertex 27.9307 27.9307 3
      vertex 27.7799 27.654 3
      vertex 27.8377 27.5863 3
    endloop
  endfacet
  facet normal 0 0 1
    outer loop
      vertex 27.9307 27.9307 3
      vertex 27.7186 27.7186 3
      vertex 27.7799 27.654 3
    endloop
  endfacet
  facet normal 0 0 1
    outer loop
      vertex 27.9307 27.9307 3
      vertex 27.654 27.7799 3
      vertex 27.7186 27.7186 3
    endloop
  endfacet
  facet normal 0 0 1
    outer loop
      vertex 27.9307 27.9307 3
      vertex 27.5863 27.8377 3
      vertex 27.654 27.7799 3
    endloop
  endfacet
  facet normal 0 0 1
    outer loop
      vertex 27.9307 27.9307 3
      vertex 27.5157 27.8918 3
      vertex 27.5863 27.8377 3
    endloop
  endfacet
  facet normal 0 0 1
    outer loop
      vertex 27.9307 27.9307 3
      vertex 27.4424 27.9422 3
      vertex 27.5157 27.8918 3
    endloop
  endfacet
  facet normal 0 0 1
    outer loop
      vertex 27.9307 27.9307 3
      vertex 27.3665 27.9887 3
      vertex 27.4424 27.9422 3
    endloop
  endfacet
  facet normal 0 0 1
    outer loop
      vertex 27.9307 27.9307 3
      vertex 27.2883 28.0312 3
      vertex 27.3665 27.9887 3
    endloop
  endfacet
  facet normal 0 0 1
    outer loop
      vertex 27.9307 27.9307 3
      vertex 27.208 28.0695 3
      vertex 27.2883 28.0312 3
    endloop
  endfacet
  facet normal 0 0 1
    outer loop
      vertex 26.4307 29.3542 3
      vertex 27.208 28.0695 3
      vertex 27.9307 27.9307 3
    endloop
  endfacet
  facet normal 0 0 1
    outer loop
      vertex 27.208 28.0695 3
      vertex 26.4307 29.3542 3
      vertex 27.1257 28.1036 3
    endloop
  endfacet
  facet normal 0 0 1
    outer loop
      vertex 27.1257 28.1036 3
      vertex 26.4307 29.3542 3
      vertex 27.0418 28.1333 3
    endloop
  endfacet
  facet normal 0 0 1
    outer loop
      vertex 27.0418 28.1333 3
      vertex 26.4307 29.3542 3
      vertex 26.9565 28.1586 3
    endloop
  endfacet
  facet normal 0 0 1
    outer loop
      vertex 26.9565 28.1586 3
      vertex 26.4307 29.3542 3
      vertex 26.87 28.1794 3
    endloop
  endfacet
  facet normal 0 0 1
    outer loop
      vertex 26.4307 29.3542 3
      vertex 26.7824 28.1956 3
      vertex 26.87 28.1794 3
    endloop
  endfacet
  facet normal 0 0 1
    outer loop
      vertex 26.4307 29.3542 3
      vertex 26.6942 28.2072 3
      vertex 26.7824 28.1956 3
    endloop
  endfacet
  facet normal 0 0 1
    outer loop
      vertex 26.4307 29.3542 3
      vertex 26.6055 28.2142 3
      vertex 26.6942 28.2072 3
    endloop
  endfacet
  facet normal 0 0 1
    outer loop
      vertex 26.4307 29.3542 3
      vertex 26.5165 28.2165 3
      vertex 26.6055 28.2142 3
    endloop
  endfacet
  facet normal 0 0 1
    outer loop
      vertex 26.4307 29.3542 3
      vertex 26.4275 28.2142 3
      vertex 26.5165 28.2165 3
    endloop
  endfacet
  facet normal 0 0 1
    outer loop
      vertex 26.4307 29.3542 3
      vertex 26.3388 28.2072 3
      vertex 26.4275 28.2142 3
    endloop
  endfacet
  facet normal 0 0 1
    outer loop
      vertex 26.4307 29.3542 3
      vertex 26.2506 28.1956 3
      vertex 26.3388 28.2072 3
    endloop
  endfacet
  facet normal 0 0 1
    outer loop
      vertex 26.4307 29.3542 3
      vertex 26.1631 28.1794 3
      vertex 26.2506 28.1956 3
    endloop
  endfacet
  facet normal 0 0 1
    outer loop
      vertex 26.4307 29.3542 3
      vertex 26.0765 28.1586 3
      vertex 26.1631 28.1794 3
    endloop
  endfacet
  facet normal -0 0 1
    outer loop
      vertex 25.8408 29.6955 3
      vertex 26.4307 29.3542 3
      vertex 25.9972 29.7245 3
    endloop
  endfacet
  facet normal -0 0 1
    outer loop
      vertex 25.6753 29.6558 3
      vertex 26.4307 29.3542 3
      vertex 25.8408 29.6955 3
    endloop
  endfacet
  facet normal 0 0 1
    outer loop
      vertex 26.4307 29.3542 3
      vertex 25.6753 29.6558 3
      vertex 26.0765 28.1586 3
    endloop
  endfacet
  facet normal 0 0 1
    outer loop
      vertex 26.0765 28.1586 3
      vertex 25.6753 29.6558 3
      vertex 25.9912 28.1333 3
    endloop
  endfacet
  facet normal -0 0 1
    outer loop
      vertex 25.5122 29.6074 3
      vertex 25.9912 28.1333 3
      vertex 25.6753 29.6558 3
    endloop
  endfacet
  facet normal 0 0 1
    outer loop
      vertex 25.9912 28.1333 3
      vertex 25.5122 29.6074 3
      vertex 25.9073 28.1036 3
    endloop
  endfacet
  facet normal -0 0 1
    outer loop
      vertex 25.3518 29.5506 3
      vertex 25.9073 28.1036 3
      vertex 25.5122 29.6074 3
    endloop
  endfacet
  facet normal 0 0 1
    outer loop
      vertex 25.9073 28.1036 3
      vertex 25.3518 29.5506 3
      vertex 25.8251 28.0695 3
    endloop
  endfacet
  facet normal -0 0 1
    outer loop
      vertex 25.1946 29.4855 3
      vertex 25.8251 28.0695 3
      vertex 25.3518 29.5506 3
    endloop
  endfacet
  facet normal 0 0 1
    outer loop
      vertex 25.8251 28.0695 3
      vertex 25.1946 29.4855 3
      vertex 25.7447 28.0312 3
    endloop
  endfacet
  facet normal -0 0 1
    outer loop
      vertex 25.041 29.4123 3
      vertex 25.7447 28.0312 3
      vertex 25.1946 29.4855 3
    endloop
  endfacet
  facet normal 0 0 1
    outer loop
      vertex 25.7447 28.0312 3
      vertex 25.041 29.4123 3
      vertex 25.6665 27.9887 3
    endloop
  endfacet
  facet normal -0 0 1
    outer loop
      vertex 24.8915 29.3311 3
      vertex 25.6665 27.9887 3
      vertex 25.041 29.4123 3
    endloop
  endfacet
  facet normal 0 0 1
    outer loop
      vertex 25.6665 27.9887 3
      vertex 24.8915 29.3311 3
      vertex 25.5906 27.9422 3
    endloop
  endfacet
  facet normal -0 0 1
    outer loop
      vertex 24.7464 29.2422 3
      vertex 25.5906 27.9422 3
      vertex 24.8915 29.3311 3
    endloop
  endfacet
  facet normal 0 0 1
    outer loop
      vertex 25.5906 27.9422 3
      vertex 24.7464 29.2422 3
      vertex 25.5173 27.8918 3
    endloop
  endfacet
  facet normal -0 0 1
    outer loop
      vertex 24.6062 29.1458 3
      vertex 25.5173 27.8918 3
      vertex 24.7464 29.2422 3
    endloop
  endfacet
  facet normal 0 0 1
    outer loop
      vertex 25.5173 27.8918 3
      vertex 24.6062 29.1458 3
      vertex 25.4467 27.8377 3
    endloop
  endfacet
  facet normal -0 0 1
    outer loop
      vertex 24.4712 29.0422 3
      vertex 25.4467 27.8377 3
      vertex 24.6062 29.1458 3
    endloop
  endfacet
  facet normal 0 0 1
    outer loop
      vertex 25.4467 27.8377 3
      vertex 24.4712 29.0422 3
      vertex 25.379 27.7799 3
    endloop
  endfacet
  facet normal -0 0 1
    outer loop
      vertex 24.3418 28.9317 3
      vertex 25.379 27.7799 3
      vertex 24.4712 29.0422 3
    endloop
  endfacet
  facet normal 0 0 1
    outer loop
      vertex 25.379 27.7799 3
      vertex 24.3418 28.9317 3
      vertex 25.3144 27.7186 3
    endloop
  endfacet
  facet normal -0 0 1
    outer loop
      vertex 24.2184 28.8146 3
      vertex 25.3144 27.7186 3
      vertex 24.3418 28.9317 3
    endloop
  endfacet
  facet normal 0 0 1
    outer loop
      vertex 25.3144 27.7186 3
      vertex 24.2184 28.8146 3
      vertex 25.2532 27.654 3
    endloop
  endfacet
  facet normal -0 0 1
    outer loop
      vertex 24.1013 28.6912 3
      vertex 25.2532 27.654 3
      vertex 24.2184 28.8146 3
    endloop
  endfacet
  facet normal 0 0 1
    outer loop
      vertex 25.2532 27.654 3
      vertex 24.1013 28.6912 3
      vertex 25.1954 27.5863 3
    endloop
  endfacet
  facet normal -0 0 1
    outer loop
      vertex 23.9908 28.5618 3
      vertex 25.1954 27.5863 3
      vertex 24.1013 28.6912 3
    endloop
  endfacet
  facet normal 0 0 1
    outer loop
      vertex 25.1954 27.5863 3
      vertex 23.9908 28.5618 3
      vertex 25.1412 27.5157 3
    endloop
  endfacet
  facet normal -0 0 1
    outer loop
      vertex 23.8872 28.4268 3
      vertex 25.1412 27.5157 3
      vertex 23.9908 28.5618 3
    endloop
  endfacet
  facet normal 0 0 1
    outer loop
      vertex 25.1412 27.5157 3
      vertex 23.8872 28.4268 3
      vertex 25.0908 27.4424 3
    endloop
  endfacet
  facet normal -0 0 1
    outer loop
      vertex 23.7908 28.2866 3
      vertex 25.0908 27.4424 3
      vertex 23.8872 28.4268 3
    endloop
  endfacet
  facet normal 0 0 1
    outer loop
      vertex 25.0908 27.4424 3
      vertex 23.7908 28.2866 3
      vertex 25.0443 27.3665 3
    endloop
  endfacet
  facet normal 0 0 1
    outer loop
      vertex 25.0443 27.3665 3
      vertex 23.7019 28.1415 3
      vertex 25.0018 27.2883 3
    endloop
  endfacet
  facet normal -0 0 1
    outer loop
      vertex 23.7019 28.1415 3
      vertex 25.0443 27.3665 3
      vertex 23.7908 28.2866 3
    endloop
  endfacet
  facet normal 0 0 1
    outer loop
      vertex 28.2072 26.3388 3
      vertex 29.3542 26.4307 3
      vertex 28.2142 26.4275 3
    endloop
  endfacet
  facet normal 0 0 1
    outer loop
      vertex 28.1956 26.2506 3
      vertex 29.3542 26.4307 3
      vertex 28.2072 26.3388 3
    endloop
  endfacet
  facet normal 0 0 1
    outer loop
      vertex 28.1794 26.1631 3
      vertex 29.3542 26.4307 3
      vertex 28.1956 26.2506 3
    endloop
  endfacet
  facet normal 0 0 1
    outer loop
      vertex 28.1586 26.0765 3
      vertex 29.3542 26.4307 3
      vertex 28.1794 26.1631 3
    endloop
  endfacet
  facet normal 0 0 1
    outer loop
      vertex 28.1333 25.9912 3
      vertex 29.3542 26.4307 3
      vertex 28.1586 26.0765 3
    endloop
  endfacet
  facet normal -0 0 1
    outer loop
      vertex 28.0695 25.8251 3
      vertex 29.4855 25.1946 3
      vertex 28.1036 25.9073 3
    endloop
  endfacet
  facet normal -0 0 1
    outer loop
      vertex 27.9887 25.6665 3
      vertex 29.3311 24.8915 3
      vertex 28.0312 25.7447 3
    endloop
  endfacet
  facet normal -0 0 1
    outer loop
      vertex 27.8918 25.5173 3
      vertex 29.1458 24.6062 3
      vertex 27.9422 25.5906 3
    endloop
  endfacet
  facet normal 0 0 1
    outer loop
      vertex 29.0422 24.4712 3
      vertex 27.8377 25.4467 3
      vertex 28.9317 24.3418 3
    endloop
  endfacet
  facet normal 0 0 1
    outer loop
      vertex 28.9317 24.3418 3
      vertex 27.7799 25.379 3
      vertex 28.8146 24.2184 3
    endloop
  endfacet
  facet normal -0 0 1
    outer loop
      vertex 27.7186 25.3144 3
      vertex 28.8146 24.2184 3
      vertex 27.7799 25.379 3
    endloop
  endfacet
  facet normal 0 0 1
    outer loop
      vertex 28.8146 24.2184 3
      vertex 27.7186 25.3144 3
      vertex 28.6912 24.1013 3
    endloop
  endfacet
  facet normal -0 0 1
    outer loop
      vertex 27.654 25.2532 3
      vertex 28.6912 24.1013 3
      vertex 27.7186 25.3144 3
    endloop
  endfacet
  facet normal 0 0 1
    outer loop
      vertex 28.6912 24.1013 3
      vertex 27.654 25.2532 3
      vertex 28.5618 23.9908 3
    endloop
  endfacet
  facet normal -0 0 1
    outer loop
      vertex 27.5863 25.1954 3
      vertex 28.5618 23.9908 3
      vertex 27.654 25.2532 3
    endloop
  endfacet
  facet normal 0 0 1
    outer loop
      vertex 28.5618 23.9908 3
      vertex 27.5863 25.1954 3
      vertex 28.4268 23.8872 3
    endloop
  endfacet
  facet normal -0 0 1
    outer loop
      vertex 27.5157 25.1412 3
      vertex 28.4268 23.8872 3
      vertex 27.5863 25.1954 3
    endloop
  endfacet
  facet normal 0 0 1
    outer loop
      vertex 28.4268 23.8872 3
      vertex 27.5157 25.1412 3
      vertex 28.2866 23.7908 3
    endloop
  endfacet
  facet normal -0 0 1
    outer loop
      vertex 27.4424 25.0908 3
      vertex 28.2866 23.7908 3
      vertex 27.5157 25.1412 3
    endloop
  endfacet
  facet normal 0 0 1
    outer loop
      vertex 28.2866 23.7908 3
      vertex 27.4424 25.0908 3
      vertex 28.1415 23.7019 3
    endloop
  endfacet
  facet normal -0 0 1
    outer loop
      vertex 27.3665 25.0443 3
      vertex 28.1415 23.7019 3
      vertex 27.4424 25.0908 3
    endloop
  endfacet
  facet normal 0 0 1
    outer loop
      vertex 28.1415 23.7019 3
      vertex 27.3665 25.0443 3
      vertex 27.992 23.6207 3
    endloop
  endfacet
  facet normal -0 0 1
    outer loop
      vertex 27.2883 25.0018 3
      vertex 27.992 23.6207 3
      vertex 27.3665 25.0443 3
    endloop
  endfacet
  facet normal 0 0 1
    outer loop
      vertex 27.992 23.6207 3
      vertex 27.2883 25.0018 3
      vertex 27.8384 23.5475 3
    endloop
  endfacet
  facet normal -0 0 1
    outer loop
      vertex 27.208 24.9635 3
      vertex 27.8384 23.5475 3
      vertex 27.2883 25.0018 3
    endloop
  endfacet
  facet normal 0 0 1
    outer loop
      vertex 27.8384 23.5475 3
      vertex 27.208 24.9635 3
      vertex 27.6812 23.4824 3
    endloop
  endfacet
  facet normal -0 0 1
    outer loop
      vertex 27.1257 24.9294 3
      vertex 27.6812 23.4824 3
      vertex 27.208 24.9635 3
    endloop
  endfacet
  facet normal 0 0 1
    outer loop
      vertex 27.6812 23.4824 3
      vertex 27.1257 24.9294 3
      vertex 27.5208 23.4256 3
    endloop
  endfacet
  facet normal -0 0 1
    outer loop
      vertex 27.0418 24.8997 3
      vertex 27.5208 23.4256 3
      vertex 27.1257 24.9294 3
    endloop
  endfacet
  facet normal 0 0 1
    outer loop
      vertex 27.5208 23.4256 3
      vertex 27.0418 24.8997 3
      vertex 27.3577 23.3772 3
    endloop
  endfacet
  facet normal -0 0 1
    outer loop
      vertex 26.9565 24.8744 3
      vertex 27.3577 23.3772 3
      vertex 27.0418 24.8997 3
    endloop
  endfacet
  facet normal 0 0 1
    outer loop
      vertex 27.3577 23.3772 3
      vertex 26.9565 24.8744 3
      vertex 27.1922 23.3375 3
    endloop
  endfacet
  facet normal -0 0 1
    outer loop
      vertex 26.87 24.8537 3
      vertex 27.1922 23.3375 3
      vertex 26.9565 24.8744 3
    endloop
  endfacet
  facet normal 0 0 1
    outer loop
      vertex 27.1922 23.3375 3
      vertex 26.87 24.8537 3
      vertex 27.0249 23.3065 3
    endloop
  endfacet
  facet normal -0 0 1
    outer loop
      vertex 26.7824 24.8374 3
      vertex 27.0249 23.3065 3
      vertex 26.87 24.8537 3
    endloop
  endfacet
  facet normal 0 0 1
    outer loop
      vertex 27.0249 23.3065 3
      vertex 26.7824 24.8374 3
      vertex 26.8562 23.2843 3
    endloop
  endfacet
  facet normal -0 0 1
    outer loop
      vertex 26.6942 24.8258 3
      vertex 26.8562 23.2843 3
      vertex 26.7824 24.8374 3
    endloop
  endfacet
  facet normal 0 0 1
    outer loop
      vertex 26.6942 24.8258 3
      vertex 26.6866 23.271 3
      vertex 26.8562 23.2843 3
    endloop
  endfacet
  facet normal -0 0 1
    outer loop
      vertex 26.6055 24.8188 3
      vertex 26.6866 23.271 3
      vertex 26.6942 24.8258 3
    endloop
  endfacet
  facet normal -0 0 1
    outer loop
      vertex 26.5165 24.8165 3
      vertex 26.6866 23.271 3
      vertex 26.6055 24.8188 3
    endloop
  endfacet
  facet normal 0 0 1
    outer loop
      vertex 26.5165 24.8165 3
      vertex 26.5165 23.2665 3
      vertex 26.6866 23.271 3
    endloop
  endfacet
  facet normal 0 0 1
    outer loop
      vertex 26.4275 24.8188 3
      vertex 26.5165 23.2665 3
      vertex 26.5165 24.8165 3
    endloop
  endfacet
  facet normal 0 0 1
    outer loop
      vertex 26.4275 24.8188 3
      vertex 26.3464 23.271 3
      vertex 26.5165 23.2665 3
    endloop
  endfacet
  facet normal 0 0 1
    outer loop
      vertex 26.3388 24.8258 3
      vertex 26.3464 23.271 3
      vertex 26.4275 24.8188 3
    endloop
  endfacet
  facet normal 0 0 1
    outer loop
      vertex 26.1768 23.2843 3
      vertex 26.3388 24.8258 3
      vertex 26.2506 24.8374 3
    endloop
  endfacet
  facet normal 0 0 1
    outer loop
      vertex 26.3388 24.8258 3
      vertex 26.1768 23.2843 3
      vertex 26.3464 23.271 3
    endloop
  endfacet
  facet normal 0 0 1
    outer loop
      vertex 26.0081 23.3065 3
      vertex 26.2506 24.8374 3
      vertex 26.1631 24.8537 3
    endloop
  endfacet
  facet normal 0 0 1
    outer loop
      vertex 25.8408 23.3375 3
      vertex 26.1631 24.8537 3
      vertex 26.0765 24.8744 3
    endloop
  endfacet
  facet normal 0 0 1
    outer loop
      vertex 26.2506 24.8374 3
      vertex 26.0081 23.3065 3
      vertex 26.1768 23.2843 3
    endloop
  endfacet
  facet normal 0 0 1
    outer loop
      vertex 25.6753 23.3772 3
      vertex 26.0765 24.8744 3
      vertex 25.9912 24.8997 3
    endloop
  endfacet
  facet normal 0 0 1
    outer loop
      vertex 25.5122 23.4256 3
      vertex 25.9912 24.8997 3
      vertex 25.9073 24.9294 3
    endloop
  endfacet
  facet normal 0 0 1
    outer loop
      vertex 26.1631 24.8537 3
      vertex 25.8408 23.3375 3
      vertex 26.0081 23.3065 3
    endloop
  endfacet
  facet normal 0 0 1
    outer loop
      vertex 25.3518 23.4824 3
      vertex 25.9073 24.9294 3
      vertex 25.8251 24.9635 3
    endloop
  endfacet
  facet normal 0 0 1
    outer loop
      vertex 25.1946 23.5475 3
      vertex 25.8251 24.9635 3
      vertex 25.7447 25.0018 3
    endloop
  endfacet
  facet normal 0 0 1
    outer loop
      vertex 26.0765 24.8744 3
      vertex 25.6753 23.3772 3
      vertex 25.8408 23.3375 3
    endloop
  endfacet
  facet normal 0 0 1
    outer loop
      vertex 25.041 23.6207 3
      vertex 25.7447 25.0018 3
      vertex 25.6665 25.0443 3
    endloop
  endfacet
  facet normal 0 0 1
    outer loop
      vertex 24.8915 23.7019 3
      vertex 25.6665 25.0443 3
      vertex 25.5906 25.0908 3
    endloop
  endfacet
  facet normal 0 0 1
    outer loop
      vertex 24.7464 23.7908 3
      vertex 25.5906 25.0908 3
      vertex 25.5173 25.1412 3
    endloop
  endfacet
  facet normal 0 0 1
    outer loop
      vertex 25.9912 24.8997 3
      vertex 25.5122 23.4256 3
      vertex 25.6753 23.3772 3
    endloop
  endfacet
  facet normal 0 0 1
    outer loop
      vertex 24.6062 23.8872 3
      vertex 25.5173 25.1412 3
      vertex 25.4467 25.1954 3
    endloop
  endfacet
  facet normal 0 0 1
    outer loop
      vertex 24.4712 23.9908 3
      vertex 25.4467 25.1954 3
      vertex 25.379 25.2532 3
    endloop
  endfacet
  facet normal 0 0 1
    outer loop
      vertex 25.9073 24.9294 3
      vertex 25.3518 23.4824 3
      vertex 25.5122 23.4256 3
    endloop
  endfacet
  facet normal 0 0 1
    outer loop
      vertex 24.3418 24.1013 3
      vertex 25.379 25.2532 3
      vertex 25.3144 25.3144 3
    endloop
  endfacet
  facet normal 0 0 1
    outer loop
      vertex 24.2184 24.2184 3
      vertex 25.3144 25.3144 3
      vertex 25.2532 25.379 3
    endloop
  endfacet
  facet normal 0 0 1
    outer loop
      vertex 24.1013 24.3418 3
      vertex 25.2532 25.379 3
      vertex 25.1954 25.4467 3
    endloop
  endfacet
  facet normal 0 0 1
    outer loop
      vertex 25.8251 24.9635 3
      vertex 25.1946 23.5475 3
      vertex 25.3518 23.4824 3
    endloop
  endfacet
  facet normal 0 0 1
    outer loop
      vertex 23.9908 24.4712 3
      vertex 25.1954 25.4467 3
      vertex 25.1412 25.5173 3
    endloop
  endfacet
  facet normal 0 0 1
    outer loop
      vertex 23.8872 24.6062 3
      vertex 25.1412 25.5173 3
      vertex 25.0908 25.5906 3
    endloop
  endfacet
  facet normal 0 0 1
    outer loop
      vertex 23.7908 24.7464 3
      vertex 25.0908 25.5906 3
      vertex 25.0443 25.6665 3
    endloop
  endfacet
  facet normal 0 0 1
    outer loop
      vertex 25.7447 25.0018 3
      vertex 25.041 23.6207 3
      vertex 25.1946 23.5475 3
    endloop
  endfacet
  facet normal 0 0 1
    outer loop
      vertex 23.7019 24.8915 3
      vertex 25.0443 25.6665 3
      vertex 25.0018 25.7447 3
    endloop
  endfacet
  facet normal 0 0 1
    outer loop
      vertex 23.6207 25.041 3
      vertex 25.0018 25.7447 3
      vertex 24.9635 25.8251 3
    endloop
  endfacet
  facet normal 0 0 1
    outer loop
      vertex 23.5475 25.1946 3
      vertex 24.9635 25.8251 3
      vertex 24.9294 25.9073 3
    endloop
  endfacet
  facet normal 0 0 1
    outer loop
      vertex 23.4824 25.3518 3
      vertex 24.9294 25.9073 3
      vertex 24.8997 25.9912 3
    endloop
  endfacet
  facet normal 0 0 1
    outer loop
      vertex 25.6665 25.0443 3
      vertex 24.8915 23.7019 3
      vertex 25.041 23.6207 3
    endloop
  endfacet
  facet normal 0 0 1
    outer loop
      vertex 23.4256 25.5122 3
      vertex 24.8997 25.9912 3
      vertex 24.8744 26.0765 3
    endloop
  endfacet
  facet normal 0 0 1
    outer loop
      vertex 23.3772 25.6753 3
      vertex 24.8744 26.0765 3
      vertex 24.8537 26.1631 3
    endloop
  endfacet
  facet normal 0 0 1
    outer loop
      vertex 23.3375 25.8408 3
      vertex 24.8537 26.1631 3
      vertex 24.8374 26.2506 3
    endloop
  endfacet
  facet normal 0 0 1
    outer loop
      vertex 23.3065 26.0081 3
      vertex 24.8374 26.2506 3
      vertex 24.8258 26.3388 3
    endloop
  endfacet
  facet normal 0 0 1
    outer loop
      vertex 23.2843 26.1768 3
      vertex 24.8258 26.3388 3
      vertex 24.8188 26.4275 3
    endloop
  endfacet
  facet normal 0 0 1
    outer loop
      vertex 25.5906 25.0908 3
      vertex 24.7464 23.7908 3
      vertex 24.8915 23.7019 3
    endloop
  endfacet
  facet normal 0 0 1
    outer loop
      vertex 23.271 26.3464 3
      vertex 24.8188 26.4275 3
      vertex 24.8165 26.5165 3
    endloop
  endfacet
  facet normal -0 0 1
    outer loop
      vertex 23.6207 27.992 3
      vertex 25.0018 27.2883 3
      vertex 23.7019 28.1415 3
    endloop
  endfacet
  facet normal 0 0 1
    outer loop
      vertex 25.0018 27.2883 3
      vertex 23.6207 27.992 3
      vertex 24.9635 27.208 3
    endloop
  endfacet
  facet normal 0 0 1
    outer loop
      vertex 25.5173 25.1412 3
      vertex 24.6062 23.8872 3
      vertex 24.7464 23.7908 3
    endloop
  endfacet
  facet normal -0 0 1
    outer loop
      vertex 23.5475 27.8384 3
      vertex 24.9635 27.208 3
      vertex 23.6207 27.992 3
    endloop
  endfacet
  facet normal 0 0 1
    outer loop
      vertex 25.4467 25.1954 3
      vertex 24.4712 23.9908 3
      vertex 24.6062 23.8872 3
    endloop
  endfacet
  facet normal 0 0 1
    outer loop
      vertex 24.9635 27.208 3
      vertex 23.5475 27.8384 3
      vertex 24.9294 27.1257 3
    endloop
  endfacet
  facet normal 0 0 1
    outer loop
      vertex 25.379 25.2532 3
      vertex 24.3418 24.1013 3
      vertex 24.4712 23.9908 3
    endloop
  endfacet
  facet normal -0 0 1
    outer loop
      vertex 23.4824 27.6812 3
      vertex 24.9294 27.1257 3
      vertex 23.5475 27.8384 3
    endloop
  endfacet
  facet normal 0 0 1
    outer loop
      vertex 25.3144 25.3144 3
      vertex 24.2184 24.2184 3
      vertex 24.3418 24.1013 3
    endloop
  endfacet
  facet normal 0 0 1
    outer loop
      vertex 24.9294 27.1257 3
      vertex 23.4824 27.6812 3
      vertex 24.8997 27.0418 3
    endloop
  endfacet
  facet normal 0 0 1
    outer loop
      vertex 25.2532 25.379 3
      vertex 24.1013 24.3418 3
      vertex 24.2184 24.2184 3
    endloop
  endfacet
  facet normal -0 0 1
    outer loop
      vertex 23.4256 27.5208 3
      vertex 24.8997 27.0418 3
      vertex 23.4824 27.6812 3
    endloop
  endfacet
  facet normal 0 0 1
    outer loop
      vertex 25.1954 25.4467 3
      vertex 23.9908 24.4712 3
      vertex 24.1013 24.3418 3
    endloop
  endfacet
  facet normal 0 0 1
    outer loop
      vertex 24.8997 27.0418 3
      vertex 23.4256 27.5208 3
      vertex 24.8744 26.9565 3
    endloop
  endfacet
  facet normal 0 0 1
    outer loop
      vertex 25.1412 25.5173 3
      vertex 23.8872 24.6062 3
      vertex 23.9908 24.4712 3
    endloop
  endfacet
  facet normal -0 0 1
    outer loop
      vertex 23.3772 27.3577 3
      vertex 24.8744 26.9565 3
      vertex 23.4256 27.5208 3
    endloop
  endfacet
  facet normal 0 0 1
    outer loop
      vertex 25.0908 25.5906 3
      vertex 23.7908 24.7464 3
      vertex 23.8872 24.6062 3
    endloop
  endfacet
  facet normal 0 0 1
    outer loop
      vertex 24.8744 26.9565 3
      vertex 23.3772 27.3577 3
      vertex 24.8537 26.87 3
    endloop
  endfacet
  facet normal 0 0 1
    outer loop
      vertex 25.0443 25.6665 3
      vertex 23.7019 24.8915 3
      vertex 23.7908 24.7464 3
    endloop
  endfacet
  facet normal -0 0 1
    outer loop
      vertex 23.3375 27.1922 3
      vertex 24.8537 26.87 3
      vertex 23.3772 27.3577 3
    endloop
  endfacet
  facet normal 0 0 1
    outer loop
      vertex 25.0018 25.7447 3
      vertex 23.6207 25.041 3
      vertex 23.7019 24.8915 3
    endloop
  endfacet
  facet normal 0 0 1
    outer loop
      vertex 24.8537 26.87 3
      vertex 23.3375 27.1922 3
      vertex 24.8374 26.7824 3
    endloop
  endfacet
  facet normal 0 0 1
    outer loop
      vertex 24.9635 25.8251 3
      vertex 23.5475 25.1946 3
      vertex 23.6207 25.041 3
    endloop
  endfacet
  facet normal -0 0 1
    outer loop
      vertex 23.3065 27.0249 3
      vertex 24.8374 26.7824 3
      vertex 23.3375 27.1922 3
    endloop
  endfacet
  facet normal 0 0 1
    outer loop
      vertex 24.9294 25.9073 3
      vertex 23.4824 25.3518 3
      vertex 23.5475 25.1946 3
    endloop
  endfacet
  facet normal 0 0 1
    outer loop
      vertex 24.8374 26.7824 3
      vertex 23.3065 27.0249 3
      vertex 24.8258 26.6942 3
    endloop
  endfacet
  facet normal 0 0 1
    outer loop
      vertex 24.8997 25.9912 3
      vertex 23.4256 25.5122 3
      vertex 23.4824 25.3518 3
    endloop
  endfacet
  facet normal -0 0 1
    outer loop
      vertex 23.2843 26.8562 3
      vertex 24.8258 26.6942 3
      vertex 23.3065 27.0249 3
    endloop
  endfacet
  facet normal 0 0 1
    outer loop
      vertex 24.8744 26.0765 3
      vertex 23.3772 25.6753 3
      vertex 23.4256 25.5122 3
    endloop
  endfacet
  facet normal 0 0 1
    outer loop
      vertex 24.8258 26.6942 3
      vertex 23.2843 26.8562 3
      vertex 24.8188 26.6055 3
    endloop
  endfacet
  facet normal 0 0 1
    outer loop
      vertex 24.8537 26.1631 3
      vertex 23.3375 25.8408 3
      vertex 23.3772 25.6753 3
    endloop
  endfacet
  facet normal -0 0 1
    outer loop
      vertex 23.271 26.6866 3
      vertex 24.8188 26.6055 3
      vertex 23.2843 26.8562 3
    endloop
  endfacet
  facet normal 0 0 1
    outer loop
      vertex 24.8374 26.2506 3
      vertex 23.3065 26.0081 3
      vertex 23.3375 25.8408 3
    endloop
  endfacet
  facet normal 0 0 1
    outer loop
      vertex 24.8188 26.6055 3
      vertex 23.271 26.6866 3
      vertex 24.8165 26.5165 3
    endloop
  endfacet
  facet normal 0 0 1
    outer loop
      vertex 24.8258 26.3388 3
      vertex 23.2843 26.1768 3
      vertex 23.3065 26.0081 3
    endloop
  endfacet
  facet normal 0 0 1
    outer loop
      vertex 23.2665 26.5165 3
      vertex 24.8165 26.5165 3
      vertex 23.271 26.6866 3
    endloop
  endfacet
  facet normal 0 0 1
    outer loop
      vertex 24.8188 26.4275 3
      vertex 23.271 26.3464 3
      vertex 23.2843 26.1768 3
    endloop
  endfacet
  facet normal 0 0 1
    outer loop
      vertex 24.8165 26.5165 3
      vertex 23.2665 26.5165 3
      vertex 23.271 26.3464 3
    endloop
  endfacet
  facet normal 0 0 1
    outer loop
      vertex 29.3542 26.4307 3
      vertex 29.7665 26.5165 3
      vertex 29.7621 26.6866 3
    endloop
  endfacet
  facet normal 0 0 1
    outer loop
      vertex 29.3542 26.4307 3
      vertex 29.7621 26.6866 3
      vertex 29.7487 26.8562 3
    endloop
  endfacet
  facet normal 0 0 1
    outer loop
      vertex 29.7665 26.5165 3
      vertex 29.3542 26.4307 3
      vertex 29.7621 26.3464 3
    endloop
  endfacet
  facet normal 0 0 1
    outer loop
      vertex 29.3542 26.4307 3
      vertex 29.7487 26.8562 3
      vertex 29.7265 27.0249 3
    endloop
  endfacet
  facet normal 0 0 1
    outer loop
      vertex 29.7621 26.3464 3
      vertex 29.3542 26.4307 3
      vertex 29.7487 26.1768 3
    endloop
  endfacet
  facet normal 0 0 1
    outer loop
      vertex 29.7487 26.1768 3
      vertex 29.3542 26.4307 3
      vertex 29.7265 26.0081 3
    endloop
  endfacet
  facet normal 0 0 1
    outer loop
      vertex 29.3542 26.4307 3
      vertex 29.7265 27.0249 3
      vertex 29.6955 27.1922 3
    endloop
  endfacet
  facet normal 0 0 1
    outer loop
      vertex 29.3542 26.4307 3
      vertex 29.6955 27.1922 3
      vertex 29.6558 27.3577 3
    endloop
  endfacet
  facet normal 0 0 1
    outer loop
      vertex 29.3542 26.4307 3
      vertex 29.6558 27.3577 3
      vertex 29.6074 27.5208 3
    endloop
  endfacet
  facet normal 0 0 1
    outer loop
      vertex 27.9307 27.9307 3
      vertex 29.6074 27.5208 3
      vertex 29.5506 27.6812 3
    endloop
  endfacet
  facet normal 0 0 1
    outer loop
      vertex 27.9307 27.9307 3
      vertex 29.5506 27.6812 3
      vertex 29.4855 27.8384 3
    endloop
  endfacet
  facet normal -0 0 1
    outer loop
      vertex 27.9307 27.9307 3
      vertex 29.4855 27.8384 3
      vertex 29.4123 27.992 3
    endloop
  endfacet
  facet normal 0 0 1
    outer loop
      vertex 29.7265 26.0081 3
      vertex 29.3542 26.4307 3
      vertex 29.7245 25.9972 3
    endloop
  endfacet
  facet normal 0 0 1
    outer loop
      vertex 27.9307 27.9307 3
      vertex 29.4123 27.992 3
      vertex 29.3311 28.1415 3
    endloop
  endfacet
  facet normal 0 0 1
    outer loop
      vertex 27.9307 27.9307 3
      vertex 29.3311 28.1415 3
      vertex 29.2422 28.2866 3
    endloop
  endfacet
  facet normal 0 0 1
    outer loop
      vertex 27.9307 27.9307 3
      vertex 29.2422 28.2866 3
      vertex 29.1458 28.4268 3
    endloop
  endfacet
  facet normal 0 0 1
    outer loop
      vertex 27.9307 27.9307 3
      vertex 29.1458 28.4268 3
      vertex 29.0422 28.5618 3
    endloop
  endfacet
  facet normal 0 0 1
    outer loop
      vertex 27.9307 27.9307 3
      vertex 29.0422 28.5618 3
      vertex 28.9317 28.6912 3
    endloop
  endfacet
  facet normal 0 0 1
    outer loop
      vertex 27.9307 27.9307 3
      vertex 28.9317 28.6912 3
      vertex 28.8146 28.8146 3
    endloop
  endfacet
  facet normal 0 0 1
    outer loop
      vertex 27.9307 27.9307 3
      vertex 28.8146 28.8146 3
      vertex 28.6912 28.9317 3
    endloop
  endfacet
  facet normal 0 0 1
    outer loop
      vertex 27.9307 27.9307 3
      vertex 28.6912 28.9317 3
      vertex 28.5618 29.0422 3
    endloop
  endfacet
  facet normal 0 0 1
    outer loop
      vertex 27.9307 27.9307 3
      vertex 28.5618 29.0422 3
      vertex 28.4268 29.1458 3
    endloop
  endfacet
  facet normal 0 0 1
    outer loop
      vertex 27.9307 27.9307 3
      vertex 28.4268 29.1458 3
      vertex 28.2866 29.2422 3
    endloop
  endfacet
  facet normal 0 0 1
    outer loop
      vertex 27.9307 27.9307 3
      vertex 28.2866 29.2422 3
      vertex 28.1415 29.3311 3
    endloop
  endfacet
  facet normal 0 0 1
    outer loop
      vertex 27.9307 27.9307 3
      vertex 28.1415 29.3311 3
      vertex 27.992 29.4123 3
    endloop
  endfacet
  facet normal 0 0 1
    outer loop
      vertex 29.6074 27.5208 3
      vertex 27.9307 27.9307 3
      vertex 29.3542 26.4307 3
    endloop
  endfacet
  facet normal 0 0 1
    outer loop
      vertex 27.8384 29.4855 3
      vertex 27.9307 27.9307 3
      vertex 27.992 29.4123 3
    endloop
  endfacet
  facet normal 0 0 1
    outer loop
      vertex 27.6812 29.5506 3
      vertex 27.9307 27.9307 3
      vertex 27.8384 29.4855 3
    endloop
  endfacet
  facet normal 0 0 1
    outer loop
      vertex 27.5208 29.6074 3
      vertex 27.9307 27.9307 3
      vertex 27.6812 29.5506 3
    endloop
  endfacet
  facet normal 0 0 1
    outer loop
      vertex 26.4307 29.3542 3
      vertex 27.5208 29.6074 3
      vertex 27.3577 29.6558 3
    endloop
  endfacet
  facet normal 0 0 1
    outer loop
      vertex 26.4307 29.3542 3
      vertex 27.3577 29.6558 3
      vertex 27.1922 29.6955 3
    endloop
  endfacet
  facet normal 0 0 1
    outer loop
      vertex 26.4307 29.3542 3
      vertex 27.1922 29.6955 3
      vertex 27.0249 29.7265 3
    endloop
  endfacet
  facet normal 0 0 1
    outer loop
      vertex 26.4307 29.3542 3
      vertex 27.0249 29.7265 3
      vertex 26.8562 29.7487 3
    endloop
  endfacet
  facet normal 0 0 1
    outer loop
      vertex 26.4307 29.3542 3
      vertex 26.8562 29.7487 3
      vertex 26.6866 29.7621 3
    endloop
  endfacet
  facet normal 0 0 1
    outer loop
      vertex 26.4307 29.3542 3
      vertex 26.6866 29.7621 3
      vertex 26.5165 29.7665 3
    endloop
  endfacet
  facet normal 0 0 1
    outer loop
      vertex 27.5208 29.6074 3
      vertex 26.4307 29.3542 3
      vertex 27.9307 27.9307 3
    endloop
  endfacet
  facet normal -0 0 1
    outer loop
      vertex 26.3464 29.7621 3
      vertex 26.4307 29.3542 3
      vertex 26.5165 29.7665 3
    endloop
  endfacet
  facet normal -0 0 1
    outer loop
      vertex 26.1768 29.7487 3
      vertex 26.4307 29.3542 3
      vertex 26.3464 29.7621 3
    endloop
  endfacet
  facet normal -0 0 1
    outer loop
      vertex 26.0081 29.7265 3
      vertex 26.4307 29.3542 3
      vertex 26.1768 29.7487 3
    endloop
  endfacet
  facet normal 0 0 1
    outer loop
      vertex 26.4307 29.3542 3
      vertex 26.0081 29.7265 3
      vertex 25.9972 29.7245 3
    endloop
  endfacet
  facet normal -0.382611 0.923909 0
    outer loop
      vertex 27.8384 23.5475 3
      vertex 27.6812 23.4824 5
      vertex 27.8384 23.5475 5
    endloop
  endfacet
  facet normal -0.382611 0.923909 0
    outer loop
      vertex 27.6812 23.4824 5
      vertex 27.8384 23.5475 3
      vertex 27.6812 23.4824 3
    endloop
  endfacet
  facet normal 0.983263 -0.182194 0
    outer loop
      vertex 23.3065 27.0249 5
      vertex 23.3375 27.1922 3
      vertex 23.3375 27.1922 5
    endloop
  endfacet
  facet normal 0.983263 -0.182194 0
    outer loop
      vertex 23.3375 27.1922 3
      vertex 23.3065 27.0249 5
      vertex 23.3065 27.0249 3
    endloop
  endfacet
  facet normal 0.852686 -0.522424 0
    outer loop
      vertex 23.7019 28.1415 5
      vertex 23.7908 28.2866 3
      vertex 23.7908 28.2866 5
    endloop
  endfacet
  facet normal 0.852686 -0.522424 0
    outer loop
      vertex 23.7908 28.2866 3
      vertex 23.7019 28.1415 5
      vertex 23.7019 28.1415 3
    endloop
  endfacet
  facet normal 0.958679 0.284489 0
    outer loop
      vertex 23.4256 25.5122 5
      vertex 23.3772 25.6753 3
      vertex 23.3772 25.6753 5
    endloop
  endfacet
  facet normal 0.958679 0.284489 0
    outer loop
      vertex 23.3772 25.6753 3
      vertex 23.4256 25.5122 5
      vertex 23.4256 25.5122 3
    endloop
  endfacet
  facet normal -0.0264458 0.99965 0
    outer loop
      vertex 26.6866 23.271 3
      vertex 26.5165 23.2665 5
      vertex 26.6866 23.271 5
    endloop
  endfacet
  facet normal -0.0264458 0.99965 0
    outer loop
      vertex 26.5165 23.2665 5
      vertex 26.6866 23.271 3
      vertex 26.5165 23.2665 3
    endloop
  endfacet
  facet normal 0.284489 0.958679 -0
    outer loop
      vertex 25.6753 23.3772 3
      vertex 25.5122 23.4256 5
      vertex 25.6753 23.3772 5
    endloop
  endfacet
  facet normal 0.284489 0.958679 0
    outer loop
      vertex 25.5122 23.4256 5
      vertex 25.6753 23.3772 3
      vertex 25.5122 23.4256 3
    endloop
  endfacet
  facet normal 0.522424 0.852686 -0
    outer loop
      vertex 24.8915 23.7019 3
      vertex 24.7464 23.7908 5
      vertex 24.8915 23.7019 5
    endloop
  endfacet
  facet normal 0.522424 0.852686 0
    outer loop
      vertex 24.7464 23.7908 5
      vertex 24.8915 23.7019 3
      vertex 24.7464 23.7908 3
    endloop
  endfacet
  facet normal -0.942643 -0.333804 0
    outer loop
      vertex 29.6074 27.5208 3
      vertex 29.5506 27.6812 5
      vertex 29.5506 27.6812 3
    endloop
  endfacet
  facet normal -0.942643 -0.333804 0
    outer loop
      vertex 29.5506 27.6812 5
      vertex 29.6074 27.5208 3
      vertex 29.6074 27.5208 5
    endloop
  endfacet
  facet normal 0.923909 0.382611 0
    outer loop
      vertex 23.5475 25.1946 5
      vertex 23.4824 25.3518 3
      vertex 23.4824 25.3518 5
    endloop
  endfacet
  facet normal 0.923909 0.382611 0
    outer loop
      vertex 23.4824 25.3518 3
      vertex 23.5475 25.1946 5
      vertex 23.5475 25.1946 3
    endloop
  endfacet
  facet normal 0.923909 -0.382611 0
    outer loop
      vertex 23.4824 27.6812 5
      vertex 23.5475 27.8384 3
      vertex 23.5475 27.8384 5
    endloop
  endfacet
  facet normal 0.923909 -0.382611 0
    outer loop
      vertex 23.5475 27.8384 3
      vertex 23.4824 27.6812 5
      vertex 23.4824 27.6812 3
    endloop
  endfacet
  facet normal -0.284489 0.958679 0
    outer loop
      vertex 27.5208 23.4256 3
      vertex 27.3577 23.3772 5
      vertex 27.5208 23.4256 5
    endloop
  endfacet
  facet normal -0.284489 0.958679 0
    outer loop
      vertex 27.3577 23.3772 5
      vertex 27.5208 23.4256 3
      vertex 27.3577 23.3772 3
    endloop
  endfacet
  facet normal 0.382611 0.923909 -0
    outer loop
      vertex 25.3518 23.4824 3
      vertex 25.1946 23.5475 5
      vertex 25.3518 23.4824 5
    endloop
  endfacet
  facet normal 0.382611 0.923909 0
    outer loop
      vertex 25.1946 23.5475 5
      vertex 25.3518 23.4824 3
      vertex 25.1946 23.5475 3
    endloop
  endfacet
  facet normal 0.333804 0.942643 -0
    outer loop
      vertex 25.5122 23.4256 3
      vertex 25.3518 23.4824 5
      vertex 25.5122 23.4256 5
    endloop
  endfacet
  facet normal 0.333804 0.942643 0
    outer loop
      vertex 25.3518 23.4824 5
      vertex 25.5122 23.4256 3
      vertex 25.3518 23.4824 3
    endloop
  endfacet
  facet normal -0.983088 0.183135 0
    outer loop
      vertex -24.8537 26.1631 0
      vertex -24.8374 26.2506 3
      vertex -24.8374 26.2506 0
    endloop
  endfacet
  facet normal -0.983088 0.183135 0
    outer loop
      vertex -24.8374 26.2506 3
      vertex -24.8537 26.1631 0
      vertex -24.8537 26.1631 3
    endloop
  endfacet
  facet normal -0.687745 0.725953 0
    outer loop
      vertex -25.3144 25.3144 0
      vertex -25.379 25.2532 3
      vertex -25.3144 25.3144 3
    endloop
  endfacet
  facet normal -0.687745 0.725953 0
    outer loop
      vertex -25.379 25.2532 3
      vertex -25.3144 25.3144 0
      vertex -25.379 25.2532 0
    endloop
  endfacet
  facet normal 0.760524 -0.64931 0
    outer loop
      vertex -27.8377 27.5863 3
      vertex -27.7799 27.654 0
      vertex -27.7799 27.654 3
    endloop
  endfacet
  facet normal 0.760524 -0.64931 0
    outer loop
      vertex -27.7799 27.654 0
      vertex -27.8377 27.5863 3
      vertex -27.8377 27.5863 0
    endloop
  endfacet
  facet normal 0.725392 -0.688336 0
    outer loop
      vertex -27.7799 27.654 3
      vertex -27.7186 27.7186 0
      vertex -27.7186 27.7186 3
    endloop
  endfacet
  facet normal 0.725392 -0.688336 0
    outer loop
      vertex -27.7186 27.7186 0
      vertex -27.7799 27.654 3
      vertex -27.7799 27.654 0
    endloop
  endfacet
  facet normal 0.793751 -0.608243 0
    outer loop
      vertex -27.8918 27.5157 3
      vertex -27.8377 27.5863 0
      vertex -27.8377 27.5863 3
    endloop
  endfacet
  facet normal 0.793751 -0.608243 0
    outer loop
      vertex -27.8377 27.5863 0
      vertex -27.8918 27.5157 3
      vertex -27.8918 27.5157 0
    endloop
  endfacet
  facet normal -0.333702 -0.942679 0
    outer loop
      vertex -25.9912 28.1333 0
      vertex -25.9073 28.1036 3
      vertex -25.9912 28.1333 3
    endloop
  endfacet
  facet normal -0.333702 -0.942679 -0
    outer loop
      vertex -25.9073 28.1036 3
      vertex -25.9912 28.1333 0
      vertex -25.9073 28.1036 0
    endloop
  endfacet
  facet normal 0.972285 -0.233798 0
    outer loop
      vertex -28.1794 26.87 3
      vertex -28.1586 26.9565 0
      vertex -28.1586 26.9565 3
    endloop
  endfacet
  facet normal 0.972285 -0.233798 0
    outer loop
      vertex -28.1586 26.9565 0
      vertex -28.1794 26.87 3
      vertex -28.1794 26.87 0
    endloop
  endfacet
  facet normal -0.64931 -0.760524 0
    outer loop
      vertex -25.4467 27.8377 0
      vertex -25.379 27.7799 3
      vertex -25.4467 27.8377 3
    endloop
  endfacet
  facet normal -0.64931 -0.760524 -0
    outer loop
      vertex -25.379 27.7799 3
      vertex -25.4467 27.8377 0
      vertex -25.379 27.7799 0
    endloop
  endfacet
  facet normal -0.878625 0.477513 0
    outer loop
      vertex -25.0443 25.6665 0
      vertex -25.0018 25.7447 3
      vertex -25.0018 25.7447 0
    endloop
  endfacet
  facet normal -0.878625 0.477513 0
    outer loop
      vertex -25.0018 25.7447 3
      vertex -25.0443 25.6665 0
      vertex -25.0443 25.6665 3
    endloop
  endfacet
  facet normal 0.958719 -0.284356 0
    outer loop
      vertex -28.1586 26.9565 3
      vertex -28.1333 27.0418 0
      vertex -28.1333 27.0418 3
    endloop
  endfacet
  facet normal 0.958719 -0.284356 0
    outer loop
      vertex -28.1333 27.0418 0
      vertex -28.1586 26.9565 3
      vertex -28.1586 26.9565 0
    endloop
  endfacet
  facet normal -0.991462 0.130396 0
    outer loop
      vertex -24.8374 26.2506 0
      vertex -24.8258 26.3388 3
      vertex -24.8258 26.3388 0
    endloop
  endfacet
  facet normal -0.991462 0.130396 0
    outer loop
      vertex -24.8258 26.3388 3
      vertex -24.8374 26.2506 0
      vertex -24.8374 26.2506 3
    endloop
  endfacet
  facet normal 0.942679 0.333702 0
    outer loop
      vertex -28.1036 25.9073 3
      vertex -28.1333 25.9912 0
      vertex -28.1333 25.9912 3
    endloop
  endfacet
  facet normal 0.942679 0.333702 0
    outer loop
      vertex -28.1333 25.9912 0
      vertex -28.1036 25.9073 3
      vertex -28.1036 25.9073 0
    endloop
  endfacet
  facet normal 0.0786731 -0.9969 0
    outer loop
      vertex -26.6942 28.2072 0
      vertex -26.6055 28.2142 3
      vertex -26.6942 28.2072 3
    endloop
  endfacet
  facet normal 0.0786731 -0.9969 0
    outer loop
      vertex -26.6055 28.2142 3
      vertex -26.6942 28.2072 0
      vertex -26.6055 28.2142 0
    endloop
  endfacet
  facet normal 0.852698 -0.522404 0
    outer loop
      vertex -27.9887 27.3665 3
      vertex -27.9422 27.4424 0
      vertex -27.9422 27.4424 3
    endloop
  endfacet
  facet normal 0.852698 -0.522404 0
    outer loop
      vertex -27.9422 27.4424 0
      vertex -27.9887 27.3665 3
      vertex -27.9887 27.3665 0
    endloop
  endfacet
  facet normal 0.284356 -0.958719 0
    outer loop
      vertex -27.0418 28.1333 0
      vertex -26.9565 28.1586 3
      vertex -27.0418 28.1333 3
    endloop
  endfacet
  facet normal 0.284356 -0.958719 0
    outer loop
      vertex -26.9565 28.1586 3
      vertex -27.0418 28.1333 0
      vertex -26.9565 28.1586 0
    endloop
  endfacet
  facet normal 0.60895 0.793208 -0
    outer loop
      vertex -27.5157 25.1412 0
      vertex -27.5863 25.1954 3
      vertex -27.5157 25.1412 3
    endloop
  endfacet
  facet normal 0.60895 0.793208 0
    outer loop
      vertex -27.5863 25.1954 3
      vertex -27.5157 25.1412 0
      vertex -27.5863 25.1954 0
    endloop
  endfacet
  facet normal 0.923839 -0.382781 0
    outer loop
      vertex -28.1036 27.1257 3
      vertex -28.0695 27.208 0
      vertex -28.0695 27.208 3
    endloop
  endfacet
  facet normal 0.923839 -0.382781 0
    outer loop
      vertex -28.0695 27.208 0
      vertex -28.1036 27.1257 3
      vertex -28.1036 27.1257 0
    endloop
  endfacet
  facet normal 0.999666 -0.0258341 0
    outer loop
      vertex -28.2165 26.5165 3
      vertex -28.2142 26.6055 0
      vertex -28.2142 26.6055 3
    endloop
  endfacet
  facet normal 0.999666 -0.0258341 0
    outer loop
      vertex -28.2142 26.6055 0
      vertex -28.2165 26.5165 3
      vertex -28.2165 26.5165 0
    endloop
  endfacet
  facet normal 0.333702 0.942679 -0
    outer loop
      vertex -27.0418 24.8997 0
      vertex -27.1257 24.9294 3
      vertex -27.0418 24.8997 3
    endloop
  endfacet
  facet normal 0.333702 0.942679 0
    outer loop
      vertex -27.1257 24.9294 3
      vertex -27.0418 24.8997 0
      vertex -27.1257 24.9294 0
    endloop
  endfacet
  facet normal 0.878625 -0.477513 0
    outer loop
      vertex -28.0312 27.2883 3
      vertex -27.9887 27.3665 0
      vertex -27.9887 27.3665 3
    endloop
  endfacet
  facet normal 0.878625 -0.477513 0
    outer loop
      vertex -27.9887 27.3665 0
      vertex -28.0312 27.2883 3
      vertex -28.0312 27.2883 0
    endloop
  endfacet
  facet normal -0.64931 0.760524 0
    outer loop
      vertex -25.379 25.2532 0
      vertex -25.4467 25.1954 3
      vertex -25.379 25.2532 3
    endloop
  endfacet
  facet normal -0.64931 0.760524 0
    outer loop
      vertex -25.4467 25.1954 3
      vertex -25.379 25.2532 0
      vertex -25.4467 25.1954 0
    endloop
  endfacet
  facet normal -0.793208 -0.60895 0
    outer loop
      vertex -25.1412 27.5157 0
      vertex -25.1954 27.5863 3
      vertex -25.1954 27.5863 0
    endloop
  endfacet
  facet normal -0.793208 -0.60895 0
    outer loop
      vertex -25.1954 27.5863 3
      vertex -25.1412 27.5157 0
      vertex -25.1412 27.5157 3
    endloop
  endfacet
  facet normal 0.0786731 0.9969 -0
    outer loop
      vertex -26.6055 24.8188 0
      vertex -26.6942 24.8258 3
      vertex -26.6055 24.8188 3
    endloop
  endfacet
  facet normal 0.0786731 0.9969 0
    outer loop
      vertex -26.6942 24.8258 3
      vertex -26.6055 24.8188 0
      vertex -26.6942 24.8258 0
    endloop
  endfacet
  facet normal -0.688336 -0.725392 0
    outer loop
      vertex -25.379 27.7799 0
      vertex -25.3144 27.7186 3
      vertex -25.379 27.7799 3
    endloop
  endfacet
  facet normal -0.688336 -0.725392 -0
    outer loop
      vertex -25.3144 27.7186 3
      vertex -25.379 27.7799 0
      vertex -25.3144 27.7186 0
    endloop
  endfacet
  facet normal -0.97254 -0.232735 0
    outer loop
      vertex -24.8537 26.87 0
      vertex -24.8744 26.9565 3
      vertex -24.8744 26.9565 0
    endloop
  endfacet
  facet normal -0.97254 -0.232735 0
    outer loop
      vertex -24.8744 26.9565 3
      vertex -24.8537 26.87 0
      vertex -24.8537 26.87 3
    endloop
  endfacet
  facet normal 0.0258341 0.999666 -0
    outer loop
      vertex -26.5165 24.8165 0
      vertex -26.6055 24.8188 3
      vertex -26.5165 24.8165 3
    endloop
  endfacet
  facet normal 0.0258341 0.999666 0
    outer loop
      vertex -26.6055 24.8188 3
      vertex -26.5165 24.8165 0
      vertex -26.6055 24.8188 0
    endloop
  endfacet
  facet normal -0.760524 0.64931 0
    outer loop
      vertex -25.2532 25.379 0
      vertex -25.1954 25.4467 3
      vertex -25.1954 25.4467 0
    endloop
  endfacet
  facet normal -0.760524 0.64931 0
    outer loop
      vertex -25.1954 25.4467 3
      vertex -25.2532 25.379 0
      vertex -25.2532 25.379 3
    endloop
  endfacet
  facet normal 0.793751 0.608243 0
    outer loop
      vertex -27.8377 25.4467 3
      vertex -27.8918 25.5173 0
      vertex -27.8918 25.5173 3
    endloop
  endfacet
  facet normal 0.793751 0.608243 0
    outer loop
      vertex -27.8918 25.5173 0
      vertex -27.8377 25.4467 3
      vertex -27.8377 25.4467 0
    endloop
  endfacet
  facet normal 0.181848 -0.983327 0
    outer loop
      vertex -26.87 28.1794 0
      vertex -26.7824 28.1956 3
      vertex -26.87 28.1794 3
    endloop
  endfacet
  facet normal 0.181848 -0.983327 0
    outer loop
      vertex -26.7824 28.1956 3
      vertex -26.87 28.1794 0
      vertex -26.7824 28.1956 0
    endloop
  endfacet
  facet normal 0.687745 0.725953 -0
    outer loop
      vertex -27.654 25.2532 0
      vertex -27.7186 25.3144 3
      vertex -27.654 25.2532 3
    endloop
  endfacet
  facet normal 0.687745 0.725953 0
    outer loop
      vertex -27.7186 25.3144 3
      vertex -27.654 25.2532 0
      vertex -27.7186 25.3144 0
    endloop
  endfacet
  facet normal 0.9969 -0.0786731 0
    outer loop
      vertex -28.2142 26.6055 3
      vertex -28.2072 26.6942 0
      vertex -28.2072 26.6942 3
    endloop
  endfacet
  facet normal 0.9969 -0.0786731 0
    outer loop
      vertex -28.2072 26.6942 0
      vertex -28.2142 26.6055 3
      vertex -28.2142 26.6055 0
    endloop
  endfacet
  facet normal 0.477513 0.878625 -0
    outer loop
      vertex -27.2883 25.0018 0
      vertex -27.3665 25.0443 3
      vertex -27.2883 25.0018 3
    endloop
  endfacet
  facet normal 0.477513 0.878625 0
    outer loop
      vertex -27.3665 25.0443 3
      vertex -27.2883 25.0018 0
      vertex -27.3665 25.0443 0
    endloop
  endfacet
  facet normal -0.902798 0.430064 0
    outer loop
      vertex -25.0018 25.7447 0
      vertex -24.9635 25.8251 3
      vertex -24.9635 25.8251 0
    endloop
  endfacet
  facet normal -0.902798 0.430064 0
    outer loop
      vertex -24.9635 25.8251 3
      vertex -25.0018 25.7447 0
      vertex -25.0018 25.7447 3
    endloop
  endfacet
  facet normal 0.566577 -0.824009 0
    outer loop
      vertex -27.5157 27.8918 0
      vertex -27.4424 27.9422 3
      vertex -27.5157 27.8918 3
    endloop
  endfacet
  facet normal 0.566577 -0.824009 0
    outer loop
      vertex -27.4424 27.9422 3
      vertex -27.5157 27.8918 0
      vertex -27.4424 27.9422 0
    endloop
  endfacet
  facet normal -0.430064 0.902798 0
    outer loop
      vertex -25.7447 25.0018 0
      vertex -25.8251 24.9635 3
      vertex -25.7447 25.0018 3
    endloop
  endfacet
  facet normal -0.430064 0.902798 0
    outer loop
      vertex -25.8251 24.9635 3
      vertex -25.7447 25.0018 0
      vertex -25.8251 24.9635 0
    endloop
  endfacet
  facet normal -0.999666 0.0258341 0
    outer loop
      vertex -24.8188 26.4275 0
      vertex -24.8165 26.5165 3
      vertex -24.8165 26.5165 0
    endloop
  endfacet
  facet normal -0.999666 0.0258341 0
    outer loop
      vertex -24.8165 26.5165 3
      vertex -24.8188 26.4275 0
      vertex -24.8188 26.4275 3
    endloop
  endfacet
  facet normal 0.522404 0.852698 -0
    outer loop
      vertex -27.3665 25.0443 0
      vertex -27.4424 25.0908 3
      vertex -27.3665 25.0443 3
    endloop
  endfacet
  facet normal 0.522404 0.852698 0
    outer loop
      vertex -27.4424 25.0908 3
      vertex -27.3665 25.0443 0
      vertex -27.4424 25.0908 0
    endloop
  endfacet
  facet normal -0.958719 -0.284356 0
    outer loop
      vertex -24.8744 26.9565 0
      vertex -24.8997 27.0418 3
      vertex -24.8997 27.0418 0
    endloop
  endfacet
  facet normal -0.958719 -0.284356 0
    outer loop
      vertex -24.8997 27.0418 3
      vertex -24.8744 26.9565 0
      vertex -24.8744 26.9565 3
    endloop
  endfacet
  facet normal 0.9969 0.0786731 0
    outer loop
      vertex -28.2072 26.3388 3
      vertex -28.2142 26.4275 0
      vertex -28.2142 26.4275 3
    endloop
  endfacet
  facet normal 0.9969 0.0786731 0
    outer loop
      vertex -28.2142 26.4275 0
      vertex -28.2072 26.3388 3
      vertex -28.2072 26.3388 0
    endloop
  endfacet
  facet normal 0.182933 0.983125 -0
    outer loop
      vertex -26.7824 24.8374 0
      vertex -26.87 24.8537 3
      vertex -26.7824 24.8374 3
    endloop
  endfacet
  facet normal 0.182933 0.983125 0
    outer loop
      vertex -26.87 24.8537 3
      vertex -26.7824 24.8374 0
      vertex -26.87 24.8537 0
    endloop
  endfacet
  facet normal 0.972347 0.233543 0
    outer loop
      vertex -28.1586 26.0765 3
      vertex -28.1794 26.1631 0
      vertex -28.1794 26.1631 3
    endloop
  endfacet
  facet normal 0.972347 0.233543 0
    outer loop
      vertex -28.1794 26.1631 0
      vertex -28.1586 26.0765 3
      vertex -28.1586 26.0765 0
    endloop
  endfacet
  facet normal -0.90259 -0.430501 0
    outer loop
      vertex -24.9635 27.208 0
      vertex -25.0018 27.2883 3
      vertex -25.0018 27.2883 0
    endloop
  endfacet
  facet normal -0.90259 -0.430501 0
    outer loop
      vertex -25.0018 27.2883 3
      vertex -24.9635 27.208 0
      vertex -24.9635 27.208 3
    endloop
  endfacet
  facet normal -0.477513 -0.878625 0
    outer loop
      vertex -25.7447 28.0312 0
      vertex -25.6665 27.9887 3
      vertex -25.7447 28.0312 3
    endloop
  endfacet
  facet normal -0.477513 -0.878625 -0
    outer loop
      vertex -25.6665 27.9887 3
      vertex -25.7447 28.0312 0
      vertex -25.6665 27.9887 0
    endloop
  endfacet
  facet normal 0.430501 0.90259 -0
    outer loop
      vertex -27.208 24.9635 0
      vertex -27.2883 25.0018 3
      vertex -27.208 24.9635 3
    endloop
  endfacet
  facet normal 0.430501 0.90259 0
    outer loop
      vertex -27.2883 25.0018 3
      vertex -27.208 24.9635 0
      vertex -27.2883 25.0018 0
    endloop
  endfacet
  facet normal -0.824009 0.566577 0
    outer loop
      vertex -25.1412 25.5173 0
      vertex -25.0908 25.5906 3
      vertex -25.0908 25.5906 0
    endloop
  endfacet
  facet normal -0.824009 0.566577 0
    outer loop
      vertex -25.0908 25.5906 3
      vertex -25.1412 25.5173 0
      vertex -25.1412 25.5173 3
    endloop
  endfacet
  facet normal 0.64931 -0.760524 0
    outer loop
      vertex -27.654 27.7799 0
      vertex -27.5863 27.8377 3
      vertex -27.654 27.7799 3
    endloop
  endfacet
  facet normal 0.64931 -0.760524 0
    outer loop
      vertex -27.5863 27.8377 3
      vertex -27.654 27.7799 0
      vertex -27.5863 27.8377 0
    endloop
  endfacet
  facet normal -0.477513 0.878625 0
    outer loop
      vertex -25.6665 25.0443 0
      vertex -25.7447 25.0018 3
      vertex -25.6665 25.0443 3
    endloop
  endfacet
  facet normal -0.477513 0.878625 0
    outer loop
      vertex -25.7447 25.0018 3
      vertex -25.6665 25.0443 0
      vertex -25.7447 25.0018 0
    endloop
  endfacet
  facet normal -0.284356 -0.958719 0
    outer loop
      vertex -26.0765 28.1586 0
      vertex -25.9912 28.1333 3
      vertex -26.0765 28.1586 3
    endloop
  endfacet
  facet normal -0.284356 -0.958719 -0
    outer loop
      vertex -25.9912 28.1333 3
      vertex -26.0765 28.1586 0
      vertex -25.9912 28.1333 0
    endloop
  endfacet
  facet normal 0.64931 0.760524 -0
    outer loop
      vertex -27.5863 25.1954 0
      vertex -27.654 25.2532 3
      vertex -27.5863 25.1954 3
    endloop
  endfacet
  facet normal 0.64931 0.760524 0
    outer loop
      vertex -27.654 25.2532 3
      vertex -27.5863 25.1954 0
      vertex -27.654 25.2532 0
    endloop
  endfacet
  facet normal -0.608243 -0.793751 0
    outer loop
      vertex -25.5173 27.8918 0
      vertex -25.4467 27.8377 3
      vertex -25.5173 27.8918 3
    endloop
  endfacet
  facet normal -0.608243 -0.793751 -0
    outer loop
      vertex -25.4467 27.8377 3
      vertex -25.5173 27.8918 0
      vertex -25.4467 27.8377 0
    endloop
  endfacet
  facet normal -0.566577 -0.824009 0
    outer loop
      vertex -25.5906 27.9422 0
      vertex -25.5173 27.8918 3
      vertex -25.5906 27.9422 3
    endloop
  endfacet
  facet normal -0.566577 -0.824009 -0
    outer loop
      vertex -25.5173 27.8918 3
      vertex -25.5906 27.9422 0
      vertex -25.5173 27.8918 0
    endloop
  endfacet
  facet normal 0.958719 0.284356 0
    outer loop
      vertex -28.1333 25.9912 3
      vertex -28.1586 26.0765 0
      vertex -28.1586 26.0765 3
    endloop
  endfacet
  facet normal 0.958719 0.284356 0
    outer loop
      vertex -28.1586 26.0765 0
      vertex -28.1333 25.9912 3
      vertex -28.1333 25.9912 0
    endloop
  endfacet
  facet normal -0.383179 0.923674 0
    outer loop
      vertex -25.8251 24.9635 0
      vertex -25.9073 24.9294 3
      vertex -25.8251 24.9635 3
    endloop
  endfacet
  facet normal -0.383179 0.923674 0
    outer loop
      vertex -25.9073 24.9294 3
      vertex -25.8251 24.9635 0
      vertex -25.9073 24.9294 0
    endloop
  endfacet
  facet normal -0.793208 0.60895 0
    outer loop
      vertex -25.1954 25.4467 0
      vertex -25.1412 25.5173 3
      vertex -25.1412 25.5173 0
    endloop
  endfacet
  facet normal -0.793208 0.60895 0
    outer loop
      vertex -25.1412 25.5173 3
      vertex -25.1954 25.4467 0
      vertex -25.1954 25.4467 3
    endloop
  endfacet
  facet normal -0.0258341 0.999666 0
    outer loop
      vertex -26.4275 24.8188 0
      vertex -26.5165 24.8165 3
      vertex -26.4275 24.8188 3
    endloop
  endfacet
  facet normal -0.0258341 0.999666 0
    outer loop
      vertex -26.5165 24.8165 3
      vertex -26.4275 24.8188 0
      vertex -26.5165 24.8165 0
    endloop
  endfacet
  facet normal 0.382781 -0.923839 0
    outer loop
      vertex -27.208 28.0695 0
      vertex -27.1257 28.1036 3
      vertex -27.208 28.0695 3
    endloop
  endfacet
  facet normal 0.382781 -0.923839 0
    outer loop
      vertex -27.1257 28.1036 3
      vertex -27.208 28.0695 0
      vertex -27.1257 28.1036 0
    endloop
  endfacet
  facet normal -0.9969 0.0786731 0
    outer loop
      vertex -24.8258 26.3388 0
      vertex -24.8188 26.4275 3
      vertex -24.8188 26.4275 0
    endloop
  endfacet
  facet normal -0.9969 0.0786731 0
    outer loop
      vertex -24.8188 26.4275 3
      vertex -24.8258 26.3388 0
      vertex -24.8258 26.3388 3
    endloop
  endfacet
  facet normal 0.333702 -0.942679 0
    outer loop
      vertex -27.1257 28.1036 0
      vertex -27.0418 28.1333 3
      vertex -27.1257 28.1036 3
    endloop
  endfacet
  facet normal 0.333702 -0.942679 0
    outer loop
      vertex -27.0418 28.1333 3
      vertex -27.1257 28.1036 0
      vertex -27.0418 28.1333 0
    endloop
  endfacet
  facet normal 0.430501 -0.90259 0
    outer loop
      vertex -27.2883 28.0312 0
      vertex -27.208 28.0695 3
      vertex -27.2883 28.0312 3
    endloop
  endfacet
  facet normal 0.430501 -0.90259 0
    outer loop
      vertex -27.208 28.0695 3
      vertex -27.2883 28.0312 0
      vertex -27.208 28.0695 0
    endloop
  endfacet
  facet normal 0.90259 -0.430501 0
    outer loop
      vertex -28.0695 27.208 3
      vertex -28.0312 27.2883 0
      vertex -28.0312 27.2883 3
    endloop
  endfacet
  facet normal 0.90259 -0.430501 0
    outer loop
      vertex -28.0312 27.2883 0
      vertex -28.0695 27.208 3
      vertex -28.0695 27.208 0
    endloop
  endfacet
  facet normal 0.477513 -0.878625 0
    outer loop
      vertex -27.3665 27.9887 0
      vertex -27.2883 28.0312 3
      vertex -27.3665 27.9887 3
    endloop
  endfacet
  facet normal 0.477513 -0.878625 0
    outer loop
      vertex -27.2883 28.0312 3
      vertex -27.3665 27.9887 0
      vertex -27.2883 28.0312 0
    endloop
  endfacet
  facet normal -0.824009 -0.566577 0
    outer loop
      vertex -25.0908 27.4424 0
      vertex -25.1412 27.5157 3
      vertex -25.1412 27.5157 0
    endloop
  endfacet
  facet normal -0.824009 -0.566577 0
    outer loop
      vertex -25.1412 27.5157 3
      vertex -25.0908 27.4424 0
      vertex -25.0908 27.4424 3
    endloop
  endfacet
  facet normal 0.902798 0.430064 0
    outer loop
      vertex -28.0312 25.7447 3
      vertex -28.0695 25.8251 0
      vertex -28.0695 25.8251 3
    endloop
  endfacet
  facet normal 0.902798 0.430064 0
    outer loop
      vertex -28.0695 25.8251 0
      vertex -28.0312 25.7447 3
      vertex -28.0312 25.7447 0
    endloop
  endfacet
  facet normal -0.991462 -0.130396 0
    outer loop
      vertex -24.8258 26.6942 0
      vertex -24.8374 26.7824 3
      vertex -24.8374 26.7824 0
    endloop
  endfacet
  facet normal -0.991462 -0.130396 0
    outer loop
      vertex -24.8374 26.7824 3
      vertex -24.8258 26.6942 0
      vertex -24.8258 26.6942 3
    endloop
  endfacet
  facet normal -0.852698 0.522404 0
    outer loop
      vertex -25.0908 25.5906 0
      vertex -25.0443 25.6665 3
      vertex -25.0443 25.6665 0
    endloop
  endfacet
  facet normal -0.852698 0.522404 0
    outer loop
      vertex -25.0443 25.6665 3
      vertex -25.0908 25.5906 0
      vertex -25.0908 25.5906 3
    endloop
  endfacet
  facet normal -0.522404 -0.852698 0
    outer loop
      vertex -25.6665 27.9887 0
      vertex -25.5906 27.9422 3
      vertex -25.6665 27.9887 3
    endloop
  endfacet
  facet normal -0.522404 -0.852698 -0
    outer loop
      vertex -25.5906 27.9422 3
      vertex -25.6665 27.9887 0
      vertex -25.5906 27.9422 0
    endloop
  endfacet
  facet normal 0.942679 -0.333702 0
    outer loop
      vertex -28.1333 27.0418 3
      vertex -28.1036 27.1257 0
      vertex -28.1036 27.1257 3
    endloop
  endfacet
  facet normal 0.942679 -0.333702 0
    outer loop
      vertex -28.1036 27.1257 0
      vertex -28.1333 27.0418 3
      vertex -28.1333 27.0418 0
    endloop
  endfacet
  facet normal 0.824009 -0.566577 0
    outer loop
      vertex -27.9422 27.4424 3
      vertex -27.8918 27.5157 0
      vertex -27.8918 27.5157 3
    endloop
  endfacet
  facet normal 0.824009 -0.566577 0
    outer loop
      vertex -27.8918 27.5157 0
      vertex -27.9422 27.4424 3
      vertex -27.9422 27.4424 0
    endloop
  endfacet
  facet normal -0.9969 -0.0786731 0
    outer loop
      vertex -24.8188 26.6055 0
      vertex -24.8258 26.6942 3
      vertex -24.8258 26.6942 0
    endloop
  endfacet
  facet normal -0.9969 -0.0786731 0
    outer loop
      vertex -24.8258 26.6942 3
      vertex -24.8188 26.6055 0
      vertex -24.8188 26.6055 3
    endloop
  endfacet
  facet normal -0.60895 0.793208 0
    outer loop
      vertex -25.4467 25.1954 0
      vertex -25.5173 25.1412 3
      vertex -25.4467 25.1954 3
    endloop
  endfacet
  facet normal -0.60895 0.793208 0
    outer loop
      vertex -25.5173 25.1412 3
      vertex -25.4467 25.1954 0
      vertex -25.5173 25.1412 0
    endloop
  endfacet
  facet normal -0.522404 0.852698 0
    outer loop
      vertex -25.5906 25.0908 0
      vertex -25.6665 25.0443 3
      vertex -25.5906 25.0908 3
    endloop
  endfacet
  facet normal -0.522404 0.852698 0
    outer loop
      vertex -25.6665 25.0443 3
      vertex -25.5906 25.0908 0
      vertex -25.6665 25.0443 0
    endloop
  endfacet
  facet normal 0.725392 0.688336 0
    outer loop
      vertex -27.7186 25.3144 3
      vertex -27.7799 25.379 0
      vertex -27.7799 25.379 3
    endloop
  endfacet
  facet normal 0.725392 0.688336 0
    outer loop
      vertex -27.7799 25.379 0
      vertex -27.7186 25.3144 3
      vertex -27.7186 25.3144 0
    endloop
  endfacet
  facet normal 0.923674 0.383179 0
    outer loop
      vertex -28.0695 25.8251 3
      vertex -28.1036 25.9073 0
      vertex -28.1036 25.9073 3
    endloop
  endfacet
  facet normal 0.923674 0.383179 0
    outer loop
      vertex -28.1036 25.9073 0
      vertex -28.0695 25.8251 3
      vertex -28.0695 25.8251 0
    endloop
  endfacet
  facet normal -0.130396 0.991462 0
    outer loop
      vertex -26.2506 24.8374 0
      vertex -26.3388 24.8258 3
      vertex -26.2506 24.8374 3
    endloop
  endfacet
  facet normal -0.130396 0.991462 0
    outer loop
      vertex -26.3388 24.8258 3
      vertex -26.2506 24.8374 0
      vertex -26.3388 24.8258 0
    endloop
  endfacet
  facet normal -0.0786731 -0.9969 0
    outer loop
      vertex -26.4275 28.2142 0
      vertex -26.3388 28.2072 3
      vertex -26.4275 28.2142 3
    endloop
  endfacet
  facet normal -0.0786731 -0.9969 -0
    outer loop
      vertex -26.3388 28.2072 3
      vertex -26.4275 28.2142 0
      vertex -26.3388 28.2072 0
    endloop
  endfacet
  facet normal 0.608243 -0.793751 0
    outer loop
      vertex -27.5863 27.8377 0
      vertex -27.5157 27.8918 3
      vertex -27.5863 27.8377 3
    endloop
  endfacet
  facet normal 0.608243 -0.793751 0
    outer loop
      vertex -27.5157 27.8918 3
      vertex -27.5863 27.8377 0
      vertex -27.5157 27.8918 0
    endloop
  endfacet
  facet normal 0.522404 -0.852698 0
    outer loop
      vertex -27.4424 27.9422 0
      vertex -27.3665 27.9887 3
      vertex -27.4424 27.9422 3
    endloop
  endfacet
  facet normal 0.522404 -0.852698 0
    outer loop
      vertex -27.3665 27.9887 3
      vertex -27.4424 27.9422 0
      vertex -27.3665 27.9887 0
    endloop
  endfacet
  facet normal 0.983327 -0.181848 0
    outer loop
      vertex -28.1956 26.7824 3
      vertex -28.1794 26.87 0
      vertex -28.1794 26.87 3
    endloop
  endfacet
  facet normal 0.983327 -0.181848 0
    outer loop
      vertex -28.1794 26.87 0
      vertex -28.1956 26.7824 3
      vertex -28.1956 26.7824 0
    endloop
  endfacet
  facet normal 0.983289 0.182049 0
    outer loop
      vertex -28.1794 26.1631 3
      vertex -28.1956 26.2506 0
      vertex -28.1956 26.2506 3
    endloop
  endfacet
  facet normal 0.983289 0.182049 0
    outer loop
      vertex -28.1956 26.2506 0
      vertex -28.1794 26.1631 3
      vertex -28.1794 26.1631 0
    endloop
  endfacet
  facet normal -0.333702 0.942679 0
    outer loop
      vertex -25.9073 24.9294 0
      vertex -25.9912 24.8997 3
      vertex -25.9073 24.9294 3
    endloop
  endfacet
  facet normal -0.333702 0.942679 0
    outer loop
      vertex -25.9912 24.8997 3
      vertex -25.9073 24.9294 0
      vertex -25.9912 24.8997 0
    endloop
  endfacet
  facet normal 0.999666 0.0258341 0
    outer loop
      vertex -28.2142 26.4275 3
      vertex -28.2165 26.5165 0
      vertex -28.2165 26.5165 3
    endloop
  endfacet
  facet normal 0.999666 0.0258341 0
    outer loop
      vertex -28.2165 26.5165 0
      vertex -28.2142 26.4275 3
      vertex -28.2142 26.4275 0
    endloop
  endfacet
  facet normal -0.725953 -0.687745 0
    outer loop
      vertex -25.2532 27.654 0
      vertex -25.3144 27.7186 3
      vertex -25.3144 27.7186 0
    endloop
  endfacet
  facet normal -0.725953 -0.687745 0
    outer loop
      vertex -25.3144 27.7186 3
      vertex -25.2532 27.654 0
      vertex -25.2532 27.654 3
    endloop
  endfacet
  facet normal 0.824009 0.566577 0
    outer loop
      vertex -27.8918 25.5173 3
      vertex -27.9422 25.5906 0
      vertex -27.9422 25.5906 3
    endloop
  endfacet
  facet normal 0.824009 0.566577 0
    outer loop
      vertex -27.9422 25.5906 0
      vertex -27.8918 25.5173 3
      vertex -27.8918 25.5173 0
    endloop
  endfacet
  facet normal 0.566577 0.824009 -0
    outer loop
      vertex -27.4424 25.0908 0
      vertex -27.5157 25.1412 3
      vertex -27.4424 25.0908 3
    endloop
  endfacet
  facet normal 0.566577 0.824009 0
    outer loop
      vertex -27.5157 25.1412 3
      vertex -27.4424 25.0908 0
      vertex -27.5157 25.1412 0
    endloop
  endfacet
  facet normal 0.991462 0.130396 0
    outer loop
      vertex -28.1956 26.2506 3
      vertex -28.2072 26.3388 0
      vertex -28.2072 26.3388 3
    endloop
  endfacet
  facet normal 0.991462 0.130396 0
    outer loop
      vertex -28.2072 26.3388 0
      vertex -28.1956 26.2506 3
      vertex -28.1956 26.2506 0
    endloop
  endfacet
  facet normal -0.130396 -0.991462 0
    outer loop
      vertex -26.3388 28.2072 0
      vertex -26.2506 28.1956 3
      vertex -26.3388 28.2072 3
    endloop
  endfacet
  facet normal -0.130396 -0.991462 -0
    outer loop
      vertex -26.2506 28.1956 3
      vertex -26.3388 28.2072 0
      vertex -26.2506 28.1956 0
    endloop
  endfacet
  facet normal 0.760524 0.64931 0
    outer loop
      vertex -27.7799 25.379 3
      vertex -27.8377 25.4467 0
      vertex -27.8377 25.4467 3
    endloop
  endfacet
  facet normal 0.760524 0.64931 0
    outer loop
      vertex -27.8377 25.4467 0
      vertex -27.7799 25.379 3
      vertex -27.7799 25.379 0
    endloop
  endfacet
  facet normal -0.878625 -0.477513 0
    outer loop
      vertex -25.0018 27.2883 0
      vertex -25.0443 27.3665 3
      vertex -25.0443 27.3665 0
    endloop
  endfacet
  facet normal -0.878625 -0.477513 0
    outer loop
      vertex -25.0443 27.3665 3
      vertex -25.0018 27.2883 0
      vertex -25.0018 27.2883 3
    endloop
  endfacet
  facet normal -0.852698 -0.522404 0
    outer loop
      vertex -25.0443 27.3665 0
      vertex -25.0908 27.4424 3
      vertex -25.0908 27.4424 0
    endloop
  endfacet
  facet normal -0.852698 -0.522404 0
    outer loop
      vertex -25.0908 27.4424 3
      vertex -25.0443 27.3665 0
      vertex -25.0443 27.3665 3
    endloop
  endfacet
  facet normal 0.130396 -0.991462 0
    outer loop
      vertex -26.7824 28.1956 0
      vertex -26.6942 28.2072 3
      vertex -26.7824 28.1956 3
    endloop
  endfacet
  facet normal 0.130396 -0.991462 0
    outer loop
      vertex -26.6942 28.2072 3
      vertex -26.7824 28.1956 0
      vertex -26.6942 28.2072 0
    endloop
  endfacet
  facet normal -0.999666 -0.0258341 0
    outer loop
      vertex -24.8165 26.5165 0
      vertex -24.8188 26.6055 3
      vertex -24.8188 26.6055 0
    endloop
  endfacet
  facet normal -0.999666 -0.0258341 0
    outer loop
      vertex -24.8188 26.6055 3
      vertex -24.8165 26.5165 0
      vertex -24.8165 26.5165 3
    endloop
  endfacet
  facet normal -0.725953 0.687745 0
    outer loop
      vertex -25.3144 25.3144 0
      vertex -25.2532 25.379 3
      vertex -25.2532 25.379 0
    endloop
  endfacet
  facet normal -0.725953 0.687745 0
    outer loop
      vertex -25.2532 25.379 3
      vertex -25.3144 25.3144 0
      vertex -25.3144 25.3144 3
    endloop
  endfacet
  facet normal -0.972601 0.232481 0
    outer loop
      vertex -24.8744 26.0765 0
      vertex -24.8537 26.1631 3
      vertex -24.8537 26.1631 0
    endloop
  endfacet
  facet normal -0.972601 0.232481 0
    outer loop
      vertex -24.8537 26.1631 3
      vertex -24.8744 26.0765 0
      vertex -24.8744 26.0765 3
    endloop
  endfacet
  facet normal -0.958719 0.284356 0
    outer loop
      vertex -24.8997 25.9912 0
      vertex -24.8744 26.0765 3
      vertex -24.8744 26.0765 0
    endloop
  endfacet
  facet normal -0.958719 0.284356 0
    outer loop
      vertex -24.8744 26.0765 3
      vertex -24.8997 25.9912 0
      vertex -24.8997 25.9912 3
    endloop
  endfacet
  facet normal 0.688336 -0.725392 0
    outer loop
      vertex -27.7186 27.7186 0
      vertex -27.654 27.7799 3
      vertex -27.7186 27.7186 3
    endloop
  endfacet
  facet normal 0.688336 -0.725392 0
    outer loop
      vertex -27.654 27.7799 3
      vertex -27.7186 27.7186 0
      vertex -27.654 27.7799 0
    endloop
  endfacet
  facet normal 0.233798 -0.972285 0
    outer loop
      vertex -26.9565 28.1586 0
      vertex -26.87 28.1794 3
      vertex -26.9565 28.1586 3
    endloop
  endfacet
  facet normal 0.233798 -0.972285 0
    outer loop
      vertex -26.87 28.1794 3
      vertex -26.9565 28.1586 0
      vertex -26.87 28.1794 0
    endloop
  endfacet
  facet normal -0.0786731 0.9969 0
    outer loop
      vertex -26.3388 24.8258 0
      vertex -26.4275 24.8188 3
      vertex -26.3388 24.8258 3
    endloop
  endfacet
  facet normal -0.0786731 0.9969 0
    outer loop
      vertex -26.4275 24.8188 3
      vertex -26.3388 24.8258 0
      vertex -26.4275 24.8188 0
    endloop
  endfacet
  facet normal -0.233543 -0.972347 0
    outer loop
      vertex -26.1631 28.1794 0
      vertex -26.0765 28.1586 3
      vertex -26.1631 28.1794 3
    endloop
  endfacet
  facet normal -0.233543 -0.972347 -0
    outer loop
      vertex -26.0765 28.1586 3
      vertex -26.1631 28.1794 0
      vertex -26.0765 28.1586 0
    endloop
  endfacet
  facet normal -0.182049 -0.983289 0
    outer loop
      vertex -26.2506 28.1956 0
      vertex -26.1631 28.1794 3
      vertex -26.2506 28.1956 3
    endloop
  endfacet
  facet normal -0.182049 -0.983289 -0
    outer loop
      vertex -26.1631 28.1794 3
      vertex -26.2506 28.1956 0
      vertex -26.1631 28.1794 0
    endloop
  endfacet
  facet normal -0.232481 0.972601 0
    outer loop
      vertex -26.0765 24.8744 0
      vertex -26.1631 24.8537 3
      vertex -26.0765 24.8744 3
    endloop
  endfacet
  facet normal -0.232481 0.972601 0
    outer loop
      vertex -26.1631 24.8537 3
      vertex -26.0765 24.8744 0
      vertex -26.1631 24.8537 0
    endloop
  endfacet
  facet normal -0.430064 -0.902798 0
    outer loop
      vertex -25.8251 28.0695 0
      vertex -25.7447 28.0312 3
      vertex -25.8251 28.0695 3
    endloop
  endfacet
  facet normal -0.430064 -0.902798 -0
    outer loop
      vertex -25.7447 28.0312 3
      vertex -25.8251 28.0695 0
      vertex -25.7447 28.0312 0
    endloop
  endfacet
  facet normal -0.942679 -0.333702 0
    outer loop
      vertex -24.8997 27.0418 0
      vertex -24.9294 27.1257 3
      vertex -24.9294 27.1257 0
    endloop
  endfacet
  facet normal -0.942679 -0.333702 0
    outer loop
      vertex -24.9294 27.1257 3
      vertex -24.8997 27.0418 0
      vertex -24.8997 27.0418 3
    endloop
  endfacet
  facet normal 0.852698 0.522404 0
    outer loop
      vertex -27.9422 25.5906 3
      vertex -27.9887 25.6665 0
      vertex -27.9887 25.6665 3
    endloop
  endfacet
  facet normal 0.852698 0.522404 0
    outer loop
      vertex -27.9887 25.6665 0
      vertex -27.9422 25.5906 3
      vertex -27.9422 25.5906 0
    endloop
  endfacet
  facet normal -0.284356 0.958719 0
    outer loop
      vertex -25.9912 24.8997 0
      vertex -26.0765 24.8744 3
      vertex -25.9912 24.8997 3
    endloop
  endfacet
  facet normal -0.284356 0.958719 0
    outer loop
      vertex -26.0765 24.8744 3
      vertex -25.9912 24.8997 0
      vertex -26.0765 24.8744 0
    endloop
  endfacet
  facet normal -0.923674 0.383179 0
    outer loop
      vertex -24.9635 25.8251 0
      vertex -24.9294 25.9073 3
      vertex -24.9294 25.9073 0
    endloop
  endfacet
  facet normal -0.923674 0.383179 0
    outer loop
      vertex -24.9294 25.9073 3
      vertex -24.9635 25.8251 0
      vertex -24.9635 25.8251 3
    endloop
  endfacet
  facet normal 0.991462 -0.130396 0
    outer loop
      vertex -28.2072 26.6942 3
      vertex -28.1956 26.7824 0
      vertex -28.1956 26.7824 3
    endloop
  endfacet
  facet normal 0.991462 -0.130396 0
    outer loop
      vertex -28.1956 26.7824 0
      vertex -28.2072 26.6942 3
      vertex -28.2072 26.6942 0
    endloop
  endfacet
  facet normal -0.760524 -0.64931 0
    outer loop
      vertex -25.1954 27.5863 0
      vertex -25.2532 27.654 3
      vertex -25.2532 27.654 0
    endloop
  endfacet
  facet normal -0.760524 -0.64931 0
    outer loop
      vertex -25.2532 27.654 3
      vertex -25.1954 27.5863 0
      vertex -25.1954 27.5863 3
    endloop
  endfacet
  facet normal 0.878625 0.477513 0
    outer loop
      vertex -27.9887 25.6665 3
      vertex -28.0312 25.7447 0
      vertex -28.0312 25.7447 3
    endloop
  endfacet
  facet normal 0.878625 0.477513 0
    outer loop
      vertex -28.0312 25.7447 0
      vertex -27.9887 25.6665 3
      vertex -27.9887 25.6665 0
    endloop
  endfacet
  facet normal 0.0258341 -0.999666 0
    outer loop
      vertex -26.6055 28.2142 0
      vertex -26.5165 28.2165 3
      vertex -26.6055 28.2142 3
    endloop
  endfacet
  facet normal 0.0258341 -0.999666 0
    outer loop
      vertex -26.5165 28.2165 3
      vertex -26.6055 28.2142 0
      vertex -26.5165 28.2165 0
    endloop
  endfacet
  facet normal -0.0258341 -0.999666 0
    outer loop
      vertex -26.5165 28.2165 0
      vertex -26.4275 28.2142 3
      vertex -26.5165 28.2165 3
    endloop
  endfacet
  facet normal -0.0258341 -0.999666 -0
    outer loop
      vertex -26.4275 28.2142 3
      vertex -26.5165 28.2165 0
      vertex -26.4275 28.2142 0
    endloop
  endfacet
  facet normal 0.284356 0.958719 -0
    outer loop
      vertex -26.9565 24.8744 0
      vertex -27.0418 24.8997 3
      vertex -26.9565 24.8744 3
    endloop
  endfacet
  facet normal 0.284356 0.958719 0
    outer loop
      vertex -27.0418 24.8997 3
      vertex -26.9565 24.8744 0
      vertex -27.0418 24.8997 0
    endloop
  endfacet
  facet normal 0.232735 0.97254 -0
    outer loop
      vertex -26.87 24.8537 0
      vertex -26.9565 24.8744 3
      vertex -26.87 24.8537 3
    endloop
  endfacet
  facet normal 0.232735 0.97254 0
    outer loop
      vertex -26.9565 24.8744 3
      vertex -26.87 24.8537 0
      vertex -26.9565 24.8744 0
    endloop
  endfacet
  facet normal 0.130396 0.991462 -0
    outer loop
      vertex -26.6942 24.8258 0
      vertex -26.7824 24.8374 3
      vertex -26.6942 24.8258 3
    endloop
  endfacet
  facet normal 0.130396 0.991462 0
    outer loop
      vertex -26.7824 24.8374 3
      vertex -26.6942 24.8258 0
      vertex -26.7824 24.8374 0
    endloop
  endfacet
  facet normal -0.183135 0.983088 0
    outer loop
      vertex -26.1631 24.8537 0
      vertex -26.2506 24.8374 3
      vertex -26.1631 24.8537 3
    endloop
  endfacet
  facet normal -0.183135 0.983088 0
    outer loop
      vertex -26.2506 24.8374 3
      vertex -26.1631 24.8537 0
      vertex -26.2506 24.8374 0
    endloop
  endfacet
  facet normal -0.566577 0.824009 0
    outer loop
      vertex -25.5173 25.1412 0
      vertex -25.5906 25.0908 3
      vertex -25.5173 25.1412 3
    endloop
  endfacet
  facet normal -0.566577 0.824009 0
    outer loop
      vertex -25.5906 25.0908 3
      vertex -25.5173 25.1412 0
      vertex -25.5906 25.0908 0
    endloop
  endfacet
  facet normal 0.382781 0.923839 -0
    outer loop
      vertex -27.1257 24.9294 0
      vertex -27.208 24.9635 3
      vertex -27.1257 24.9294 3
    endloop
  endfacet
  facet normal 0.382781 0.923839 0
    outer loop
      vertex -27.208 24.9635 3
      vertex -27.1257 24.9294 0
      vertex -27.208 24.9635 0
    endloop
  endfacet
  facet normal -0.383179 -0.923674 0
    outer loop
      vertex -25.9073 28.1036 0
      vertex -25.8251 28.0695 3
      vertex -25.9073 28.1036 3
    endloop
  endfacet
  facet normal -0.383179 -0.923674 -0
    outer loop
      vertex -25.8251 28.0695 3
      vertex -25.9073 28.1036 0
      vertex -25.8251 28.0695 0
    endloop
  endfacet
  facet normal -0.923839 -0.382781 0
    outer loop
      vertex -24.9294 27.1257 0
      vertex -24.9635 27.208 3
      vertex -24.9635 27.208 0
    endloop
  endfacet
  facet normal -0.923839 -0.382781 0
    outer loop
      vertex -24.9635 27.208 3
      vertex -24.9294 27.1257 0
      vertex -24.9294 27.1257 3
    endloop
  endfacet
  facet normal -0.942679 0.333702 0
    outer loop
      vertex -24.9294 25.9073 0
      vertex -24.8997 25.9912 3
      vertex -24.8997 25.9912 0
    endloop
  endfacet
  facet normal -0.942679 0.333702 0
    outer loop
      vertex -24.8997 25.9912 3
      vertex -24.9294 25.9073 0
      vertex -24.9294 25.9073 3
    endloop
  endfacet
  facet normal -0.983125 -0.182933 0
    outer loop
      vertex -24.8374 26.7824 0
      vertex -24.8537 26.87 3
      vertex -24.8537 26.87 0
    endloop
  endfacet
  facet normal -0.983125 -0.182933 0
    outer loop
      vertex -24.8537 26.87 3
      vertex -24.8374 26.7824 0
      vertex -24.8374 26.7824 3
    endloop
  endfacet
  facet normal 0.760458 -0.649387 0
    outer loop
      vertex -29.0422 28.5618 5
      vertex -28.9317 28.6912 3
      vertex -28.9317 28.6912 5
    endloop
  endfacet
  facet normal 0.760458 -0.649387 0
    outer loop
      vertex -28.9317 28.6912 3
      vertex -29.0422 28.5618 5
      vertex -29.0422 28.5618 3
    endloop
  endfacet
  facet normal 0.725381 -0.688348 0
    outer loop
      vertex -28.9317 28.6912 5
      vertex -28.8146 28.8146 3
      vertex -28.8146 28.8146 5
    endloop
  endfacet
  facet normal 0.725381 -0.688348 0
    outer loop
      vertex -28.8146 28.8146 3
      vertex -28.9317 28.6912 5
      vertex -28.9317 28.6912 3
    endloop
  endfacet
  facet normal 0.793323 -0.608802 0
    outer loop
      vertex -29.1458 28.4268 5
      vertex -29.0422 28.5618 3
      vertex -29.0422 28.5618 5
    endloop
  endfacet
  facet normal 0.793323 -0.608802 0
    outer loop
      vertex -29.0422 28.5618 3
      vertex -29.1458 28.4268 5
      vertex -29.1458 28.4268 3
    endloop
  endfacet
  facet normal -0.180473 -0.98358 0
    outer loop
      vertex -25.9972 29.7245 3
      vertex -26.0081 29.7265 5
      vertex -26.0081 29.7265 3
    endloop
  endfacet
  facet normal -0.182194 -0.983263 -9.69745e-06
    outer loop
      vertex -26.0081 29.7265 5
      vertex -25.9972 29.7245 3
      vertex -25.8408 29.6955 5
    endloop
  endfacet
  facet normal -0.182314 -0.98324 -0
    outer loop
      vertex -25.8408 29.6955 5
      vertex -25.9972 29.7245 3
      vertex -25.8408 29.6955 3
    endloop
  endfacet
  facet normal -0.90273 0.430207 0
    outer loop
      vertex -23.6207 25.041 3
      vertex -23.5475 25.1946 5
      vertex -23.5475 25.1946 3
    endloop
  endfacet
  facet normal -0.90273 0.430207 0
    outer loop
      vertex -23.5475 25.1946 5
      vertex -23.6207 25.041 3
      vertex -23.6207 25.041 5
    endloop
  endfacet
  facet normal 0.688348 0.725381 -0
    outer loop
      vertex -28.6912 24.1013 3
      vertex -28.8146 24.2184 5
      vertex -28.6912 24.1013 5
    endloop
  endfacet
  facet normal 0.688348 0.725381 0
    outer loop
      vertex -28.8146 24.2184 5
      vertex -28.6912 24.1013 3
      vertex -28.8146 24.2184 3
    endloop
  endfacet
  facet normal -0.649387 0.760458 0
    outer loop
      vertex -24.3418 24.1013 3
      vertex -24.4712 23.9908 5
      vertex -24.3418 24.1013 5
    endloop
  endfacet
  facet normal -0.649387 0.760458 0
    outer loop
      vertex -24.4712 23.9908 5
      vertex -24.3418 24.1013 3
      vertex -24.4712 23.9908 3
    endloop
  endfacet
  facet normal 0.284489 -0.958679 0
    outer loop
      vertex -27.5208 29.6074 3
      vertex -27.3577 29.6558 5
      vertex -27.5208 29.6074 5
    endloop
  endfacet
  facet normal 0.284489 -0.958679 0
    outer loop
      vertex -27.3577 29.6558 5
      vertex -27.5208 29.6074 3
      vertex -27.3577 29.6558 3
    endloop
  endfacet
  facet normal 0.793323 0.608802 0
    outer loop
      vertex -29.0422 24.4712 5
      vertex -29.1458 24.6062 3
      vertex -29.1458 24.6062 5
    endloop
  endfacet
  facet normal 0.793323 0.608802 0
    outer loop
      vertex -29.1458 24.6062 3
      vertex -29.0422 24.4712 5
      vertex -29.0422 24.4712 3
    endloop
  endfacet
  facet normal -0.522424 0.852686 0
    outer loop
      vertex -24.7464 23.7908 3
      vertex -24.8915 23.7019 5
      vertex -24.7464 23.7908 5
    endloop
  endfacet
  facet normal -0.522424 0.852686 0
    outer loop
      vertex -24.8915 23.7019 5
      vertex -24.7464 23.7908 3
      vertex -24.8915 23.7019 3
    endloop
  endfacet
  facet normal 0.98358 0.180473 0
    outer loop
      vertex -29.7265 26.0081 5
      vertex -29.7245 25.9972 3
      vertex -29.7265 26.0081 3
    endloop
  endfacet
  facet normal 0.983263 0.182194 -9.69745e-06
    outer loop
      vertex -29.6955 25.8408 5
      vertex -29.7245 25.9972 3
      vertex -29.7265 26.0081 5
    endloop
  endfacet
  facet normal 0.98324 0.182314 0
    outer loop
      vertex -29.7245 25.9972 3
      vertex -29.6955 25.8408 5
      vertex -29.6955 25.8408 3
    endloop
  endfacet
  facet normal 0.233262 0.972414 -0
    outer loop
      vertex -27.1922 23.3375 3
      vertex -27.3577 23.3772 5
      vertex -27.1922 23.3375 5
    endloop
  endfacet
  facet normal 0.233262 0.972414 0
    outer loop
      vertex -27.3577 23.3772 5
      vertex -27.1922 23.3375 3
      vertex -27.3577 23.3772 3
    endloop
  endfacet
  facet normal -0.608802 -0.793323 0
    outer loop
      vertex -24.6062 29.1458 3
      vertex -24.4712 29.0422 5
      vertex -24.6062 29.1458 5
    endloop
  endfacet
  facet normal -0.608802 -0.793323 -0
    outer loop
      vertex -24.4712 29.0422 5
      vertex -24.6062 29.1458 3
      vertex -24.4712 29.0422 3
    endloop
  endfacet
  facet normal 0.522424 -0.852686 0
    outer loop
      vertex -28.2866 29.2422 3
      vertex -28.1415 29.3311 5
      vertex -28.2866 29.2422 5
    endloop
  endfacet
  facet normal 0.522424 -0.852686 0
    outer loop
      vertex -28.1415 29.3311 5
      vertex -28.2866 29.2422 3
      vertex -28.1415 29.3311 3
    endloop
  endfacet
  facet normal -0.991452 -0.13047 0
    outer loop
      vertex -23.2843 26.8562 3
      vertex -23.3065 27.0249 5
      vertex -23.3065 27.0249 3
    endloop
  endfacet
  facet normal -0.991452 -0.13047 0
    outer loop
      vertex -23.3065 27.0249 5
      vertex -23.2843 26.8562 3
      vertex -23.2843 26.8562 5
    endloop
  endfacet
  facet normal 0.958679 0.284489 0
    outer loop
      vertex -29.6074 25.5122 5
      vertex -29.6558 25.6753 3
      vertex -29.6558 25.6753 5
    endloop
  endfacet
  facet normal 0.958679 0.284489 0
    outer loop
      vertex -29.6558 25.6753 3
      vertex -29.6074 25.5122 5
      vertex -29.6074 25.5122 3
    endloop
  endfacet
  facet normal 0.972414 0.233262 0
    outer loop
      vertex -29.6558 25.6753 5
      vertex -29.6955 25.8408 3
      vertex -29.6955 25.8408 5
    endloop
  endfacet
  facet normal 0.972414 0.233262 0
    outer loop
      vertex -29.6955 25.8408 3
      vertex -29.6558 25.6753 5
      vertex -29.6558 25.6753 3
    endloop
  endfacet
  facet normal 0.991452 0.13047 0
    outer loop
      vertex -29.7265 26.0081 5
      vertex -29.7487 26.1768 3
      vertex -29.7487 26.1768 5
    endloop
  endfacet
  facet normal 0.991452 0.13047 0
    outer loop
      vertex -29.7487 26.1768 3
      vertex -29.7265 26.0081 5
      vertex -29.7265 26.0081 3
    endloop
  endfacet
  facet normal 0.0264458 0.99965 -0
    outer loop
      vertex -26.5165 23.2665 3
      vertex -26.6866 23.271 5
      vertex -26.5165 23.2665 5
    endloop
  endfacet
  facet normal 0.0264458 0.99965 0
    outer loop
      vertex -26.6866 23.271 5
      vertex -26.5165 23.2665 3
      vertex -26.6866 23.271 3
    endloop
  endfacet
  facet normal -0.430207 -0.90273 0
    outer loop
      vertex -25.1946 29.4855 3
      vertex -25.041 29.4123 5
      vertex -25.1946 29.4855 5
    endloop
  endfacet
  facet normal -0.430207 -0.90273 -0
    outer loop
      vertex -25.041 29.4123 5
      vertex -25.1946 29.4855 3
      vertex -25.041 29.4123 3
    endloop
  endfacet
  facet normal -0.688348 -0.725381 0
    outer loop
      vertex -24.3418 28.9317 3
      vertex -24.2184 28.8146 5
      vertex -24.3418 28.9317 5
    endloop
  endfacet
  facet normal -0.688348 -0.725381 -0
    outer loop
      vertex -24.2184 28.8146 5
      vertex -24.3418 28.9317 3
      vertex -24.2184 28.8146 3
    endloop
  endfacet
  facet normal -0.793323 0.608802 0
    outer loop
      vertex -23.9908 24.4712 3
      vertex -23.8872 24.6062 5
      vertex -23.8872 24.6062 3
    endloop
  endfacet
  facet normal -0.793323 0.608802 0
    outer loop
      vertex -23.8872 24.6062 5
      vertex -23.9908 24.4712 3
      vertex -23.9908 24.4712 5
    endloop
  endfacet
  facet normal 0.477286 -0.878748 0
    outer loop
      vertex -28.1415 29.3311 3
      vertex -27.992 29.4123 5
      vertex -28.1415 29.3311 5
    endloop
  endfacet
  facet normal 0.477286 -0.878748 0
    outer loop
      vertex -27.992 29.4123 5
      vertex -28.1415 29.3311 3
      vertex -27.992 29.4123 3
    endloop
  endfacet
  facet normal 0.0258585 -0.999666 0
    outer loop
      vertex -26.6866 29.7621 3
      vertex -26.5165 29.7665 5
      vertex -26.6866 29.7621 5
    endloop
  endfacet
  facet normal 0.0258585 -0.999666 0
    outer loop
      vertex -26.5165 29.7665 5
      vertex -26.6866 29.7621 3
      vertex -26.5165 29.7665 3
    endloop
  endfacet
  facet normal 0.923909 -0.382611 0
    outer loop
      vertex -29.5506 27.6812 5
      vertex -29.4855 27.8384 3
      vertex -29.4855 27.8384 5
    endloop
  endfacet
  facet normal 0.923909 -0.382611 0
    outer loop
      vertex -29.4855 27.8384 3
      vertex -29.5506 27.6812 5
      vertex -29.5506 27.6812 3
    endloop
  endfacet
  facet normal 0.688348 -0.725381 0
    outer loop
      vertex -28.8146 28.8146 3
      vertex -28.6912 28.9317 5
      vertex -28.8146 28.8146 5
    endloop
  endfacet
  facet normal 0.688348 -0.725381 0
    outer loop
      vertex -28.6912 28.9317 5
      vertex -28.8146 28.8146 3
      vertex -28.6912 28.9317 3
    endloop
  endfacet
  facet normal 0.13047 -0.991452 0
    outer loop
      vertex -27.0249 29.7265 3
      vertex -26.8562 29.7487 5
      vertex -27.0249 29.7265 5
    endloop
  endfacet
  facet normal 0.13047 -0.991452 0
    outer loop
      vertex -26.8562 29.7487 5
      vertex -27.0249 29.7265 3
      vertex -26.8562 29.7487 3
    endloop
  endfacet
  facet normal -0.972414 -0.233262 0
    outer loop
      vertex -23.3375 27.1922 3
      vertex -23.3772 27.3577 5
      vertex -23.3772 27.3577 3
    endloop
  endfacet
  facet normal -0.972414 -0.233262 0
    outer loop
      vertex -23.3772 27.3577 5
      vertex -23.3375 27.1922 3
      vertex -23.3375 27.1922 5
    endloop
  endfacet
  facet normal -0.725381 0.688348 0
    outer loop
      vertex -24.2184 24.2184 3
      vertex -24.1013 24.3418 5
      vertex -24.1013 24.3418 3
    endloop
  endfacet
  facet normal -0.725381 0.688348 0
    outer loop
      vertex -24.1013 24.3418 5
      vertex -24.2184 24.2184 3
      vertex -24.2184 24.2184 5
    endloop
  endfacet
  facet normal 0.996893 0.078764 0
    outer loop
      vertex -29.7487 26.1768 5
      vertex -29.7621 26.3464 3
      vertex -29.7621 26.3464 5
    endloop
  endfacet
  facet normal 0.996893 0.078764 0
    outer loop
      vertex -29.7621 26.3464 3
      vertex -29.7487 26.1768 5
      vertex -29.7487 26.1768 3
    endloop
  endfacet
  facet normal 0.972414 -0.233262 0
    outer loop
      vertex -29.6955 27.1922 5
      vertex -29.6558 27.3577 3
      vertex -29.6558 27.3577 5
    endloop
  endfacet
  facet normal 0.972414 -0.233262 0
    outer loop
      vertex -29.6558 27.3577 3
      vertex -29.6955 27.1922 5
      vertex -29.6955 27.1922 3
    endloop
  endfacet
  facet normal 0.233262 -0.972414 0
    outer loop
      vertex -27.3577 29.6558 3
      vertex -27.1922 29.6955 5
      vertex -27.3577 29.6558 5
    endloop
  endfacet
  facet normal 0.233262 -0.972414 0
    outer loop
      vertex -27.1922 29.6955 5
      vertex -27.3577 29.6558 3
      vertex -27.1922 29.6955 3
    endloop
  endfacet
  facet normal 0.430207 -0.90273 0
    outer loop
      vertex -27.992 29.4123 3
      vertex -27.8384 29.4855 5
      vertex -27.992 29.4123 5
    endloop
  endfacet
  facet normal 0.430207 -0.90273 0
    outer loop
      vertex -27.8384 29.4855 5
      vertex -27.992 29.4123 3
      vertex -27.8384 29.4855 3
    endloop
  endfacet
  facet normal 0.958679 -0.284489 0
    outer loop
      vertex -29.6558 27.3577 5
      vertex -29.6074 27.5208 3
      vertex -29.6074 27.5208 5
    endloop
  endfacet
  facet normal 0.958679 -0.284489 0
    outer loop
      vertex -29.6074 27.5208 3
      vertex -29.6558 27.3577 5
      vertex -29.6558 27.3577 3
    endloop
  endfacet
  facet normal 0.878748 0.477286 0
    outer loop
      vertex -29.3311 24.8915 5
      vertex -29.4123 25.041 3
      vertex -29.4123 25.041 5
    endloop
  endfacet
  facet normal 0.878748 0.477286 0
    outer loop
      vertex -29.4123 25.041 3
      vertex -29.3311 24.8915 5
      vertex -29.3311 24.8915 3
    endloop
  endfacet
  facet normal 0.878748 -0.477286 0
    outer loop
      vertex -29.4123 27.992 5
      vertex -29.3311 28.1415 3
      vertex -29.3311 28.1415 5
    endloop
  endfacet
  facet normal 0.878748 -0.477286 0
    outer loop
      vertex -29.3311 28.1415 3
      vertex -29.4123 27.992 5
      vertex -29.4123 27.992 3
    endloop
  endfacet
  facet normal 0.852686 0.522424 0
    outer loop
      vertex -29.2422 24.7464 5
      vertex -29.3311 24.8915 3
      vertex -29.3311 24.8915 5
    endloop
  endfacet
  facet normal 0.852686 0.522424 0
    outer loop
      vertex -29.3311 24.8915 3
      vertex -29.2422 24.7464 5
      vertex -29.2422 24.7464 3
    endloop
  endfacet
  facet normal 0.477286 0.878748 -0
    outer loop
      vertex -27.992 23.6207 3
      vertex -28.1415 23.7019 5
      vertex -27.992 23.6207 5
    endloop
  endfacet
  facet normal 0.477286 0.878748 0
    outer loop
      vertex -28.1415 23.7019 5
      vertex -27.992 23.6207 3
      vertex -28.1415 23.7019 3
    endloop
  endfacet
  facet normal 0.382611 -0.923909 0
    outer loop
      vertex -27.8384 29.4855 3
      vertex -27.6812 29.5506 5
      vertex -27.8384 29.4855 5
    endloop
  endfacet
  facet normal 0.382611 -0.923909 0
    outer loop
      vertex -27.6812 29.5506 5
      vertex -27.8384 29.4855 3
      vertex -27.6812 29.5506 3
    endloop
  endfacet
  facet normal 0.725381 0.688348 0
    outer loop
      vertex -28.8146 24.2184 5
      vertex -28.9317 24.3418 3
      vertex -28.9317 24.3418 5
    endloop
  endfacet
  facet normal 0.725381 0.688348 0
    outer loop
      vertex -28.9317 24.3418 3
      vertex -28.8146 24.2184 5
      vertex -28.8146 24.2184 3
    endloop
  endfacet
  facet normal 0.942643 -0.333804 0
    outer loop
      vertex -29.6074 27.5208 5
      vertex -29.5506 27.6812 3
      vertex -29.5506 27.6812 5
    endloop
  endfacet
  facet normal 0.942643 -0.333804 0
    outer loop
      vertex -29.5506 27.6812 3
      vertex -29.6074 27.5208 5
      vertex -29.6074 27.5208 3
    endloop
  endfacet
  facet normal -0.13047 -0.991452 0
    outer loop
      vertex -26.1768 29.7487 3
      vertex -26.0081 29.7265 5
      vertex -26.1768 29.7487 5
    endloop
  endfacet
  facet normal -0.13047 -0.991452 -0
    outer loop
      vertex -26.0081 29.7265 5
      vertex -26.1768 29.7487 3
      vertex -26.0081 29.7265 3
    endloop
  endfacet
  facet normal -0.878748 0.477286 0
    outer loop
      vertex -23.7019 24.8915 3
      vertex -23.6207 25.041 5
      vertex -23.6207 25.041 3
    endloop
  endfacet
  facet normal -0.878748 0.477286 0
    outer loop
      vertex -23.6207 25.041 5
      vertex -23.7019 24.8915 3
      vertex -23.7019 24.8915 5
    endloop
  endfacet
  facet normal 0.90273 -0.430207 0
    outer loop
      vertex -29.4855 27.8384 5
      vertex -29.4123 27.992 3
      vertex -29.4123 27.992 5
    endloop
  endfacet
  facet normal 0.90273 -0.430207 0
    outer loop
      vertex -29.4123 27.992 3
      vertex -29.4855 27.8384 5
      vertex -29.4855 27.8384 3
    endloop
  endfacet
  facet normal -0.793323 -0.608802 0
    outer loop
      vertex -23.8872 28.4268 3
      vertex -23.9908 28.5618 5
      vertex -23.9908 28.5618 3
    endloop
  endfacet
  facet normal -0.793323 -0.608802 0
    outer loop
      vertex -23.9908 28.5618 5
      vertex -23.8872 28.4268 3
      vertex -23.8872 28.4268 5
    endloop
  endfacet
  facet normal -0.0258585 -0.999666 0
    outer loop
      vertex -26.5165 29.7665 3
      vertex -26.3464 29.7621 5
      vertex -26.5165 29.7665 5
    endloop
  endfacet
  facet normal -0.0258585 -0.999666 -0
    outer loop
      vertex -26.3464 29.7621 5
      vertex -26.5165 29.7665 3
      vertex -26.3464 29.7621 3
    endloop
  endfacet
  facet normal 0.608802 -0.793323 0
    outer loop
      vertex -28.5618 29.0422 3
      vertex -28.4268 29.1458 5
      vertex -28.5618 29.0422 5
    endloop
  endfacet
  facet normal 0.608802 -0.793323 0
    outer loop
      vertex -28.4268 29.1458 5
      vertex -28.5618 29.0422 3
      vertex -28.4268 29.1458 3
    endloop
  endfacet
  facet normal -0.99965 0.0264458 0
    outer loop
      vertex -23.271 26.3464 3
      vertex -23.2665 26.5165 5
      vertex -23.2665 26.5165 3
    endloop
  endfacet
  facet normal -0.99965 0.0264458 0
    outer loop
      vertex -23.2665 26.5165 5
      vertex -23.271 26.3464 3
      vertex -23.271 26.3464 5
    endloop
  endfacet
  facet normal -0.824008 -0.566579 0
    outer loop
      vertex -23.7908 28.2866 3
      vertex -23.8872 28.4268 5
      vertex -23.8872 28.4268 3
    endloop
  endfacet
  facet normal -0.824008 -0.566579 0
    outer loop
      vertex -23.8872 28.4268 5
      vertex -23.7908 28.2866 3
      vertex -23.7908 28.2866 5
    endloop
  endfacet
  facet normal 0.996893 -0.078764 0
    outer loop
      vertex -29.7621 26.6866 5
      vertex -29.7487 26.8562 3
      vertex -29.7487 26.8562 5
    endloop
  endfacet
  facet normal 0.996893 -0.078764 0
    outer loop
      vertex -29.7487 26.8562 3
      vertex -29.7621 26.6866 5
      vertex -29.7621 26.6866 3
    endloop
  endfacet
  facet normal -0.983263 0.182194 0
    outer loop
      vertex -23.3375 25.8408 3
      vertex -23.3065 26.0081 5
      vertex -23.3065 26.0081 3
    endloop
  endfacet
  facet normal -0.983263 0.182194 0
    outer loop
      vertex -23.3065 26.0081 5
      vertex -23.3375 25.8408 3
      vertex -23.3375 25.8408 5
    endloop
  endfacet
  facet normal -0.608802 0.793323 0
    outer loop
      vertex -24.4712 23.9908 3
      vertex -24.6062 23.8872 5
      vertex -24.4712 23.9908 5
    endloop
  endfacet
  facet normal -0.608802 0.793323 0
    outer loop
      vertex -24.6062 23.8872 5
      vertex -24.4712 23.9908 3
      vertex -24.6062 23.8872 3
    endloop
  endfacet
  facet normal 0.649387 0.760458 -0
    outer loop
      vertex -28.5618 23.9908 3
      vertex -28.6912 24.1013 5
      vertex -28.5618 23.9908 5
    endloop
  endfacet
  facet normal 0.649387 0.760458 0
    outer loop
      vertex -28.6912 24.1013 5
      vertex -28.5618 23.9908 3
      vertex -28.6912 24.1013 3
    endloop
  endfacet
  facet normal -0.90273 -0.430207 0
    outer loop
      vertex -23.5475 27.8384 3
      vertex -23.6207 27.992 5
      vertex -23.6207 27.992 3
    endloop
  endfacet
  facet normal -0.90273 -0.430207 0
    outer loop
      vertex -23.6207 27.992 5
      vertex -23.5475 27.8384 3
      vertex -23.5475 27.8384 5
    endloop
  endfacet
  facet normal 0.078764 -0.996893 0
    outer loop
      vertex -26.8562 29.7487 3
      vertex -26.6866 29.7621 5
      vertex -26.8562 29.7487 5
    endloop
  endfacet
  facet normal 0.078764 -0.996893 0
    outer loop
      vertex -26.6866 29.7621 5
      vertex -26.8562 29.7487 3
      vertex -26.6866 29.7621 3
    endloop
  endfacet
  facet normal -0.996939 0.0781798 0
    outer loop
      vertex -23.2843 26.1768 3
      vertex -23.271 26.3464 5
      vertex -23.271 26.3464 3
    endloop
  endfacet
  facet normal -0.996939 0.0781798 0
    outer loop
      vertex -23.271 26.3464 5
      vertex -23.2843 26.1768 3
      vertex -23.2843 26.1768 5
    endloop
  endfacet
  facet normal -0.333804 0.942643 0
    outer loop
      vertex -25.3518 23.4824 3
      vertex -25.5122 23.4256 5
      vertex -25.3518 23.4824 5
    endloop
  endfacet
  facet normal -0.333804 0.942643 0
    outer loop
      vertex -25.5122 23.4256 5
      vertex -25.3518 23.4824 3
      vertex -25.5122 23.4256 3
    endloop
  endfacet
  facet normal -0.649387 -0.760458 0
    outer loop
      vertex -24.4712 29.0422 3
      vertex -24.3418 28.9317 5
      vertex -24.4712 29.0422 5
    endloop
  endfacet
  facet normal -0.649387 -0.760458 -0
    outer loop
      vertex -24.3418 28.9317 5
      vertex -24.4712 29.0422 3
      vertex -24.3418 28.9317 3
    endloop
  endfacet
  facet normal -0.233262 0.972414 0
    outer loop
      vertex -25.6753 23.3772 3
      vertex -25.8408 23.3375 5
      vertex -25.6753 23.3772 5
    endloop
  endfacet
  facet normal -0.233262 0.972414 0
    outer loop
      vertex -25.8408 23.3375 5
      vertex -25.6753 23.3772 3
      vertex -25.8408 23.3375 3
    endloop
  endfacet
  facet normal -0.078764 -0.996893 0
    outer loop
      vertex -26.3464 29.7621 3
      vertex -26.1768 29.7487 5
      vertex -26.3464 29.7621 5
    endloop
  endfacet
  facet normal -0.078764 -0.996893 -0
    outer loop
      vertex -26.1768 29.7487 5
      vertex -26.3464 29.7621 3
      vertex -26.1768 29.7487 3
    endloop
  endfacet
  facet normal 0.923909 0.382611 0
    outer loop
      vertex -29.4855 25.1946 5
      vertex -29.5506 25.3518 3
      vertex -29.5506 25.3518 5
    endloop
  endfacet
  facet normal 0.923909 0.382611 0
    outer loop
      vertex -29.5506 25.3518 3
      vertex -29.4855 25.1946 5
      vertex -29.4855 25.1946 3
    endloop
  endfacet
  facet normal -0.477286 0.878748 0
    outer loop
      vertex -24.8915 23.7019 3
      vertex -25.041 23.6207 5
      vertex -24.8915 23.7019 5
    endloop
  endfacet
  facet normal -0.477286 0.878748 0
    outer loop
      vertex -25.041 23.6207 5
      vertex -24.8915 23.7019 3
      vertex -25.041 23.6207 3
    endloop
  endfacet
  facet normal 0.942643 0.333804 0
    outer loop
      vertex -29.5506 25.3518 5
      vertex -29.6074 25.5122 3
      vertex -29.6074 25.5122 5
    endloop
  endfacet
  facet normal 0.942643 0.333804 0
    outer loop
      vertex -29.6074 25.5122 3
      vertex -29.5506 25.3518 5
      vertex -29.5506 25.3518 3
    endloop
  endfacet
  facet normal 0.991452 -0.13047 0
    outer loop
      vertex -29.7487 26.8562 5
      vertex -29.7265 27.0249 3
      vertex -29.7265 27.0249 5
    endloop
  endfacet
  facet normal 0.991452 -0.13047 0
    outer loop
      vertex -29.7265 27.0249 3
      vertex -29.7487 26.8562 5
      vertex -29.7487 26.8562 3
    endloop
  endfacet
  facet normal -0.688348 0.725381 0
    outer loop
      vertex -24.2184 24.2184 3
      vertex -24.3418 24.1013 5
      vertex -24.2184 24.2184 5
    endloop
  endfacet
  facet normal -0.688348 0.725381 0
    outer loop
      vertex -24.3418 24.1013 5
      vertex -24.2184 24.2184 3
      vertex -24.3418 24.1013 3
    endloop
  endfacet
  facet normal 0.566579 0.824008 -0
    outer loop
      vertex -28.2866 23.7908 3
      vertex -28.4268 23.8872 5
      vertex -28.2866 23.7908 5
    endloop
  endfacet
  facet normal 0.566579 0.824008 0
    outer loop
      vertex -28.4268 23.8872 5
      vertex -28.2866 23.7908 3
      vertex -28.4268 23.8872 3
    endloop
  endfacet
  facet normal -0.477286 -0.878748 0
    outer loop
      vertex -25.041 29.4123 3
      vertex -24.8915 29.3311 5
      vertex -25.041 29.4123 5
    endloop
  endfacet
  facet normal -0.477286 -0.878748 -0
    outer loop
      vertex -24.8915 29.3311 5
      vertex -25.041 29.4123 3
      vertex -24.8915 29.3311 3
    endloop
  endfacet
  facet normal 0.824008 0.566579 0
    outer loop
      vertex -29.1458 24.6062 5
      vertex -29.2422 24.7464 3
      vertex -29.2422 24.7464 5
    endloop
  endfacet
  facet normal 0.824008 0.566579 0
    outer loop
      vertex -29.2422 24.7464 3
      vertex -29.1458 24.6062 5
      vertex -29.1458 24.6062 3
    endloop
  endfacet
  facet normal 0.760458 0.649387 0
    outer loop
      vertex -28.9317 24.3418 5
      vertex -29.0422 24.4712 3
      vertex -29.0422 24.4712 5
    endloop
  endfacet
  facet normal 0.760458 0.649387 0
    outer loop
      vertex -29.0422 24.4712 3
      vertex -28.9317 24.3418 5
      vertex -28.9317 24.3418 3
    endloop
  endfacet
  facet normal 0.608802 0.793323 -0
    outer loop
      vertex -28.4268 23.8872 3
      vertex -28.5618 23.9908 5
      vertex -28.4268 23.8872 5
    endloop
  endfacet
  facet normal 0.608802 0.793323 0
    outer loop
      vertex -28.5618 23.9908 5
      vertex -28.4268 23.8872 3
      vertex -28.5618 23.9908 3
    endloop
  endfacet
  facet normal -0.824008 0.566579 0
    outer loop
      vertex -23.8872 24.6062 3
      vertex -23.7908 24.7464 5
      vertex -23.7908 24.7464 3
    endloop
  endfacet
  facet normal -0.824008 0.566579 0
    outer loop
      vertex -23.7908 24.7464 5
      vertex -23.8872 24.6062 3
      vertex -23.8872 24.6062 5
    endloop
  endfacet
  facet normal 0.983263 -0.182194 0
    outer loop
      vertex -29.7265 27.0249 5
      vertex -29.6955 27.1922 3
      vertex -29.6955 27.1922 5
    endloop
  endfacet
  facet normal 0.983263 -0.182194 0
    outer loop
      vertex -29.6955 27.1922 3
      vertex -29.7265 27.0249 5
      vertex -29.7265 27.0249 3
    endloop
  endfacet
  facet normal -0.382611 -0.923909 0
    outer loop
      vertex -25.3518 29.5506 3
      vertex -25.1946 29.4855 5
      vertex -25.3518 29.5506 5
    endloop
  endfacet
  facet normal -0.382611 -0.923909 -0
    outer loop
      vertex -25.1946 29.4855 5
      vertex -25.3518 29.5506 3
      vertex -25.1946 29.4855 3
    endloop
  endfacet
  facet normal 0.649387 -0.760458 0
    outer loop
      vertex -28.6912 28.9317 3
      vertex -28.5618 29.0422 5
      vertex -28.6912 28.9317 5
    endloop
  endfacet
  facet normal 0.649387 -0.760458 0
    outer loop
      vertex -28.5618 29.0422 5
      vertex -28.6912 28.9317 3
      vertex -28.5618 29.0422 3
    endloop
  endfacet
  facet normal -0.284489 -0.958679 0
    outer loop
      vertex -25.6753 29.6558 3
      vertex -25.5122 29.6074 5
      vertex -25.6753 29.6558 5
    endloop
  endfacet
  facet normal -0.284489 -0.958679 -0
    outer loop
      vertex -25.5122 29.6074 5
      vertex -25.6753 29.6558 3
      vertex -25.5122 29.6074 3
    endloop
  endfacet
  facet normal -0.13047 0.991452 0
    outer loop
      vertex -26.0081 23.3065 3
      vertex -26.1768 23.2843 5
      vertex -26.0081 23.3065 5
    endloop
  endfacet
  facet normal -0.13047 0.991452 0
    outer loop
      vertex -26.1768 23.2843 5
      vertex -26.0081 23.3065 3
      vertex -26.1768 23.2843 3
    endloop
  endfacet
  facet normal 0.824008 -0.566579 0
    outer loop
      vertex -29.2422 28.2866 5
      vertex -29.1458 28.4268 3
      vertex -29.1458 28.4268 5
    endloop
  endfacet
  facet normal 0.824008 -0.566579 0
    outer loop
      vertex -29.1458 28.4268 3
      vertex -29.2422 28.2866 5
      vertex -29.2422 28.2866 3
    endloop
  endfacet
  facet normal -0.760458 0.649387 0
    outer loop
      vertex -24.1013 24.3418 3
      vertex -23.9908 24.4712 5
      vertex -23.9908 24.4712 3
    endloop
  endfacet
  facet normal -0.760458 0.649387 0
    outer loop
      vertex -23.9908 24.4712 5
      vertex -24.1013 24.3418 3
      vertex -24.1013 24.3418 5
    endloop
  endfacet
  facet normal -0.972414 0.233262 0
    outer loop
      vertex -23.3772 25.6753 3
      vertex -23.3375 25.8408 5
      vertex -23.3375 25.8408 3
    endloop
  endfacet
  facet normal -0.972414 0.233262 0
    outer loop
      vertex -23.3375 25.8408 5
      vertex -23.3772 25.6753 3
      vertex -23.3772 25.6753 5
    endloop
  endfacet
  facet normal -0.942643 -0.333804 0
    outer loop
      vertex -23.4256 27.5208 3
      vertex -23.4824 27.6812 5
      vertex -23.4824 27.6812 3
    endloop
  endfacet
  facet normal -0.942643 -0.333804 0
    outer loop
      vertex -23.4824 27.6812 5
      vertex -23.4256 27.5208 3
      vertex -23.4256 27.5208 5
    endloop
  endfacet
  facet normal -0.566579 0.824008 0
    outer loop
      vertex -24.6062 23.8872 3
      vertex -24.7464 23.7908 5
      vertex -24.6062 23.8872 5
    endloop
  endfacet
  facet normal -0.566579 0.824008 0
    outer loop
      vertex -24.7464 23.7908 5
      vertex -24.6062 23.8872 3
      vertex -24.7464 23.7908 3
    endloop
  endfacet
  facet normal -0.430207 0.90273 0
    outer loop
      vertex -25.041 23.6207 3
      vertex -25.1946 23.5475 5
      vertex -25.041 23.6207 5
    endloop
  endfacet
  facet normal -0.430207 0.90273 0
    outer loop
      vertex -25.1946 23.5475 5
      vertex -25.041 23.6207 3
      vertex -25.1946 23.5475 3
    endloop
  endfacet
  facet normal 0.430207 0.90273 -0
    outer loop
      vertex -27.8384 23.5475 3
      vertex -27.992 23.6207 5
      vertex -27.8384 23.5475 5
    endloop
  endfacet
  facet normal 0.430207 0.90273 0
    outer loop
      vertex -27.992 23.6207 5
      vertex -27.8384 23.5475 3
      vertex -27.992 23.6207 3
    endloop
  endfacet
  facet normal -0.760458 -0.649387 0
    outer loop
      vertex -23.9908 28.5618 3
      vertex -24.1013 28.6912 5
      vertex -24.1013 28.6912 3
    endloop
  endfacet
  facet normal -0.760458 -0.649387 0
    outer loop
      vertex -24.1013 28.6912 5
      vertex -23.9908 28.5618 3
      vertex -23.9908 28.5618 5
    endloop
  endfacet
  facet normal 0.852686 -0.522424 0
    outer loop
      vertex -29.3311 28.1415 5
      vertex -29.2422 28.2866 3
      vertex -29.2422 28.2866 5
    endloop
  endfacet
  facet normal 0.852686 -0.522424 0
    outer loop
      vertex -29.2422 28.2866 3
      vertex -29.3311 28.1415 5
      vertex -29.3311 28.1415 3
    endloop
  endfacet
  facet normal -0.0264458 0.99965 0
    outer loop
      vertex -26.3464 23.271 3
      vertex -26.5165 23.2665 5
      vertex -26.3464 23.271 5
    endloop
  endfacet
  facet normal -0.0264458 0.99965 0
    outer loop
      vertex -26.5165 23.2665 5
      vertex -26.3464 23.271 3
      vertex -26.5165 23.2665 3
    endloop
  endfacet
  facet normal -0.233262 -0.972414 0
    outer loop
      vertex -25.8408 29.6955 3
      vertex -25.6753 29.6558 5
      vertex -25.8408 29.6955 5
    endloop
  endfacet
  facet normal -0.233262 -0.972414 -0
    outer loop
      vertex -25.6753 29.6558 5
      vertex -25.8408 29.6955 3
      vertex -25.6753 29.6558 3
    endloop
  endfacet
  facet normal 0.999666 0.0258585 0
    outer loop
      vertex -29.7621 26.3464 5
      vertex -29.7665 26.5165 3
      vertex -29.7665 26.5165 5
    endloop
  endfacet
  facet normal 0.999666 0.0258585 0
    outer loop
      vertex -29.7665 26.5165 3
      vertex -29.7621 26.3464 5
      vertex -29.7621 26.3464 3
    endloop
  endfacet
  facet normal 0.284489 0.958679 -0
    outer loop
      vertex -27.3577 23.3772 3
      vertex -27.5208 23.4256 5
      vertex -27.3577 23.3772 5
    endloop
  endfacet
  facet normal 0.284489 0.958679 0
    outer loop
      vertex -27.5208 23.4256 5
      vertex -27.3577 23.3772 3
      vertex -27.5208 23.4256 3
    endloop
  endfacet
  facet normal 0.0781798 0.996939 -0
    outer loop
      vertex -26.6866 23.271 3
      vertex -26.8562 23.2843 5
      vertex -26.6866 23.271 5
    endloop
  endfacet
  facet normal 0.0781798 0.996939 0
    outer loop
      vertex -26.8562 23.2843 5
      vertex -26.6866 23.271 3
      vertex -26.8562 23.2843 3
    endloop
  endfacet
  facet normal -0.991452 0.13047 0
    outer loop
      vertex -23.3065 26.0081 3
      vertex -23.2843 26.1768 5
      vertex -23.2843 26.1768 3
    endloop
  endfacet
  facet normal -0.991452 0.13047 0
    outer loop
      vertex -23.2843 26.1768 5
      vertex -23.3065 26.0081 3
      vertex -23.3065 26.0081 5
    endloop
  endfacet
  facet normal 0.182194 -0.983263 0
    outer loop
      vertex -27.1922 29.6955 3
      vertex -27.0249 29.7265 5
      vertex -27.1922 29.6955 5
    endloop
  endfacet
  facet normal 0.182194 -0.983263 0
    outer loop
      vertex -27.0249 29.7265 5
      vertex -27.1922 29.6955 3
      vertex -27.0249 29.7265 3
    endloop
  endfacet
  facet normal 0.90273 0.430207 0
    outer loop
      vertex -29.4123 25.041 5
      vertex -29.4855 25.1946 3
      vertex -29.4855 25.1946 5
    endloop
  endfacet
  facet normal 0.90273 0.430207 0
    outer loop
      vertex -29.4855 25.1946 3
      vertex -29.4123 25.041 5
      vertex -29.4123 25.041 3
    endloop
  endfacet
  facet normal -0.996939 -0.0781798 0
    outer loop
      vertex -23.271 26.6866 3
      vertex -23.2843 26.8562 5
      vertex -23.2843 26.8562 3
    endloop
  endfacet
  facet normal -0.996939 -0.0781798 0
    outer loop
      vertex -23.2843 26.8562 5
      vertex -23.271 26.6866 3
      vertex -23.271 26.6866 5
    endloop
  endfacet
  facet normal -0.522424 -0.852686 0
    outer loop
      vertex -24.8915 29.3311 3
      vertex -24.7464 29.2422 5
      vertex -24.8915 29.3311 5
    endloop
  endfacet
  facet normal -0.522424 -0.852686 -0
    outer loop
      vertex -24.7464 29.2422 5
      vertex -24.8915 29.3311 3
      vertex -24.7464 29.2422 3
    endloop
  endfacet
  facet normal 0.13047 0.991452 -0
    outer loop
      vertex -26.8562 23.2843 3
      vertex -27.0249 23.3065 5
      vertex -26.8562 23.2843 5
    endloop
  endfacet
  facet normal 0.13047 0.991452 0
    outer loop
      vertex -27.0249 23.3065 5
      vertex -26.8562 23.2843 3
      vertex -27.0249 23.3065 3
    endloop
  endfacet
  facet normal -0.0781798 0.996939 0
    outer loop
      vertex -26.1768 23.2843 3
      vertex -26.3464 23.271 5
      vertex -26.1768 23.2843 5
    endloop
  endfacet
  facet normal -0.0781798 0.996939 0
    outer loop
      vertex -26.3464 23.271 5
      vertex -26.1768 23.2843 3
      vertex -26.3464 23.271 3
    endloop
  endfacet
  facet normal -0.878748 -0.477286 0
    outer loop
      vertex -23.6207 27.992 3
      vertex -23.7019 28.1415 5
      vertex -23.7019 28.1415 3
    endloop
  endfacet
  facet normal -0.878748 -0.477286 0
    outer loop
      vertex -23.7019 28.1415 5
      vertex -23.6207 27.992 3
      vertex -23.6207 27.992 5
    endloop
  endfacet
  facet normal 0.333804 0.942643 -0
    outer loop
      vertex -27.5208 23.4256 3
      vertex -27.6812 23.4824 5
      vertex -27.5208 23.4256 5
    endloop
  endfacet
  facet normal 0.333804 0.942643 0
    outer loop
      vertex -27.6812 23.4824 5
      vertex -27.5208 23.4256 3
      vertex -27.6812 23.4824 3
    endloop
  endfacet
  facet normal -0.566579 -0.824008 0
    outer loop
      vertex -24.7464 29.2422 3
      vertex -24.6062 29.1458 5
      vertex -24.7464 29.2422 5
    endloop
  endfacet
  facet normal -0.566579 -0.824008 -0
    outer loop
      vertex -24.6062 29.1458 5
      vertex -24.7464 29.2422 3
      vertex -24.6062 29.1458 3
    endloop
  endfacet
  facet normal -0.852686 -0.522424 0
    outer loop
      vertex -23.7019 28.1415 3
      vertex -23.7908 28.2866 5
      vertex -23.7908 28.2866 3
    endloop
  endfacet
  facet normal -0.852686 -0.522424 0
    outer loop
      vertex -23.7908 28.2866 5
      vertex -23.7019 28.1415 3
      vertex -23.7019 28.1415 5
    endloop
  endfacet
  facet normal -0.725381 -0.688348 0
    outer loop
      vertex -24.1013 28.6912 3
      vertex -24.2184 28.8146 5
      vertex -24.2184 28.8146 3
    endloop
  endfacet
  facet normal -0.725381 -0.688348 0
    outer loop
      vertex -24.2184 28.8146 5
      vertex -24.1013 28.6912 3
      vertex -24.1013 28.6912 5
    endloop
  endfacet
  facet normal -0.333804 -0.942643 0
    outer loop
      vertex -25.5122 29.6074 3
      vertex -25.3518 29.5506 5
      vertex -25.5122 29.6074 5
    endloop
  endfacet
  facet normal -0.333804 -0.942643 -0
    outer loop
      vertex -25.3518 29.5506 5
      vertex -25.5122 29.6074 3
      vertex -25.3518 29.5506 3
    endloop
  endfacet
  facet normal -0.983263 -0.182194 0
    outer loop
      vertex -23.3065 27.0249 3
      vertex -23.3375 27.1922 5
      vertex -23.3375 27.1922 3
    endloop
  endfacet
  facet normal -0.983263 -0.182194 0
    outer loop
      vertex -23.3375 27.1922 5
      vertex -23.3065 27.0249 3
      vertex -23.3065 27.0249 5
    endloop
  endfacet
  facet normal 0.999666 -0.0258585 0
    outer loop
      vertex -29.7665 26.5165 5
      vertex -29.7621 26.6866 3
      vertex -29.7621 26.6866 5
    endloop
  endfacet
  facet normal 0.999666 -0.0258585 0
    outer loop
      vertex -29.7621 26.6866 3
      vertex -29.7665 26.5165 5
      vertex -29.7665 26.5165 3
    endloop
  endfacet
  facet normal 0.566579 -0.824008 0
    outer loop
      vertex -28.4268 29.1458 3
      vertex -28.2866 29.2422 5
      vertex -28.4268 29.1458 5
    endloop
  endfacet
  facet normal 0.566579 -0.824008 0
    outer loop
      vertex -28.2866 29.2422 5
      vertex -28.4268 29.1458 3
      vertex -28.2866 29.2422 3
    endloop
  endfacet
  facet normal -0.182194 0.983263 0
    outer loop
      vertex -25.8408 23.3375 3
      vertex -26.0081 23.3065 5
      vertex -25.8408 23.3375 5
    endloop
  endfacet
  facet normal -0.182194 0.983263 0
    outer loop
      vertex -26.0081 23.3065 5
      vertex -25.8408 23.3375 3
      vertex -26.0081 23.3065 3
    endloop
  endfacet
  facet normal -0.923909 -0.382611 0
    outer loop
      vertex -23.4824 27.6812 3
      vertex -23.5475 27.8384 5
      vertex -23.5475 27.8384 3
    endloop
  endfacet
  facet normal -0.923909 -0.382611 0
    outer loop
      vertex -23.5475 27.8384 5
      vertex -23.4824 27.6812 3
      vertex -23.4824 27.6812 5
    endloop
  endfacet
  facet normal 0.182194 0.983263 -0
    outer loop
      vertex -27.0249 23.3065 3
      vertex -27.1922 23.3375 5
      vertex -27.0249 23.3065 5
    endloop
  endfacet
  facet normal 0.182194 0.983263 0
    outer loop
      vertex -27.1922 23.3375 5
      vertex -27.0249 23.3065 3
      vertex -27.1922 23.3375 3
    endloop
  endfacet
  facet normal 0.522424 0.852686 -0
    outer loop
      vertex -28.1415 23.7019 3
      vertex -28.2866 23.7908 5
      vertex -28.1415 23.7019 5
    endloop
  endfacet
  facet normal 0.522424 0.852686 0
    outer loop
      vertex -28.2866 23.7908 5
      vertex -28.1415 23.7019 3
      vertex -28.2866 23.7908 3
    endloop
  endfacet
  facet normal -0.284489 0.958679 0
    outer loop
      vertex -25.5122 23.4256 3
      vertex -25.6753 23.3772 5
      vertex -25.5122 23.4256 5
    endloop
  endfacet
  facet normal -0.284489 0.958679 0
    outer loop
      vertex -25.6753 23.3772 5
      vertex -25.5122 23.4256 3
      vertex -25.6753 23.3772 3
    endloop
  endfacet
  facet normal -0.99965 -0.0264458 0
    outer loop
      vertex -23.2665 26.5165 3
      vertex -23.271 26.6866 5
      vertex -23.271 26.6866 3
    endloop
  endfacet
  facet normal -0.99965 -0.0264458 0
    outer loop
      vertex -23.271 26.6866 5
      vertex -23.2665 26.5165 3
      vertex -23.2665 26.5165 5
    endloop
  endfacet
  facet normal -0.958679 0.284489 0
    outer loop
      vertex -23.4256 25.5122 3
      vertex -23.3772 25.6753 5
      vertex -23.3772 25.6753 3
    endloop
  endfacet
  facet normal -0.958679 0.284489 0
    outer loop
      vertex -23.3772 25.6753 5
      vertex -23.4256 25.5122 3
      vertex -23.4256 25.5122 5
    endloop
  endfacet
  facet normal -0.852686 0.522424 0
    outer loop
      vertex -23.7908 24.7464 3
      vertex -23.7019 24.8915 5
      vertex -23.7019 24.8915 3
    endloop
  endfacet
  facet normal -0.852686 0.522424 0
    outer loop
      vertex -23.7019 24.8915 5
      vertex -23.7908 24.7464 3
      vertex -23.7908 24.7464 5
    endloop
  endfacet
  facet normal 0.333804 -0.942643 0
    outer loop
      vertex -27.6812 29.5506 3
      vertex -27.5208 29.6074 5
      vertex -27.6812 29.5506 5
    endloop
  endfacet
  facet normal 0.333804 -0.942643 0
    outer loop
      vertex -27.5208 29.6074 5
      vertex -27.6812 29.5506 3
      vertex -27.5208 29.6074 3
    endloop
  endfacet
  facet normal -0.382611 0.923909 0
    outer loop
      vertex -25.1946 23.5475 3
      vertex -25.3518 23.4824 5
      vertex -25.1946 23.5475 5
    endloop
  endfacet
  facet normal -0.382611 0.923909 0
    outer loop
      vertex -25.3518 23.4824 5
      vertex -25.1946 23.5475 3
      vertex -25.3518 23.4824 3
    endloop
  endfacet
  facet normal 0.382611 0.923909 -0
    outer loop
      vertex -27.6812 23.4824 3
      vertex -27.8384 23.5475 5
      vertex -27.6812 23.4824 5
    endloop
  endfacet
  facet normal 0.382611 0.923909 0
    outer loop
      vertex -27.8384 23.5475 5
      vertex -27.6812 23.4824 3
      vertex -27.8384 23.5475 3
    endloop
  endfacet
  facet normal -0.958679 -0.284489 0
    outer loop
      vertex -23.3772 27.3577 3
      vertex -23.4256 27.5208 5
      vertex -23.4256 27.5208 3
    endloop
  endfacet
  facet normal -0.958679 -0.284489 0
    outer loop
      vertex -23.4256 27.5208 5
      vertex -23.3772 27.3577 3
      vertex -23.3772 27.3577 5
    endloop
  endfacet
  facet normal -0.923909 0.382611 0
    outer loop
      vertex -23.5475 25.1946 3
      vertex -23.4824 25.3518 5
      vertex -23.4824 25.3518 3
    endloop
  endfacet
  facet normal -0.923909 0.382611 0
    outer loop
      vertex -23.4824 25.3518 5
      vertex -23.5475 25.1946 3
      vertex -23.5475 25.1946 5
    endloop
  endfacet
  facet normal -0.942643 0.333804 0
    outer loop
      vertex -23.4824 25.3518 3
      vertex -23.4256 25.5122 5
      vertex -23.4256 25.5122 3
    endloop
  endfacet
  facet normal -0.942643 0.333804 0
    outer loop
      vertex -23.4256 25.5122 5
      vertex -23.4824 25.3518 3
      vertex -23.4824 25.3518 5
    endloop
  endfacet
  facet normal -0.183135 -0.983088 0
    outer loop
      vertex -26.2506 -24.8374 0
      vertex -26.1631 -24.8537 3
      vertex -26.2506 -24.8374 3
    endloop
  endfacet
  facet normal -0.183135 -0.983088 -0
    outer loop
      vertex -26.1631 -24.8537 3
      vertex -26.2506 -24.8374 0
      vertex -26.1631 -24.8537 0
    endloop
  endfacet
  facet normal -0.725953 -0.687745 0
    outer loop
      vertex -25.2532 -25.379 0
      vertex -25.3144 -25.3144 3
      vertex -25.3144 -25.3144 0
    endloop
  endfacet
  facet normal -0.725953 -0.687745 0
    outer loop
      vertex -25.3144 -25.3144 3
      vertex -25.2532 -25.379 0
      vertex -25.2532 -25.379 3
    endloop
  endfacet
  facet normal 0.64931 0.760524 -0
    outer loop
      vertex -27.5863 -27.8377 0
      vertex -27.654 -27.7799 3
      vertex -27.5863 -27.8377 3
    endloop
  endfacet
  facet normal 0.64931 0.760524 0
    outer loop
      vertex -27.654 -27.7799 3
      vertex -27.5863 -27.8377 0
      vertex -27.654 -27.7799 0
    endloop
  endfacet
  facet normal 0.688336 0.725392 -0
    outer loop
      vertex -27.654 -27.7799 0
      vertex -27.7186 -27.7186 3
      vertex -27.654 -27.7799 3
    endloop
  endfacet
  facet normal 0.688336 0.725392 0
    outer loop
      vertex -27.7186 -27.7186 3
      vertex -27.654 -27.7799 0
      vertex -27.7186 -27.7186 0
    endloop
  endfacet
  facet normal 0.608243 0.793751 -0
    outer loop
      vertex -27.5157 -27.8918 0
      vertex -27.5863 -27.8377 3
      vertex -27.5157 -27.8918 3
    endloop
  endfacet
  facet normal 0.608243 0.793751 0
    outer loop
      vertex -27.5863 -27.8377 3
      vertex -27.5157 -27.8918 0
      vertex -27.5863 -27.8377 0
    endloop
  endfacet
  facet normal 0.942679 -0.333702 0
    outer loop
      vertex -28.1333 -25.9912 3
      vertex -28.1036 -25.9073 0
      vertex -28.1036 -25.9073 3
    endloop
  endfacet
  facet normal 0.942679 -0.333702 0
    outer loop
      vertex -28.1036 -25.9073 0
      vertex -28.1333 -25.9912 3
      vertex -28.1333 -25.9912 0
    endloop
  endfacet
  facet normal 0.233798 0.972285 -0
    outer loop
      vertex -26.87 -28.1794 0
      vertex -26.9565 -28.1586 3
      vertex -26.87 -28.1794 3
    endloop
  endfacet
  facet normal 0.233798 0.972285 0
    outer loop
      vertex -26.9565 -28.1586 3
      vertex -26.87 -28.1794 0
      vertex -26.9565 -28.1586 0
    endloop
  endfacet
  facet normal 0.760524 -0.64931 0
    outer loop
      vertex -27.8377 -25.4467 3
      vertex -27.7799 -25.379 0
      vertex -27.7799 -25.379 3
    endloop
  endfacet
  facet normal 0.760524 -0.64931 0
    outer loop
      vertex -27.7799 -25.379 0
      vertex -27.8377 -25.4467 3
      vertex -27.8377 -25.4467 0
    endloop
  endfacet
  facet normal -0.477513 -0.878625 0
    outer loop
      vertex -25.7447 -25.0018 0
      vertex -25.6665 -25.0443 3
      vertex -25.7447 -25.0018 3
    endloop
  endfacet
  facet normal -0.477513 -0.878625 -0
    outer loop
      vertex -25.6665 -25.0443 3
      vertex -25.7447 -25.0018 0
      vertex -25.6665 -25.0443 0
    endloop
  endfacet
  facet normal 0.284356 0.958719 -0
    outer loop
      vertex -26.9565 -28.1586 0
      vertex -27.0418 -28.1333 3
      vertex -26.9565 -28.1586 3
    endloop
  endfacet
  facet normal 0.284356 0.958719 0
    outer loop
      vertex -27.0418 -28.1333 3
      vertex -26.9565 -28.1586 0
      vertex -27.0418 -28.1333 0
    endloop
  endfacet
  facet normal -0.130396 -0.991462 0
    outer loop
      vertex -26.3388 -24.8258 0
      vertex -26.2506 -24.8374 3
      vertex -26.3388 -24.8258 3
    endloop
  endfacet
  facet normal -0.130396 -0.991462 -0
    outer loop
      vertex -26.2506 -24.8374 3
      vertex -26.3388 -24.8258 0
      vertex -26.2506 -24.8374 0
    endloop
  endfacet
  facet normal -0.333702 0.942679 0
    outer loop
      vertex -25.9073 -28.1036 0
      vertex -25.9912 -28.1333 3
      vertex -25.9073 -28.1036 3
    endloop
  endfacet
  facet normal -0.333702 0.942679 0
    outer loop
      vertex -25.9912 -28.1333 3
      vertex -25.9073 -28.1036 0
      vertex -25.9912 -28.1333 0
    endloop
  endfacet
  facet normal 0.9969 0.0786731 0
    outer loop
      vertex -28.2072 -26.6942 3
      vertex -28.2142 -26.6055 0
      vertex -28.2142 -26.6055 3
    endloop
  endfacet
  facet normal 0.9969 0.0786731 0
    outer loop
      vertex -28.2142 -26.6055 0
      vertex -28.2072 -26.6942 3
      vertex -28.2072 -26.6942 0
    endloop
  endfacet
  facet normal 0.522404 0.852698 -0
    outer loop
      vertex -27.3665 -27.9887 0
      vertex -27.4424 -27.9422 3
      vertex -27.3665 -27.9887 3
    endloop
  endfacet
  facet normal 0.522404 0.852698 0
    outer loop
      vertex -27.4424 -27.9422 3
      vertex -27.3665 -27.9887 0
      vertex -27.4424 -27.9422 0
    endloop
  endfacet
  facet normal 0.958719 0.284356 0
    outer loop
      vertex -28.1333 -27.0418 3
      vertex -28.1586 -26.9565 0
      vertex -28.1586 -26.9565 3
    endloop
  endfacet
  facet normal 0.958719 0.284356 0
    outer loop
      vertex -28.1586 -26.9565 0
      vertex -28.1333 -27.0418 3
      vertex -28.1333 -27.0418 0
    endloop
  endfacet
  facet normal -0.793208 0.60895 0
    outer loop
      vertex -25.1954 -27.5863 0
      vertex -25.1412 -27.5157 3
      vertex -25.1412 -27.5157 0
    endloop
  endfacet
  facet normal -0.793208 0.60895 0
    outer loop
      vertex -25.1412 -27.5157 3
      vertex -25.1954 -27.5863 0
      vertex -25.1954 -27.5863 3
    endloop
  endfacet
  facet normal 0.382781 0.923839 -0
    outer loop
      vertex -27.1257 -28.1036 0
      vertex -27.208 -28.0695 3
      vertex -27.1257 -28.1036 3
    endloop
  endfacet
  facet normal 0.382781 0.923839 0
    outer loop
      vertex -27.208 -28.0695 3
      vertex -27.1257 -28.1036 0
      vertex -27.208 -28.0695 0
    endloop
  endfacet
  facet normal 0.0258341 0.999666 -0
    outer loop
      vertex -26.5165 -28.2165 0
      vertex -26.6055 -28.2142 3
      vertex -26.5165 -28.2165 3
    endloop
  endfacet
  facet normal 0.0258341 0.999666 0
    outer loop
      vertex -26.6055 -28.2142 3
      vertex -26.5165 -28.2165 0
      vertex -26.6055 -28.2142 0
    endloop
  endfacet
  facet normal -0.942679 0.333702 0
    outer loop
      vertex -24.9294 -27.1257 0
      vertex -24.8997 -27.0418 3
      vertex -24.8997 -27.0418 0
    endloop
  endfacet
  facet normal -0.942679 0.333702 0
    outer loop
      vertex -24.8997 -27.0418 3
      vertex -24.9294 -27.1257 0
      vertex -24.9294 -27.1257 3
    endloop
  endfacet
  facet normal 0.477513 0.878625 -0
    outer loop
      vertex -27.2883 -28.0312 0
      vertex -27.3665 -27.9887 3
      vertex -27.2883 -28.0312 3
    endloop
  endfacet
  facet normal 0.477513 0.878625 0
    outer loop
      vertex -27.3665 -27.9887 3
      vertex -27.2883 -28.0312 0
      vertex -27.3665 -27.9887 0
    endloop
  endfacet
  facet normal -0.760524 -0.64931 0
    outer loop
      vertex -25.1954 -25.4467 0
      vertex -25.2532 -25.379 3
      vertex -25.2532 -25.379 0
    endloop
  endfacet
  facet normal -0.760524 -0.64931 0
    outer loop
      vertex -25.2532 -25.379 3
      vertex -25.1954 -25.4467 0
      vertex -25.1954 -25.4467 3
    endloop
  endfacet
  facet normal 0.60895 -0.793208 0
    outer loop
      vertex -27.5863 -25.1954 0
      vertex -27.5157 -25.1412 3
      vertex -27.5863 -25.1954 3
    endloop
  endfacet
  facet normal 0.60895 -0.793208 0
    outer loop
      vertex -27.5157 -25.1412 3
      vertex -27.5863 -25.1954 0
      vertex -27.5157 -25.1412 0
    endloop
  endfacet
  facet normal -0.9969 0.0786731 0
    outer loop
      vertex -24.8258 -26.6942 0
      vertex -24.8188 -26.6055 3
      vertex -24.8188 -26.6055 0
    endloop
  endfacet
  facet normal -0.9969 0.0786731 0
    outer loop
      vertex -24.8188 -26.6055 3
      vertex -24.8258 -26.6942 0
      vertex -24.8258 -26.6942 3
    endloop
  endfacet
  facet normal 0.725392 -0.688336 0
    outer loop
      vertex -27.7799 -25.379 3
      vertex -27.7186 -25.3144 0
      vertex -27.7186 -25.3144 3
    endloop
  endfacet
  facet normal 0.725392 -0.688336 0
    outer loop
      vertex -27.7186 -25.3144 0
      vertex -27.7799 -25.379 3
      vertex -27.7799 -25.379 0
    endloop
  endfacet
  facet normal 0.232735 -0.97254 0
    outer loop
      vertex -26.9565 -24.8744 0
      vertex -26.87 -24.8537 3
      vertex -26.9565 -24.8744 3
    endloop
  endfacet
  facet normal 0.232735 -0.97254 0
    outer loop
      vertex -26.87 -24.8537 3
      vertex -26.9565 -24.8744 0
      vertex -26.87 -24.8537 0
    endloop
  endfacet
  facet normal -0.999666 0.0258341 0
    outer loop
      vertex -24.8188 -26.6055 0
      vertex -24.8165 -26.5165 3
      vertex -24.8165 -26.5165 0
    endloop
  endfacet
  facet normal -0.999666 0.0258341 0
    outer loop
      vertex -24.8165 -26.5165 3
      vertex -24.8188 -26.6055 0
      vertex -24.8188 -26.6055 3
    endloop
  endfacet
  facet normal -0.64931 -0.760524 0
    outer loop
      vertex -25.4467 -25.1954 0
      vertex -25.379 -25.2532 3
      vertex -25.4467 -25.1954 3
    endloop
  endfacet
  facet normal -0.64931 -0.760524 -0
    outer loop
      vertex -25.379 -25.2532 3
      vertex -25.4467 -25.1954 0
      vertex -25.379 -25.2532 0
    endloop
  endfacet
  facet normal -0.608243 0.793751 0
    outer loop
      vertex -25.4467 -27.8377 0
      vertex -25.5173 -27.8918 3
      vertex -25.4467 -27.8377 3
    endloop
  endfacet
  facet normal -0.608243 0.793751 0
    outer loop
      vertex -25.5173 -27.8918 3
      vertex -25.4467 -27.8377 0
      vertex -25.5173 -27.8918 0
    endloop
  endfacet
  facet normal 0.983327 0.181848 0
    outer loop
      vertex -28.1794 -26.87 3
      vertex -28.1956 -26.7824 0
      vertex -28.1956 -26.7824 3
    endloop
  endfacet
  facet normal 0.983327 0.181848 0
    outer loop
      vertex -28.1956 -26.7824 0
      vertex -28.1794 -26.87 3
      vertex -28.1794 -26.87 0
    endloop
  endfacet
  facet normal -0.725953 0.687745 0
    outer loop
      vertex -25.3144 -27.7186 0
      vertex -25.2532 -27.654 3
      vertex -25.2532 -27.654 0
    endloop
  endfacet
  facet normal -0.725953 0.687745 0
    outer loop
      vertex -25.2532 -27.654 3
      vertex -25.3144 -27.7186 0
      vertex -25.3144 -27.7186 3
    endloop
  endfacet
  facet normal 0.0786731 0.9969 -0
    outer loop
      vertex -26.6055 -28.2142 0
      vertex -26.6942 -28.2072 3
      vertex -26.6055 -28.2142 3
    endloop
  endfacet
  facet normal 0.0786731 0.9969 0
    outer loop
      vertex -26.6942 -28.2072 3
      vertex -26.6055 -28.2142 0
      vertex -26.6942 -28.2072 0
    endloop
  endfacet
  facet normal -0.878625 0.477513 0
    outer loop
      vertex -25.0443 -27.3665 0
      vertex -25.0018 -27.2883 3
      vertex -25.0018 -27.2883 0
    endloop
  endfacet
  facet normal -0.878625 0.477513 0
    outer loop
      vertex -25.0018 -27.2883 3
      vertex -25.0443 -27.3665 0
      vertex -25.0443 -27.3665 3
    endloop
  endfacet
  facet normal -0.430064 -0.902798 0
    outer loop
      vertex -25.8251 -24.9635 0
      vertex -25.7447 -25.0018 3
      vertex -25.8251 -24.9635 3
    endloop
  endfacet
  facet normal -0.430064 -0.902798 -0
    outer loop
      vertex -25.7447 -25.0018 3
      vertex -25.8251 -24.9635 0
      vertex -25.7447 -25.0018 0
    endloop
  endfacet
  facet normal 0.824009 0.566577 0
    outer loop
      vertex -27.8918 -27.5157 3
      vertex -27.9422 -27.4424 0
      vertex -27.9422 -27.4424 3
    endloop
  endfacet
  facet normal 0.824009 0.566577 0
    outer loop
      vertex -27.9422 -27.4424 0
      vertex -27.8918 -27.5157 3
      vertex -27.8918 -27.5157 0
    endloop
  endfacet
  facet normal -0.902798 -0.430064 0
    outer loop
      vertex -24.9635 -25.8251 0
      vertex -25.0018 -25.7447 3
      vertex -25.0018 -25.7447 0
    endloop
  endfacet
  facet normal -0.902798 -0.430064 0
    outer loop
      vertex -25.0018 -25.7447 3
      vertex -24.9635 -25.8251 0
      vertex -24.9635 -25.8251 3
    endloop
  endfacet
  facet normal -0.0258341 -0.999666 0
    outer loop
      vertex -26.5165 -24.8165 0
      vertex -26.4275 -24.8188 3
      vertex -26.5165 -24.8165 3
    endloop
  endfacet
  facet normal -0.0258341 -0.999666 -0
    outer loop
      vertex -26.4275 -24.8188 3
      vertex -26.5165 -24.8165 0
      vertex -26.4275 -24.8188 0
    endloop
  endfacet
  facet normal -0.852698 0.522404 0
    outer loop
      vertex -25.0908 -27.4424 0
      vertex -25.0443 -27.3665 3
      vertex -25.0443 -27.3665 0
    endloop
  endfacet
  facet normal -0.852698 0.522404 0
    outer loop
      vertex -25.0443 -27.3665 3
      vertex -25.0908 -27.4424 0
      vertex -25.0908 -27.4424 3
    endloop
  endfacet
  facet normal 0.284356 -0.958719 0
    outer loop
      vertex -27.0418 -24.8997 0
      vertex -26.9565 -24.8744 3
      vertex -27.0418 -24.8997 3
    endloop
  endfacet
  facet normal 0.284356 -0.958719 0
    outer loop
      vertex -26.9565 -24.8744 3
      vertex -27.0418 -24.8997 0
      vertex -26.9565 -24.8744 0
    endloop
  endfacet
  facet normal -0.0786731 0.9969 0
    outer loop
      vertex -26.3388 -28.2072 0
      vertex -26.4275 -28.2142 3
      vertex -26.3388 -28.2072 3
    endloop
  endfacet
  facet normal -0.0786731 0.9969 0
    outer loop
      vertex -26.4275 -28.2142 3
      vertex -26.3388 -28.2072 0
      vertex -26.4275 -28.2142 0
    endloop
  endfacet
  facet normal -0.983125 0.182933 0
    outer loop
      vertex -24.8537 -26.87 0
      vertex -24.8374 -26.7824 3
      vertex -24.8374 -26.7824 0
    endloop
  endfacet
  facet normal -0.983125 0.182933 0
    outer loop
      vertex -24.8374 -26.7824 3
      vertex -24.8537 -26.87 0
      vertex -24.8537 -26.87 3
    endloop
  endfacet
  facet normal -0.233543 0.972347 0
    outer loop
      vertex -26.0765 -28.1586 0
      vertex -26.1631 -28.1794 3
      vertex -26.0765 -28.1586 3
    endloop
  endfacet
  facet normal -0.233543 0.972347 0
    outer loop
      vertex -26.1631 -28.1794 3
      vertex -26.0765 -28.1586 0
      vertex -26.1631 -28.1794 0
    endloop
  endfacet
  facet normal 0.430501 -0.90259 0
    outer loop
      vertex -27.2883 -25.0018 0
      vertex -27.208 -24.9635 3
      vertex -27.2883 -25.0018 3
    endloop
  endfacet
  facet normal 0.430501 -0.90259 0
    outer loop
      vertex -27.208 -24.9635 3
      vertex -27.2883 -25.0018 0
      vertex -27.208 -24.9635 0
    endloop
  endfacet
  facet normal 0.878625 -0.477513 0
    outer loop
      vertex -28.0312 -25.7447 3
      vertex -27.9887 -25.6665 0
      vertex -27.9887 -25.6665 3
    endloop
  endfacet
  facet normal 0.878625 -0.477513 0
    outer loop
      vertex -27.9887 -25.6665 0
      vertex -28.0312 -25.7447 3
      vertex -28.0312 -25.7447 0
    endloop
  endfacet
  facet normal -0.90259 0.430501 0
    outer loop
      vertex -25.0018 -27.2883 0
      vertex -24.9635 -27.208 3
      vertex -24.9635 -27.208 0
    endloop
  endfacet
  facet normal -0.90259 0.430501 0
    outer loop
      vertex -24.9635 -27.208 3
      vertex -25.0018 -27.2883 0
      vertex -25.0018 -27.2883 3
    endloop
  endfacet
  facet normal -0.566577 -0.824009 0
    outer loop
      vertex -25.5906 -25.0908 0
      vertex -25.5173 -25.1412 3
      vertex -25.5906 -25.0908 3
    endloop
  endfacet
  facet normal -0.566577 -0.824009 -0
    outer loop
      vertex -25.5173 -25.1412 3
      vertex -25.5906 -25.0908 0
      vertex -25.5173 -25.1412 0
    endloop
  endfacet
  facet normal 0.760524 0.64931 0
    outer loop
      vertex -27.7799 -27.654 3
      vertex -27.8377 -27.5863 0
      vertex -27.8377 -27.5863 3
    endloop
  endfacet
  facet normal 0.760524 0.64931 0
    outer loop
      vertex -27.8377 -27.5863 0
      vertex -27.7799 -27.654 3
      vertex -27.7799 -27.654 0
    endloop
  endfacet
  facet normal -0.878625 -0.477513 0
    outer loop
      vertex -25.0018 -25.7447 0
      vertex -25.0443 -25.6665 3
      vertex -25.0443 -25.6665 0
    endloop
  endfacet
  facet normal -0.878625 -0.477513 0
    outer loop
      vertex -25.0443 -25.6665 3
      vertex -25.0018 -25.7447 0
      vertex -25.0018 -25.7447 3
    endloop
  endfacet
  facet normal 0.958719 -0.284356 0
    outer loop
      vertex -28.1586 -26.0765 3
      vertex -28.1333 -25.9912 0
      vertex -28.1333 -25.9912 3
    endloop
  endfacet
  facet normal 0.958719 -0.284356 0
    outer loop
      vertex -28.1333 -25.9912 0
      vertex -28.1586 -26.0765 3
      vertex -28.1586 -26.0765 0
    endloop
  endfacet
  facet normal -0.760524 0.64931 0
    outer loop
      vertex -25.2532 -27.654 0
      vertex -25.1954 -27.5863 3
      vertex -25.1954 -27.5863 0
    endloop
  endfacet
  facet normal -0.760524 0.64931 0
    outer loop
      vertex -25.1954 -27.5863 3
      vertex -25.2532 -27.654 0
      vertex -25.2532 -27.654 3
    endloop
  endfacet
  facet normal 0.793751 -0.608243 0
    outer loop
      vertex -27.8918 -25.5173 3
      vertex -27.8377 -25.4467 0
      vertex -27.8377 -25.4467 3
    endloop
  endfacet
  facet normal 0.793751 -0.608243 0
    outer loop
      vertex -27.8377 -25.4467 0
      vertex -27.8918 -25.5173 3
      vertex -27.8918 -25.5173 0
    endloop
  endfacet
  facet normal 0.824009 -0.566577 0
    outer loop
      vertex -27.9422 -25.5906 3
      vertex -27.8918 -25.5173 0
      vertex -27.8918 -25.5173 3
    endloop
  endfacet
  facet normal 0.824009 -0.566577 0
    outer loop
      vertex -27.8918 -25.5173 0
      vertex -27.9422 -25.5906 3
      vertex -27.9422 -25.5906 0
    endloop
  endfacet
  facet normal -0.284356 0.958719 0
    outer loop
      vertex -25.9912 -28.1333 0
      vertex -26.0765 -28.1586 3
      vertex -25.9912 -28.1333 3
    endloop
  endfacet
  facet normal -0.284356 0.958719 0
    outer loop
      vertex -26.0765 -28.1586 3
      vertex -25.9912 -28.1333 0
      vertex -26.0765 -28.1586 0
    endloop
  endfacet
  facet normal -0.923674 -0.383179 0
    outer loop
      vertex -24.9294 -25.9073 0
      vertex -24.9635 -25.8251 3
      vertex -24.9635 -25.8251 0
    endloop
  endfacet
  facet normal -0.923674 -0.383179 0
    outer loop
      vertex -24.9635 -25.8251 3
      vertex -24.9294 -25.9073 0
      vertex -24.9294 -25.9073 3
    endloop
  endfacet
  facet normal -0.60895 -0.793208 0
    outer loop
      vertex -25.5173 -25.1412 0
      vertex -25.4467 -25.1954 3
      vertex -25.5173 -25.1412 3
    endloop
  endfacet
  facet normal -0.60895 -0.793208 -0
    outer loop
      vertex -25.4467 -25.1954 3
      vertex -25.5173 -25.1412 0
      vertex -25.4467 -25.1954 0
    endloop
  endfacet
  facet normal -0.999666 -0.0258341 0
    outer loop
      vertex -24.8165 -26.5165 0
      vertex -24.8188 -26.4275 3
      vertex -24.8188 -26.4275 0
    endloop
  endfacet
  facet normal -0.999666 -0.0258341 0
    outer loop
      vertex -24.8188 -26.4275 3
      vertex -24.8165 -26.5165 0
      vertex -24.8165 -26.5165 3
    endloop
  endfacet
  facet normal 0.923839 0.382781 0
    outer loop
      vertex -28.0695 -27.208 3
      vertex -28.1036 -27.1257 0
      vertex -28.1036 -27.1257 3
    endloop
  endfacet
  facet normal 0.923839 0.382781 0
    outer loop
      vertex -28.1036 -27.1257 0
      vertex -28.0695 -27.208 3
      vertex -28.0695 -27.208 0
    endloop
  endfacet
  facet normal -0.0786731 -0.9969 0
    outer loop
      vertex -26.4275 -24.8188 0
      vertex -26.3388 -24.8258 3
      vertex -26.4275 -24.8188 3
    endloop
  endfacet
  facet normal -0.0786731 -0.9969 -0
    outer loop
      vertex -26.3388 -24.8258 3
      vertex -26.4275 -24.8188 0
      vertex -26.3388 -24.8258 0
    endloop
  endfacet
  facet normal 0.942679 0.333702 0
    outer loop
      vertex -28.1036 -27.1257 3
      vertex -28.1333 -27.0418 0
      vertex -28.1333 -27.0418 3
    endloop
  endfacet
  facet normal 0.942679 0.333702 0
    outer loop
      vertex -28.1333 -27.0418 0
      vertex -28.1036 -27.1257 3
      vertex -28.1036 -27.1257 0
    endloop
  endfacet
  facet normal 0.90259 0.430501 0
    outer loop
      vertex -28.0312 -27.2883 3
      vertex -28.0695 -27.208 0
      vertex -28.0695 -27.208 3
    endloop
  endfacet
  facet normal 0.90259 0.430501 0
    outer loop
      vertex -28.0695 -27.208 0
      vertex -28.0312 -27.2883 3
      vertex -28.0312 -27.2883 0
    endloop
  endfacet
  facet normal 0.430501 0.90259 -0
    outer loop
      vertex -27.208 -28.0695 0
      vertex -27.2883 -28.0312 3
      vertex -27.208 -28.0695 3
    endloop
  endfacet
  facet normal 0.430501 0.90259 0
    outer loop
      vertex -27.2883 -28.0312 3
      vertex -27.208 -28.0695 0
      vertex -27.2883 -28.0312 0
    endloop
  endfacet
  facet normal 0.878625 0.477513 0
    outer loop
      vertex -27.9887 -27.3665 3
      vertex -28.0312 -27.2883 0
      vertex -28.0312 -27.2883 3
    endloop
  endfacet
  facet normal 0.878625 0.477513 0
    outer loop
      vertex -28.0312 -27.2883 0
      vertex -27.9887 -27.3665 3
      vertex -27.9887 -27.3665 0
    endloop
  endfacet
  facet normal 0.566577 -0.824009 0
    outer loop
      vertex -27.5157 -25.1412 0
      vertex -27.4424 -25.0908 3
      vertex -27.5157 -25.1412 3
    endloop
  endfacet
  facet normal 0.566577 -0.824009 0
    outer loop
      vertex -27.4424 -25.0908 3
      vertex -27.5157 -25.1412 0
      vertex -27.4424 -25.0908 0
    endloop
  endfacet
  facet normal -0.430064 0.902798 0
    outer loop
      vertex -25.7447 -28.0312 0
      vertex -25.8251 -28.0695 3
      vertex -25.7447 -28.0312 3
    endloop
  endfacet
  facet normal -0.430064 0.902798 0
    outer loop
      vertex -25.8251 -28.0695 3
      vertex -25.7447 -28.0312 0
      vertex -25.8251 -28.0695 0
    endloop
  endfacet
  facet normal 0.130396 -0.991462 0
    outer loop
      vertex -26.7824 -24.8374 0
      vertex -26.6942 -24.8258 3
      vertex -26.7824 -24.8374 3
    endloop
  endfacet
  facet normal 0.130396 -0.991462 0
    outer loop
      vertex -26.6942 -24.8258 3
      vertex -26.7824 -24.8374 0
      vertex -26.6942 -24.8258 0
    endloop
  endfacet
  facet normal -0.522404 -0.852698 0
    outer loop
      vertex -25.6665 -25.0443 0
      vertex -25.5906 -25.0908 3
      vertex -25.6665 -25.0443 3
    endloop
  endfacet
  facet normal -0.522404 -0.852698 -0
    outer loop
      vertex -25.5906 -25.0908 3
      vertex -25.6665 -25.0443 0
      vertex -25.5906 -25.0908 0
    endloop
  endfacet
  facet normal 0.852698 -0.522404 0
    outer loop
      vertex -27.9887 -25.6665 3
      vertex -27.9422 -25.5906 0
      vertex -27.9422 -25.5906 3
    endloop
  endfacet
  facet normal 0.852698 -0.522404 0
    outer loop
      vertex -27.9422 -25.5906 0
      vertex -27.9887 -25.6665 3
      vertex -27.9887 -25.6665 0
    endloop
  endfacet
  facet normal 0.333702 0.942679 -0
    outer loop
      vertex -27.0418 -28.1333 0
      vertex -27.1257 -28.1036 3
      vertex -27.0418 -28.1333 3
    endloop
  endfacet
  facet normal 0.333702 0.942679 0
    outer loop
      vertex -27.1257 -28.1036 3
      vertex -27.0418 -28.1333 0
      vertex -27.1257 -28.1036 0
    endloop
  endfacet
  facet normal 0.566577 0.824009 -0
    outer loop
      vertex -27.4424 -27.9422 0
      vertex -27.5157 -27.8918 3
      vertex -27.4424 -27.9422 3
    endloop
  endfacet
  facet normal 0.566577 0.824009 0
    outer loop
      vertex -27.5157 -27.8918 3
      vertex -27.4424 -27.9422 0
      vertex -27.5157 -27.8918 0
    endloop
  endfacet
  facet normal 0.0786731 -0.9969 0
    outer loop
      vertex -26.6942 -24.8258 0
      vertex -26.6055 -24.8188 3
      vertex -26.6942 -24.8258 3
    endloop
  endfacet
  facet normal 0.0786731 -0.9969 0
    outer loop
      vertex -26.6055 -24.8188 3
      vertex -26.6942 -24.8258 0
      vertex -26.6055 -24.8188 0
    endloop
  endfacet
  facet normal -0.793208 -0.60895 0
    outer loop
      vertex -25.1412 -25.5173 0
      vertex -25.1954 -25.4467 3
      vertex -25.1954 -25.4467 0
    endloop
  endfacet
  facet normal -0.793208 -0.60895 0
    outer loop
      vertex -25.1954 -25.4467 3
      vertex -25.1412 -25.5173 0
      vertex -25.1412 -25.5173 3
    endloop
  endfacet
  facet normal -0.852698 -0.522404 0
    outer loop
      vertex -25.0443 -25.6665 0
      vertex -25.0908 -25.5906 3
      vertex -25.0908 -25.5906 0
    endloop
  endfacet
  facet normal -0.852698 -0.522404 0
    outer loop
      vertex -25.0908 -25.5906 3
      vertex -25.0443 -25.6665 0
      vertex -25.0443 -25.6665 3
    endloop
  endfacet
  facet normal -0.688336 0.725392 0
    outer loop
      vertex -25.3144 -27.7186 0
      vertex -25.379 -27.7799 3
      vertex -25.3144 -27.7186 3
    endloop
  endfacet
  facet normal -0.688336 0.725392 0
    outer loop
      vertex -25.379 -27.7799 3
      vertex -25.3144 -27.7186 0
      vertex -25.379 -27.7799 0
    endloop
  endfacet
  facet normal -0.383179 0.923674 0
    outer loop
      vertex -25.8251 -28.0695 0
      vertex -25.9073 -28.1036 3
      vertex -25.8251 -28.0695 3
    endloop
  endfacet
  facet normal -0.383179 0.923674 0
    outer loop
      vertex -25.9073 -28.1036 3
      vertex -25.8251 -28.0695 0
      vertex -25.9073 -28.1036 0
    endloop
  endfacet
  facet normal -0.991462 -0.130396 0
    outer loop
      vertex -24.8258 -26.3388 0
      vertex -24.8374 -26.2506 3
      vertex -24.8374 -26.2506 0
    endloop
  endfacet
  facet normal -0.991462 -0.130396 0
    outer loop
      vertex -24.8374 -26.2506 3
      vertex -24.8258 -26.3388 0
      vertex -24.8258 -26.3388 3
    endloop
  endfacet
  facet normal 0.9969 -0.0786731 0
    outer loop
      vertex -28.2142 -26.4275 3
      vertex -28.2072 -26.3388 0
      vertex -28.2072 -26.3388 3
    endloop
  endfacet
  facet normal 0.9969 -0.0786731 0
    outer loop
      vertex -28.2072 -26.3388 0
      vertex -28.2142 -26.4275 3
      vertex -28.2142 -26.4275 0
    endloop
  endfacet
  facet normal 0.793751 0.608243 0
    outer loop
      vertex -27.8377 -27.5863 3
      vertex -27.8918 -27.5157 0
      vertex -27.8918 -27.5157 3
    endloop
  endfacet
  facet normal 0.793751 0.608243 0
    outer loop
      vertex -27.8918 -27.5157 0
      vertex -27.8377 -27.5863 3
      vertex -27.8377 -27.5863 0
    endloop
  endfacet
  facet normal 0.852698 0.522404 0
    outer loop
      vertex -27.9422 -27.4424 3
      vertex -27.9887 -27.3665 0
      vertex -27.9887 -27.3665 3
    endloop
  endfacet
  facet normal 0.852698 0.522404 0
    outer loop
      vertex -27.9887 -27.3665 0
      vertex -27.9422 -27.4424 3
      vertex -27.9422 -27.4424 0
    endloop
  endfacet
  facet normal 0.181848 0.983327 -0
    outer loop
      vertex -26.7824 -28.1956 0
      vertex -26.87 -28.1794 3
      vertex -26.7824 -28.1956 3
    endloop
  endfacet
  facet normal 0.181848 0.983327 0
    outer loop
      vertex -26.87 -28.1794 3
      vertex -26.7824 -28.1956 0
      vertex -26.87 -28.1794 0
    endloop
  endfacet
  facet normal -0.182049 0.983289 0
    outer loop
      vertex -26.1631 -28.1794 0
      vertex -26.2506 -28.1956 3
      vertex -26.1631 -28.1794 3
    endloop
  endfacet
  facet normal -0.182049 0.983289 0
    outer loop
      vertex -26.2506 -28.1956 3
      vertex -26.1631 -28.1794 0
      vertex -26.2506 -28.1956 0
    endloop
  endfacet
  facet normal -0.942679 -0.333702 0
    outer loop
      vertex -24.8997 -25.9912 0
      vertex -24.9294 -25.9073 3
      vertex -24.9294 -25.9073 0
    endloop
  endfacet
  facet normal -0.942679 -0.333702 0
    outer loop
      vertex -24.9294 -25.9073 3
      vertex -24.8997 -25.9912 0
      vertex -24.8997 -25.9912 3
    endloop
  endfacet
  facet normal -0.0258341 0.999666 0
    outer loop
      vertex -26.4275 -28.2142 0
      vertex -26.5165 -28.2165 3
      vertex -26.4275 -28.2142 3
    endloop
  endfacet
  facet normal -0.0258341 0.999666 0
    outer loop
      vertex -26.5165 -28.2165 3
      vertex -26.4275 -28.2142 0
      vertex -26.5165 -28.2165 0
    endloop
  endfacet
  facet normal 0.687745 -0.725953 0
    outer loop
      vertex -27.7186 -25.3144 0
      vertex -27.654 -25.2532 3
      vertex -27.7186 -25.3144 3
    endloop
  endfacet
  facet normal 0.687745 -0.725953 0
    outer loop
      vertex -27.654 -25.2532 3
      vertex -27.7186 -25.3144 0
      vertex -27.654 -25.2532 0
    endloop
  endfacet
  facet normal -0.566577 0.824009 0
    outer loop
      vertex -25.5173 -27.8918 0
      vertex -25.5906 -27.9422 3
      vertex -25.5173 -27.8918 3
    endloop
  endfacet
  facet normal -0.566577 0.824009 0
    outer loop
      vertex -25.5906 -27.9422 3
      vertex -25.5173 -27.8918 0
      vertex -25.5906 -27.9422 0
    endloop
  endfacet
  facet normal -0.824009 0.566577 0
    outer loop
      vertex -25.1412 -27.5157 0
      vertex -25.0908 -27.4424 3
      vertex -25.0908 -27.4424 0
    endloop
  endfacet
  facet normal -0.824009 0.566577 0
    outer loop
      vertex -25.0908 -27.4424 3
      vertex -25.1412 -27.5157 0
      vertex -25.1412 -27.5157 3
    endloop
  endfacet
  facet normal -0.130396 0.991462 0
    outer loop
      vertex -26.2506 -28.1956 0
      vertex -26.3388 -28.2072 3
      vertex -26.2506 -28.1956 3
    endloop
  endfacet
  facet normal -0.130396 0.991462 0
    outer loop
      vertex -26.3388 -28.2072 3
      vertex -26.2506 -28.1956 0
      vertex -26.3388 -28.2072 0
    endloop
  endfacet
  facet normal 0.991462 -0.130396 0
    outer loop
      vertex -28.2072 -26.3388 3
      vertex -28.1956 -26.2506 0
      vertex -28.1956 -26.2506 3
    endloop
  endfacet
  facet normal 0.991462 -0.130396 0
    outer loop
      vertex -28.1956 -26.2506 0
      vertex -28.2072 -26.3388 3
      vertex -28.2072 -26.3388 0
    endloop
  endfacet
  facet normal -0.64931 0.760524 0
    outer loop
      vertex -25.379 -27.7799 0
      vertex -25.4467 -27.8377 3
      vertex -25.379 -27.7799 3
    endloop
  endfacet
  facet normal -0.64931 0.760524 0
    outer loop
      vertex -25.4467 -27.8377 3
      vertex -25.379 -27.7799 0
      vertex -25.4467 -27.8377 0
    endloop
  endfacet
  facet normal 0.477513 -0.878625 0
    outer loop
      vertex -27.3665 -25.0443 0
      vertex -27.2883 -25.0018 3
      vertex -27.3665 -25.0443 3
    endloop
  endfacet
  facet normal 0.477513 -0.878625 0
    outer loop
      vertex -27.2883 -25.0018 3
      vertex -27.3665 -25.0443 0
      vertex -27.2883 -25.0018 0
    endloop
  endfacet
  facet normal 0.522404 -0.852698 0
    outer loop
      vertex -27.4424 -25.0908 0
      vertex -27.3665 -25.0443 3
      vertex -27.4424 -25.0908 3
    endloop
  endfacet
  facet normal 0.522404 -0.852698 0
    outer loop
      vertex -27.3665 -25.0443 3
      vertex -27.4424 -25.0908 0
      vertex -27.3665 -25.0443 0
    endloop
  endfacet
  facet normal 0.991462 0.130396 0
    outer loop
      vertex -28.1956 -26.7824 3
      vertex -28.2072 -26.6942 0
      vertex -28.2072 -26.6942 3
    endloop
  endfacet
  facet normal 0.991462 0.130396 0
    outer loop
      vertex -28.2072 -26.6942 0
      vertex -28.1956 -26.7824 3
      vertex -28.1956 -26.7824 0
    endloop
  endfacet
  facet normal 0.0258341 -0.999666 0
    outer loop
      vertex -26.6055 -24.8188 0
      vertex -26.5165 -24.8165 3
      vertex -26.6055 -24.8188 3
    endloop
  endfacet
  facet normal 0.0258341 -0.999666 0
    outer loop
      vertex -26.5165 -24.8165 3
      vertex -26.6055 -24.8188 0
      vertex -26.5165 -24.8165 0
    endloop
  endfacet
  facet normal -0.687745 -0.725953 0
    outer loop
      vertex -25.379 -25.2532 0
      vertex -25.3144 -25.3144 3
      vertex -25.379 -25.2532 3
    endloop
  endfacet
  facet normal -0.687745 -0.725953 -0
    outer loop
      vertex -25.3144 -25.3144 3
      vertex -25.379 -25.2532 0
      vertex -25.3144 -25.3144 0
    endloop
  endfacet
  facet normal -0.232481 -0.972601 0
    outer loop
      vertex -26.1631 -24.8537 0
      vertex -26.0765 -24.8744 3
      vertex -26.1631 -24.8537 3
    endloop
  endfacet
  facet normal -0.232481 -0.972601 -0
    outer loop
      vertex -26.0765 -24.8744 3
      vertex -26.1631 -24.8537 0
      vertex -26.0765 -24.8744 0
    endloop
  endfacet
  facet normal -0.284356 -0.958719 0
    outer loop
      vertex -26.0765 -24.8744 0
      vertex -25.9912 -24.8997 3
      vertex -26.0765 -24.8744 3
    endloop
  endfacet
  facet normal -0.284356 -0.958719 -0
    outer loop
      vertex -25.9912 -24.8997 3
      vertex -26.0765 -24.8744 0
      vertex -25.9912 -24.8997 0
    endloop
  endfacet
  facet normal 0.725392 0.688336 0
    outer loop
      vertex -27.7186 -27.7186 3
      vertex -27.7799 -27.654 0
      vertex -27.7799 -27.654 3
    endloop
  endfacet
  facet normal 0.725392 0.688336 0
    outer loop
      vertex -27.7799 -27.654 0
      vertex -27.7186 -27.7186 3
      vertex -27.7186 -27.7186 0
    endloop
  endfacet
  facet normal 0.972285 0.233798 0
    outer loop
      vertex -28.1586 -26.9565 3
      vertex -28.1794 -26.87 0
      vertex -28.1794 -26.87 3
    endloop
  endfacet
  facet normal 0.972285 0.233798 0
    outer loop
      vertex -28.1794 -26.87 0
      vertex -28.1586 -26.9565 3
      vertex -28.1586 -26.9565 0
    endloop
  endfacet
  facet normal -0.9969 -0.0786731 0
    outer loop
      vertex -24.8188 -26.4275 0
      vertex -24.8258 -26.3388 3
      vertex -24.8258 -26.3388 0
    endloop
  endfacet
  facet normal -0.9969 -0.0786731 0
    outer loop
      vertex -24.8258 -26.3388 3
      vertex -24.8188 -26.4275 0
      vertex -24.8188 -26.4275 3
    endloop
  endfacet
  facet normal 0.972347 -0.233543 0
    outer loop
      vertex -28.1794 -26.1631 3
      vertex -28.1586 -26.0765 0
      vertex -28.1586 -26.0765 3
    endloop
  endfacet
  facet normal 0.972347 -0.233543 0
    outer loop
      vertex -28.1586 -26.0765 0
      vertex -28.1794 -26.1631 3
      vertex -28.1794 -26.1631 0
    endloop
  endfacet
  facet normal 0.983289 -0.182049 0
    outer loop
      vertex -28.1956 -26.2506 3
      vertex -28.1794 -26.1631 0
      vertex -28.1794 -26.1631 3
    endloop
  endfacet
  facet normal 0.983289 -0.182049 0
    outer loop
      vertex -28.1794 -26.1631 0
      vertex -28.1956 -26.2506 3
      vertex -28.1956 -26.2506 0
    endloop
  endfacet
  facet normal -0.972601 -0.232481 0
    outer loop
      vertex -24.8537 -26.1631 0
      vertex -24.8744 -26.0765 3
      vertex -24.8744 -26.0765 0
    endloop
  endfacet
  facet normal -0.972601 -0.232481 0
    outer loop
      vertex -24.8744 -26.0765 3
      vertex -24.8537 -26.1631 0
      vertex -24.8537 -26.1631 3
    endloop
  endfacet
  facet normal 0.902798 -0.430064 0
    outer loop
      vertex -28.0695 -25.8251 3
      vertex -28.0312 -25.7447 0
      vertex -28.0312 -25.7447 3
    endloop
  endfacet
  facet normal 0.902798 -0.430064 0
    outer loop
      vertex -28.0312 -25.7447 0
      vertex -28.0695 -25.8251 3
      vertex -28.0695 -25.8251 0
    endloop
  endfacet
  facet normal 0.333702 -0.942679 0
    outer loop
      vertex -27.1257 -24.9294 0
      vertex -27.0418 -24.8997 3
      vertex -27.1257 -24.9294 3
    endloop
  endfacet
  facet normal 0.333702 -0.942679 0
    outer loop
      vertex -27.0418 -24.8997 3
      vertex -27.1257 -24.9294 0
      vertex -27.0418 -24.8997 0
    endloop
  endfacet
  facet normal -0.522404 0.852698 0
    outer loop
      vertex -25.5906 -27.9422 0
      vertex -25.6665 -27.9887 3
      vertex -25.5906 -27.9422 3
    endloop
  endfacet
  facet normal -0.522404 0.852698 0
    outer loop
      vertex -25.6665 -27.9887 3
      vertex -25.5906 -27.9422 0
      vertex -25.6665 -27.9887 0
    endloop
  endfacet
  facet normal -0.958719 -0.284356 0
    outer loop
      vertex -24.8744 -26.0765 0
      vertex -24.8997 -25.9912 3
      vertex -24.8997 -25.9912 0
    endloop
  endfacet
  facet normal -0.958719 -0.284356 0
    outer loop
      vertex -24.8997 -25.9912 3
      vertex -24.8744 -26.0765 0
      vertex -24.8744 -26.0765 3
    endloop
  endfacet
  facet normal -0.383179 -0.923674 0
    outer loop
      vertex -25.9073 -24.9294 0
      vertex -25.8251 -24.9635 3
      vertex -25.9073 -24.9294 3
    endloop
  endfacet
  facet normal -0.383179 -0.923674 -0
    outer loop
      vertex -25.8251 -24.9635 3
      vertex -25.9073 -24.9294 0
      vertex -25.8251 -24.9635 0
    endloop
  endfacet
  facet normal 0.130396 0.991462 -0
    outer loop
      vertex -26.6942 -28.2072 0
      vertex -26.7824 -28.1956 3
      vertex -26.6942 -28.2072 3
    endloop
  endfacet
  facet normal 0.130396 0.991462 0
    outer loop
      vertex -26.7824 -28.1956 3
      vertex -26.6942 -28.2072 0
      vertex -26.7824 -28.1956 0
    endloop
  endfacet
  facet normal 0.64931 -0.760524 0
    outer loop
      vertex -27.654 -25.2532 0
      vertex -27.5863 -25.1954 3
      vertex -27.654 -25.2532 3
    endloop
  endfacet
  facet normal 0.64931 -0.760524 0
    outer loop
      vertex -27.5863 -25.1954 3
      vertex -27.654 -25.2532 0
      vertex -27.5863 -25.1954 0
    endloop
  endfacet
  facet normal -0.477513 0.878625 0
    outer loop
      vertex -25.6665 -27.9887 0
      vertex -25.7447 -28.0312 3
      vertex -25.6665 -27.9887 3
    endloop
  endfacet
  facet normal -0.477513 0.878625 0
    outer loop
      vertex -25.7447 -28.0312 3
      vertex -25.6665 -27.9887 0
      vertex -25.7447 -28.0312 0
    endloop
  endfacet
  facet normal 0.999666 0.0258341 0
    outer loop
      vertex -28.2142 -26.6055 3
      vertex -28.2165 -26.5165 0
      vertex -28.2165 -26.5165 3
    endloop
  endfacet
  facet normal 0.999666 0.0258341 0
    outer loop
      vertex -28.2165 -26.5165 0
      vertex -28.2142 -26.6055 3
      vertex -28.2142 -26.6055 0
    endloop
  endfacet
  facet normal 0.999666 -0.0258341 0
    outer loop
      vertex -28.2165 -26.5165 3
      vertex -28.2142 -26.4275 0
      vertex -28.2142 -26.4275 3
    endloop
  endfacet
  facet normal 0.999666 -0.0258341 0
    outer loop
      vertex -28.2142 -26.4275 0
      vertex -28.2165 -26.5165 3
      vertex -28.2165 -26.5165 0
    endloop
  endfacet
  facet normal -0.958719 0.284356 0
    outer loop
      vertex -24.8997 -27.0418 0
      vertex -24.8744 -26.9565 3
      vertex -24.8744 -26.9565 0
    endloop
  endfacet
  facet normal -0.958719 0.284356 0
    outer loop
      vertex -24.8744 -26.9565 3
      vertex -24.8997 -27.0418 0
      vertex -24.8997 -27.0418 3
    endloop
  endfacet
  facet normal -0.97254 0.232735 0
    outer loop
      vertex -24.8744 -26.9565 0
      vertex -24.8537 -26.87 3
      vertex -24.8537 -26.87 0
    endloop
  endfacet
  facet normal -0.97254 0.232735 0
    outer loop
      vertex -24.8537 -26.87 3
      vertex -24.8744 -26.9565 0
      vertex -24.8744 -26.9565 3
    endloop
  endfacet
  facet normal -0.991462 0.130396 0
    outer loop
      vertex -24.8374 -26.7824 0
      vertex -24.8258 -26.6942 3
      vertex -24.8258 -26.6942 0
    endloop
  endfacet
  facet normal -0.991462 0.130396 0
    outer loop
      vertex -24.8258 -26.6942 3
      vertex -24.8374 -26.7824 0
      vertex -24.8374 -26.7824 3
    endloop
  endfacet
  facet normal -0.983088 -0.183135 0
    outer loop
      vertex -24.8374 -26.2506 0
      vertex -24.8537 -26.1631 3
      vertex -24.8537 -26.1631 0
    endloop
  endfacet
  facet normal -0.983088 -0.183135 0
    outer loop
      vertex -24.8537 -26.1631 3
      vertex -24.8374 -26.2506 0
      vertex -24.8374 -26.2506 3
    endloop
  endfacet
  facet normal -0.824009 -0.566577 0
    outer loop
      vertex -25.0908 -25.5906 0
      vertex -25.1412 -25.5173 3
      vertex -25.1412 -25.5173 0
    endloop
  endfacet
  facet normal -0.824009 -0.566577 0
    outer loop
      vertex -25.1412 -25.5173 3
      vertex -25.0908 -25.5906 0
      vertex -25.0908 -25.5906 3
    endloop
  endfacet
  facet normal -0.923839 0.382781 0
    outer loop
      vertex -24.9635 -27.208 0
      vertex -24.9294 -27.1257 3
      vertex -24.9294 -27.1257 0
    endloop
  endfacet
  facet normal -0.923839 0.382781 0
    outer loop
      vertex -24.9294 -27.1257 3
      vertex -24.9635 -27.208 0
      vertex -24.9635 -27.208 3
    endloop
  endfacet
  facet normal 0.923674 -0.383179 0
    outer loop
      vertex -28.1036 -25.9073 3
      vertex -28.0695 -25.8251 0
      vertex -28.0695 -25.8251 3
    endloop
  endfacet
  facet normal 0.923674 -0.383179 0
    outer loop
      vertex -28.0695 -25.8251 0
      vertex -28.1036 -25.9073 3
      vertex -28.1036 -25.9073 0
    endloop
  endfacet
  facet normal 0.382781 -0.923839 0
    outer loop
      vertex -27.208 -24.9635 0
      vertex -27.1257 -24.9294 3
      vertex -27.208 -24.9635 3
    endloop
  endfacet
  facet normal 0.382781 -0.923839 0
    outer loop
      vertex -27.1257 -24.9294 3
      vertex -27.208 -24.9635 0
      vertex -27.1257 -24.9294 0
    endloop
  endfacet
  facet normal -0.333702 -0.942679 0
    outer loop
      vertex -25.9912 -24.8997 0
      vertex -25.9073 -24.9294 3
      vertex -25.9912 -24.8997 3
    endloop
  endfacet
  facet normal -0.333702 -0.942679 -0
    outer loop
      vertex -25.9073 -24.9294 3
      vertex -25.9912 -24.8997 0
      vertex -25.9073 -24.9294 0
    endloop
  endfacet
  facet normal 0.182933 -0.983125 0
    outer loop
      vertex -26.87 -24.8537 0
      vertex -26.7824 -24.8374 3
      vertex -26.87 -24.8537 3
    endloop
  endfacet
  facet normal 0.182933 -0.983125 0
    outer loop
      vertex -26.7824 -24.8374 3
      vertex -26.87 -24.8537 0
      vertex -26.7824 -24.8374 0
    endloop
  endfacet
  facet normal 0.649387 0.760458 -0
    outer loop
      vertex -28.5618 -29.0422 3
      vertex -28.6912 -28.9317 5
      vertex -28.5618 -29.0422 5
    endloop
  endfacet
  facet normal 0.649387 0.760458 0
    outer loop
      vertex -28.6912 -28.9317 5
      vertex -28.5618 -29.0422 3
      vertex -28.6912 -28.9317 3
    endloop
  endfacet
  facet normal 0.688348 0.725381 -0
    outer loop
      vertex -28.6912 -28.9317 3
      vertex -28.8146 -28.8146 5
      vertex -28.6912 -28.9317 5
    endloop
  endfacet
  facet normal 0.688348 0.725381 0
    outer loop
      vertex -28.8146 -28.8146 5
      vertex -28.6912 -28.9317 3
      vertex -28.8146 -28.8146 3
    endloop
  endfacet
  facet normal 0.608802 0.793323 -0
    outer loop
      vertex -28.4268 -29.1458 3
      vertex -28.5618 -29.0422 5
      vertex -28.4268 -29.1458 5
    endloop
  endfacet
  facet normal 0.608802 0.793323 0
    outer loop
      vertex -28.5618 -29.0422 5
      vertex -28.4268 -29.1458 3
      vertex -28.5618 -29.0422 3
    endloop
  endfacet
  facet normal 0.98324 -0.182314 0
    outer loop
      vertex -29.6955 -25.8408 5
      vertex -29.7245 -25.9972 3
      vertex -29.6955 -25.8408 3
    endloop
  endfacet
  facet normal 0.983263 -0.182194 -9.69745e-06
    outer loop
      vertex -29.7265 -26.0081 5
      vertex -29.7245 -25.9972 3
      vertex -29.6955 -25.8408 5
    endloop
  endfacet
  facet normal 0.98358 -0.180473 0
    outer loop
      vertex -29.7245 -25.9972 3
      vertex -29.7265 -26.0081 5
      vertex -29.7265 -26.0081 3
    endloop
  endfacet
  facet normal -0.430207 -0.90273 0
    outer loop
      vertex -25.1946 -23.5475 3
      vertex -25.041 -23.6207 5
      vertex -25.1946 -23.5475 5
    endloop
  endfacet
  facet normal -0.430207 -0.90273 -0
    outer loop
      vertex -25.041 -23.6207 5
      vertex -25.1946 -23.5475 3
      vertex -25.041 -23.6207 3
    endloop
  endfacet
  facet normal -0.725381 0.688348 0
    outer loop
      vertex -24.2184 -28.8146 3
      vertex -24.1013 -28.6912 5
      vertex -24.1013 -28.6912 3
    endloop
  endfacet
  facet normal -0.725381 0.688348 0
    outer loop
      vertex -24.1013 -28.6912 5
      vertex -24.2184 -28.8146 3
      vertex -24.2184 -28.8146 5
    endloop
  endfacet
  facet normal -0.760458 -0.649387 0
    outer loop
      vertex -23.9908 -24.4712 3
      vertex -24.1013 -24.3418 5
      vertex -24.1013 -24.3418 3
    endloop
  endfacet
  facet normal -0.760458 -0.649387 0
    outer loop
      vertex -24.1013 -24.3418 5
      vertex -23.9908 -24.4712 3
      vertex -23.9908 -24.4712 5
    endloop
  endfacet
  facet normal 0.958679 0.284489 0
    outer loop
      vertex -29.6074 -27.5208 5
      vertex -29.6558 -27.3577 3
      vertex -29.6558 -27.3577 5
    endloop
  endfacet
  facet normal 0.958679 0.284489 0
    outer loop
      vertex -29.6558 -27.3577 3
      vertex -29.6074 -27.5208 5
      vertex -29.6074 -27.5208 3
    endloop
  endfacet
  facet normal -0.608802 0.793323 0
    outer loop
      vertex -24.4712 -29.0422 3
      vertex -24.6062 -29.1458 5
      vertex -24.4712 -29.0422 5
    endloop
  endfacet
  facet normal -0.608802 0.793323 0
    outer loop
      vertex -24.6062 -29.1458 5
      vertex -24.4712 -29.0422 3
      vertex -24.6062 -29.1458 3
    endloop
  endfacet
  facet normal -0.852686 -0.522424 0
    outer loop
      vertex -23.7019 -24.8915 3
      vertex -23.7908 -24.7464 5
      vertex -23.7908 -24.7464 3
    endloop
  endfacet
  facet normal -0.852686 -0.522424 0
    outer loop
      vertex -23.7908 -24.7464 5
      vertex -23.7019 -24.8915 3
      vertex -23.7019 -24.8915 5
    endloop
  endfacet
  facet normal -0.182194 0.983263 0
    outer loop
      vertex -25.8408 -29.6955 3
      vertex -26.0081 -29.7265 5
      vertex -25.8408 -29.6955 5
    endloop
  endfacet
  facet normal -0.182314 0.98324 -1.03731e-05
    outer loop
      vertex -25.9972 -29.7245 3
      vertex -26.0081 -29.7265 5
      vertex -25.8408 -29.6955 3
    endloop
  endfacet
  facet normal -0.180473 0.98358 0
    outer loop
      vertex -26.0081 -29.7265 5
      vertex -25.9972 -29.7245 3
      vertex -26.0081 -29.7265 3
    endloop
  endfacet
  facet normal -0.972414 0.233262 0
    outer loop
      vertex -23.3772 -27.3577 3
      vertex -23.3375 -27.1922 5
      vertex -23.3375 -27.1922 3
    endloop
  endfacet
  facet normal -0.972414 0.233262 0
    outer loop
      vertex -23.3375 -27.1922 5
      vertex -23.3772 -27.3577 3
      vertex -23.3772 -27.3577 5
    endloop
  endfacet
  facet normal 0.793323 -0.608802 0
    outer loop
      vertex -29.1458 -24.6062 5
      vertex -29.0422 -24.4712 3
      vertex -29.0422 -24.4712 5
    endloop
  endfacet
  facet normal 0.793323 -0.608802 0
    outer loop
      vertex -29.0422 -24.4712 3
      vertex -29.1458 -24.6062 5
      vertex -29.1458 -24.6062 3
    endloop
  endfacet
  facet normal 0.852686 0.522424 0
    outer loop
      vertex -29.2422 -28.2866 5
      vertex -29.3311 -28.1415 3
      vertex -29.3311 -28.1415 5
    endloop
  endfacet
  facet normal 0.852686 0.522424 0
    outer loop
      vertex -29.3311 -28.1415 3
      vertex -29.2422 -28.2866 5
      vertex -29.2422 -28.2866 3
    endloop
  endfacet
  facet normal 0.13047 -0.991452 0
    outer loop
      vertex -27.0249 -23.3065 3
      vertex -26.8562 -23.2843 5
      vertex -27.0249 -23.3065 5
    endloop
  endfacet
  facet normal 0.13047 -0.991452 0
    outer loop
      vertex -26.8562 -23.2843 5
      vertex -27.0249 -23.3065 3
      vertex -26.8562 -23.2843 3
    endloop
  endfacet
  facet normal -0.284489 0.958679 0
    outer loop
      vertex -25.5122 -29.6074 3
      vertex -25.6753 -29.6558 5
      vertex -25.5122 -29.6074 5
    endloop
  endfacet
  facet normal -0.284489 0.958679 0
    outer loop
      vertex -25.6753 -29.6558 5
      vertex -25.5122 -29.6074 3
      vertex -25.6753 -29.6558 3
    endloop
  endfacet
  facet normal -0.233262 0.972414 0
    outer loop
      vertex -25.6753 -29.6558 3
      vertex -25.8408 -29.6955 5
      vertex -25.6753 -29.6558 5
    endloop
  endfacet
  facet normal -0.233262 0.972414 0
    outer loop
      vertex -25.8408 -29.6955 5
      vertex -25.6753 -29.6558 3
      vertex -25.8408 -29.6955 3
    endloop
  endfacet
  facet normal -0.13047 0.991452 0
    outer loop
      vertex -26.0081 -29.7265 3
      vertex -26.1768 -29.7487 5
      vertex -26.0081 -29.7265 5
    endloop
  endfacet
  facet normal -0.13047 0.991452 0
    outer loop
      vertex -26.1768 -29.7487 5
      vertex -26.0081 -29.7265 3
      vertex -26.1768 -29.7487 3
    endloop
  endfacet
  facet normal -0.99965 0.0264458 0
    outer loop
      vertex -23.271 -26.6866 3
      vertex -23.2665 -26.5165 5
      vertex -23.2665 -26.5165 3
    endloop
  endfacet
  facet normal -0.99965 0.0264458 0
    outer loop
      vertex -23.2665 -26.5165 5
      vertex -23.271 -26.6866 3
      vertex -23.271 -26.6866 5
    endloop
  endfacet
  facet normal 0.90273 -0.430207 0
    outer loop
      vertex -29.4855 -25.1946 5
      vertex -29.4123 -25.041 3
      vertex -29.4123 -25.041 5
    endloop
  endfacet
  facet normal 0.90273 -0.430207 0
    outer loop
      vertex -29.4123 -25.041 3
      vertex -29.4855 -25.1946 5
      vertex -29.4855 -25.1946 3
    endloop
  endfacet
  facet normal 0.725381 -0.688348 0
    outer loop
      vertex -28.9317 -24.3418 5
      vertex -28.8146 -24.2184 3
      vertex -28.8146 -24.2184 5
    endloop
  endfacet
  facet normal 0.725381 -0.688348 0
    outer loop
      vertex -28.8146 -24.2184 3
      vertex -28.9317 -24.3418 5
      vertex -28.9317 -24.3418 3
    endloop
  endfacet
  facet normal -0.608802 -0.793323 0
    outer loop
      vertex -24.6062 -23.8872 3
      vertex -24.4712 -23.9908 5
      vertex -24.6062 -23.8872 5
    endloop
  endfacet
  facet normal -0.608802 -0.793323 -0
    outer loop
      vertex -24.4712 -23.9908 5
      vertex -24.6062 -23.8872 3
      vertex -24.4712 -23.9908 3
    endloop
  endfacet
  facet normal 0.878748 0.477286 0
    outer loop
      vertex -29.3311 -28.1415 5
      vertex -29.4123 -27.992 3
      vertex -29.4123 -27.992 5
    endloop
  endfacet
  facet normal 0.878748 0.477286 0
    outer loop
      vertex -29.4123 -27.992 3
      vertex -29.3311 -28.1415 5
      vertex -29.3311 -28.1415 3
    endloop
  endfacet
  facet normal 0.999666 0.0258585 0
    outer loop
      vertex -29.7621 -26.6866 5
      vertex -29.7665 -26.5165 3
      vertex -29.7665 -26.5165 5
    endloop
  endfacet
  facet normal 0.999666 0.0258585 0
    outer loop
      vertex -29.7665 -26.5165 3
      vertex -29.7621 -26.6866 5
      vertex -29.7621 -26.6866 3
    endloop
  endfacet
  facet normal 0.382611 0.923909 -0
    outer loop
      vertex -27.6812 -29.5506 3
      vertex -27.8384 -29.4855 5
      vertex -27.6812 -29.5506 5
    endloop
  endfacet
  facet normal 0.382611 0.923909 0
    outer loop
      vertex -27.8384 -29.4855 5
      vertex -27.6812 -29.5506 3
      vertex -27.8384 -29.4855 3
    endloop
  endfacet
  facet normal 0.725381 0.688348 0
    outer loop
      vertex -28.8146 -28.8146 5
      vertex -28.9317 -28.6912 3
      vertex -28.9317 -28.6912 5
    endloop
  endfacet
  facet normal 0.725381 0.688348 0
    outer loop
      vertex -28.9317 -28.6912 3
      vertex -28.8146 -28.8146 5
      vertex -28.8146 -28.8146 3
    endloop
  endfacet
  facet normal 0.991452 0.13047 0
    outer loop
      vertex -29.7265 -27.0249 5
      vertex -29.7487 -26.8562 3
      vertex -29.7487 -26.8562 5
    endloop
  endfacet
  facet normal 0.991452 0.13047 0
    outer loop
      vertex -29.7487 -26.8562 3
      vertex -29.7265 -27.0249 5
      vertex -29.7265 -27.0249 3
    endloop
  endfacet
  facet normal 0.233262 -0.972414 0
    outer loop
      vertex -27.3577 -23.3772 3
      vertex -27.1922 -23.3375 5
      vertex -27.3577 -23.3772 5
    endloop
  endfacet
  facet normal 0.233262 -0.972414 0
    outer loop
      vertex -27.1922 -23.3375 5
      vertex -27.3577 -23.3772 3
      vertex -27.1922 -23.3375 3
    endloop
  endfacet
  facet normal -0.688348 -0.725381 0
    outer loop
      vertex -24.3418 -24.1013 3
      vertex -24.2184 -24.2184 5
      vertex -24.3418 -24.1013 5
    endloop
  endfacet
  facet normal -0.688348 -0.725381 -0
    outer loop
      vertex -24.2184 -24.2184 5
      vertex -24.3418 -24.1013 3
      vertex -24.2184 -24.2184 3
    endloop
  endfacet
  facet normal -0.078764 0.996893 0
    outer loop
      vertex -26.1768 -29.7487 3
      vertex -26.3464 -29.7621 5
      vertex -26.1768 -29.7487 5
    endloop
  endfacet
  facet normal -0.078764 0.996893 0
    outer loop
      vertex -26.3464 -29.7621 5
      vertex -26.1768 -29.7487 3
      vertex -26.3464 -29.7621 3
    endloop
  endfacet
  facet normal 0.233262 0.972414 -0
    outer loop
      vertex -27.1922 -29.6955 3
      vertex -27.3577 -29.6558 5
      vertex -27.1922 -29.6955 5
    endloop
  endfacet
  facet normal 0.233262 0.972414 0
    outer loop
      vertex -27.3577 -29.6558 5
      vertex -27.1922 -29.6955 3
      vertex -27.3577 -29.6558 3
    endloop
  endfacet
  facet normal 0.972414 0.233262 0
    outer loop
      vertex -29.6558 -27.3577 5
      vertex -29.6955 -27.1922 3
      vertex -29.6955 -27.1922 5
    endloop
  endfacet
  facet normal 0.972414 0.233262 0
    outer loop
      vertex -29.6955 -27.1922 3
      vertex -29.6558 -27.3577 5
      vertex -29.6558 -27.3577 3
    endloop
  endfacet
  facet normal 0.90273 0.430207 0
    outer loop
      vertex -29.4123 -27.992 5
      vertex -29.4855 -27.8384 3
      vertex -29.4855 -27.8384 5
    endloop
  endfacet
  facet normal 0.90273 0.430207 0
    outer loop
      vertex -29.4855 -27.8384 3
      vertex -29.4123 -27.992 5
      vertex -29.4123 -27.992 3
    endloop
  endfacet
  facet normal 0.284489 0.958679 -0
    outer loop
      vertex -27.3577 -29.6558 3
      vertex -27.5208 -29.6074 5
      vertex -27.3577 -29.6558 5
    endloop
  endfacet
  facet normal 0.284489 0.958679 0
    outer loop
      vertex -27.5208 -29.6074 5
      vertex -27.3577 -29.6558 3
      vertex -27.5208 -29.6074 3
    endloop
  endfacet
  facet normal -0.477286 0.878748 0
    outer loop
      vertex -24.8915 -29.3311 3
      vertex -25.041 -29.4123 5
      vertex -24.8915 -29.3311 5
    endloop
  endfacet
  facet normal -0.477286 0.878748 0
    outer loop
      vertex -25.041 -29.4123 5
      vertex -24.8915 -29.3311 3
      vertex -25.041 -29.4123 3
    endloop
  endfacet
  facet normal 0.477286 0.878748 -0
    outer loop
      vertex -27.992 -29.4123 3
      vertex -28.1415 -29.3311 5
      vertex -27.992 -29.4123 5
    endloop
  endfacet
  facet normal 0.477286 0.878748 0
    outer loop
      vertex -28.1415 -29.3311 5
      vertex -27.992 -29.4123 3
      vertex -28.1415 -29.3311 3
    endloop
  endfacet
  facet normal -0.522424 0.852686 0
    outer loop
      vertex -24.7464 -29.2422 3
      vertex -24.8915 -29.3311 5
      vertex -24.7464 -29.2422 5
    endloop
  endfacet
  facet normal -0.522424 0.852686 0
    outer loop
      vertex -24.8915 -29.3311 5
      vertex -24.7464 -29.2422 3
      vertex -24.8915 -29.3311 3
    endloop
  endfacet
  facet normal -0.878748 0.477286 0
    outer loop
      vertex -23.7019 -28.1415 3
      vertex -23.6207 -27.992 5
      vertex -23.6207 -27.992 3
    endloop
  endfacet
  facet normal -0.878748 0.477286 0
    outer loop
      vertex -23.6207 -27.992 5
      vertex -23.7019 -28.1415 3
      vertex -23.7019 -28.1415 5
    endloop
  endfacet
  facet normal 0.923909 0.382611 0
    outer loop
      vertex -29.4855 -27.8384 5
      vertex -29.5506 -27.6812 3
      vertex -29.5506 -27.6812 5
    endloop
  endfacet
  facet normal 0.923909 0.382611 0
    outer loop
      vertex -29.5506 -27.6812 3
      vertex -29.4855 -27.8384 5
      vertex -29.4855 -27.8384 3
    endloop
  endfacet
  facet normal -0.688348 0.725381 0
    outer loop
      vertex -24.2184 -28.8146 3
      vertex -24.3418 -28.9317 5
      vertex -24.2184 -28.8146 5
    endloop
  endfacet
  facet normal -0.688348 0.725381 0
    outer loop
      vertex -24.3418 -28.9317 5
      vertex -24.2184 -28.8146 3
      vertex -24.3418 -28.9317 3
    endloop
  endfacet
  facet normal 0.333804 0.942643 -0
    outer loop
      vertex -27.5208 -29.6074 3
      vertex -27.6812 -29.5506 5
      vertex -27.5208 -29.6074 5
    endloop
  endfacet
  facet normal 0.333804 0.942643 0
    outer loop
      vertex -27.6812 -29.5506 5
      vertex -27.5208 -29.6074 3
      vertex -27.6812 -29.5506 3
    endloop
  endfacet
  facet normal 0.991452 -0.13047 0
    outer loop
      vertex -29.7487 -26.1768 5
      vertex -29.7265 -26.0081 3
      vertex -29.7265 -26.0081 5
    endloop
  endfacet
  facet normal 0.991452 -0.13047 0
    outer loop
      vertex -29.7265 -26.0081 3
      vertex -29.7487 -26.1768 5
      vertex -29.7487 -26.1768 3
    endloop
  endfacet
  facet normal -0.477286 -0.878748 0
    outer loop
      vertex -25.041 -23.6207 3
      vertex -24.8915 -23.7019 5
      vertex -25.041 -23.6207 5
    endloop
  endfacet
  facet normal -0.477286 -0.878748 -0
    outer loop
      vertex -24.8915 -23.7019 5
      vertex -25.041 -23.6207 3
      vertex -24.8915 -23.7019 3
    endloop
  endfacet
  facet normal 0.430207 0.90273 -0
    outer loop
      vertex -27.8384 -29.4855 3
      vertex -27.992 -29.4123 5
      vertex -27.8384 -29.4855 5
    endloop
  endfacet
  facet normal 0.430207 0.90273 0
    outer loop
      vertex -27.992 -29.4123 5
      vertex -27.8384 -29.4855 3
      vertex -27.992 -29.4123 3
    endloop
  endfacet
  facet normal 0.608802 -0.793323 0
    outer loop
      vertex -28.5618 -23.9908 3
      vertex -28.4268 -23.8872 5
      vertex -28.5618 -23.9908 5
    endloop
  endfacet
  facet normal 0.608802 -0.793323 0
    outer loop
      vertex -28.4268 -23.8872 5
      vertex -28.5618 -23.9908 3
      vertex -28.4268 -23.8872 3
    endloop
  endfacet
  facet normal 0.999666 -0.0258585 0
    outer loop
      vertex -29.7665 -26.5165 5
      vertex -29.7621 -26.3464 3
      vertex -29.7621 -26.3464 5
    endloop
  endfacet
  facet normal 0.999666 -0.0258585 0
    outer loop
      vertex -29.7621 -26.3464 3
      vertex -29.7665 -26.5165 5
      vertex -29.7665 -26.5165 3
    endloop
  endfacet
  facet normal 0.793323 0.608802 0
    outer loop
      vertex -29.0422 -28.5618 5
      vertex -29.1458 -28.4268 3
      vertex -29.1458 -28.4268 5
    endloop
  endfacet
  facet normal 0.793323 0.608802 0
    outer loop
      vertex -29.1458 -28.4268 3
      vertex -29.0422 -28.5618 5
      vertex -29.0422 -28.5618 3
    endloop
  endfacet
  facet normal -0.0264458 -0.99965 0
    outer loop
      vertex -26.5165 -23.2665 3
      vertex -26.3464 -23.271 5
      vertex -26.5165 -23.2665 5
    endloop
  endfacet
  facet normal -0.0264458 -0.99965 -0
    outer loop
      vertex -26.3464 -23.271 5
      vertex -26.5165 -23.2665 3
      vertex -26.3464 -23.271 3
    endloop
  endfacet
  facet normal 0.566579 -0.824008 0
    outer loop
      vertex -28.4268 -23.8872 3
      vertex -28.2866 -23.7908 5
      vertex -28.4268 -23.8872 5
    endloop
  endfacet
  facet normal 0.566579 -0.824008 0
    outer loop
      vertex -28.2866 -23.7908 5
      vertex -28.4268 -23.8872 3
      vertex -28.2866 -23.7908 3
    endloop
  endfacet
  facet normal 0.078764 0.996893 -0
    outer loop
      vertex -26.6866 -29.7621 3
      vertex -26.8562 -29.7487 5
      vertex -26.6866 -29.7621 5
    endloop
  endfacet
  facet normal 0.078764 0.996893 0
    outer loop
      vertex -26.8562 -29.7487 5
      vertex -26.6866 -29.7621 3
      vertex -26.8562 -29.7487 3
    endloop
  endfacet
  facet normal -0.182194 -0.983263 0
    outer loop
      vertex -26.0081 -23.3065 3
      vertex -25.8408 -23.3375 5
      vertex -26.0081 -23.3065 5
    endloop
  endfacet
  facet normal -0.182194 -0.983263 -0
    outer loop
      vertex -25.8408 -23.3375 5
      vertex -26.0081 -23.3065 3
      vertex -25.8408 -23.3375 3
    endloop
  endfacet
  facet normal -0.793323 -0.608802 0
    outer loop
      vertex -23.8872 -24.6062 3
      vertex -23.9908 -24.4712 5
      vertex -23.9908 -24.4712 3
    endloop
  endfacet
  facet normal -0.793323 -0.608802 0
    outer loop
      vertex -23.9908 -24.4712 5
      vertex -23.8872 -24.6062 3
      vertex -23.8872 -24.6062 5
    endloop
  endfacet
  facet normal -0.760458 0.649387 0
    outer loop
      vertex -24.1013 -28.6912 3
      vertex -23.9908 -28.5618 5
      vertex -23.9908 -28.5618 3
    endloop
  endfacet
  facet normal -0.760458 0.649387 0
    outer loop
      vertex -23.9908 -28.5618 5
      vertex -24.1013 -28.6912 3
      vertex -24.1013 -28.6912 5
    endloop
  endfacet
  facet normal 0.430207 -0.90273 0
    outer loop
      vertex -27.992 -23.6207 3
      vertex -27.8384 -23.5475 5
      vertex -27.992 -23.6207 5
    endloop
  endfacet
  facet normal 0.430207 -0.90273 0
    outer loop
      vertex -27.8384 -23.5475 5
      vertex -27.992 -23.6207 3
      vertex -27.8384 -23.5475 3
    endloop
  endfacet
  facet normal 0.996893 0.078764 0
    outer loop
      vertex -29.7487 -26.8562 5
      vertex -29.7621 -26.6866 3
      vertex -29.7621 -26.6866 5
    endloop
  endfacet
  facet normal 0.996893 0.078764 0
    outer loop
      vertex -29.7621 -26.6866 3
      vertex -29.7487 -26.8562 5
      vertex -29.7487 -26.8562 3
    endloop
  endfacet
  facet normal -0.0781798 -0.996939 0
    outer loop
      vertex -26.3464 -23.271 3
      vertex -26.1768 -23.2843 5
      vertex -26.3464 -23.271 5
    endloop
  endfacet
  facet normal -0.0781798 -0.996939 -0
    outer loop
      vertex -26.1768 -23.2843 5
      vertex -26.3464 -23.271 3
      vertex -26.1768 -23.2843 3
    endloop
  endfacet
  facet normal -0.942643 -0.333804 0
    outer loop
      vertex -23.4256 -25.5122 3
      vertex -23.4824 -25.3518 5
      vertex -23.4824 -25.3518 3
    endloop
  endfacet
  facet normal -0.942643 -0.333804 0
    outer loop
      vertex -23.4824 -25.3518 5
      vertex -23.4256 -25.5122 3
      vertex -23.4256 -25.5122 5
    endloop
  endfacet
  facet normal 0.760458 -0.649387 0
    outer loop
      vertex -29.0422 -24.4712 5
      vertex -28.9317 -24.3418 3
      vertex -28.9317 -24.3418 5
    endloop
  endfacet
  facet normal 0.760458 -0.649387 0
    outer loop
      vertex -28.9317 -24.3418 3
      vertex -29.0422 -24.4712 5
      vertex -29.0422 -24.4712 3
    endloop
  endfacet
  facet normal -0.972414 -0.233262 0
    outer loop
      vertex -23.3375 -25.8408 3
      vertex -23.3772 -25.6753 5
      vertex -23.3772 -25.6753 3
    endloop
  endfacet
  facet normal -0.972414 -0.233262 0
    outer loop
      vertex -23.3772 -25.6753 5
      vertex -23.3375 -25.8408 3
      vertex -23.3375 -25.8408 5
    endloop
  endfacet
  facet normal 0.996893 -0.078764 0
    outer loop
      vertex -29.7621 -26.3464 5
      vertex -29.7487 -26.1768 3
      vertex -29.7487 -26.1768 5
    endloop
  endfacet
  facet normal 0.996893 -0.078764 0
    outer loop
      vertex -29.7487 -26.1768 3
      vertex -29.7621 -26.3464 5
      vertex -29.7621 -26.3464 3
    endloop
  endfacet
  facet normal -0.382611 0.923909 0
    outer loop
      vertex -25.1946 -29.4855 3
      vertex -25.3518 -29.5506 5
      vertex -25.1946 -29.4855 5
    endloop
  endfacet
  facet normal -0.382611 0.923909 0
    outer loop
      vertex -25.3518 -29.5506 5
      vertex -25.1946 -29.4855 3
      vertex -25.3518 -29.5506 3
    endloop
  endfacet
  facet normal -0.878748 -0.477286 0
    outer loop
      vertex -23.6207 -25.041 3
      vertex -23.7019 -24.8915 5
      vertex -23.7019 -24.8915 3
    endloop
  endfacet
  facet normal -0.878748 -0.477286 0
    outer loop
      vertex -23.7019 -24.8915 5
      vertex -23.6207 -25.041 3
      vertex -23.6207 -25.041 5
    endloop
  endfacet
  facet normal -0.333804 0.942643 0
    outer loop
      vertex -25.3518 -29.5506 3
      vertex -25.5122 -29.6074 5
      vertex -25.3518 -29.5506 5
    endloop
  endfacet
  facet normal -0.333804 0.942643 0
    outer loop
      vertex -25.5122 -29.6074 5
      vertex -25.3518 -29.5506 3
      vertex -25.5122 -29.6074 3
    endloop
  endfacet
  facet normal 0.13047 0.991452 -0
    outer loop
      vertex -26.8562 -29.7487 3
      vertex -27.0249 -29.7265 5
      vertex -26.8562 -29.7487 5
    endloop
  endfacet
  facet normal 0.13047 0.991452 0
    outer loop
      vertex -27.0249 -29.7265 5
      vertex -26.8562 -29.7487 3
      vertex -27.0249 -29.7265 3
    endloop
  endfacet
  facet normal -0.725381 -0.688348 0
    outer loop
      vertex -24.1013 -24.3418 3
      vertex -24.2184 -24.2184 5
      vertex -24.2184 -24.2184 3
    endloop
  endfacet
  facet normal -0.725381 -0.688348 0
    outer loop
      vertex -24.2184 -24.2184 5
      vertex -24.1013 -24.3418 3
      vertex -24.1013 -24.3418 5
    endloop
  endfacet
  facet normal -0.824008 0.566579 0
    outer loop
      vertex -23.8872 -28.4268 3
      vertex -23.7908 -28.2866 5
      vertex -23.7908 -28.2866 3
    endloop
  endfacet
  facet normal -0.824008 0.566579 0
    outer loop
      vertex -23.7908 -28.2866 5
      vertex -23.8872 -28.4268 3
      vertex -23.8872 -28.4268 5
    endloop
  endfacet
  facet normal 0.878748 -0.477286 0
    outer loop
      vertex -29.4123 -25.041 5
      vertex -29.3311 -24.8915 3
      vertex -29.3311 -24.8915 5
    endloop
  endfacet
  facet normal 0.878748 -0.477286 0
    outer loop
      vertex -29.3311 -24.8915 3
      vertex -29.4123 -25.041 5
      vertex -29.4123 -25.041 3
    endloop
  endfacet
  facet normal -0.566579 0.824008 0
    outer loop
      vertex -24.6062 -29.1458 3
      vertex -24.7464 -29.2422 5
      vertex -24.6062 -29.1458 5
    endloop
  endfacet
  facet normal -0.566579 0.824008 0
    outer loop
      vertex -24.7464 -29.2422 5
      vertex -24.6062 -29.1458 3
      vertex -24.7464 -29.2422 3
    endloop
  endfacet
  facet normal -0.649387 0.760458 0
    outer loop
      vertex -24.3418 -28.9317 3
      vertex -24.4712 -29.0422 5
      vertex -24.3418 -28.9317 5
    endloop
  endfacet
  facet normal -0.649387 0.760458 0
    outer loop
      vertex -24.4712 -29.0422 5
      vertex -24.3418 -28.9317 3
      vertex -24.4712 -29.0422 3
    endloop
  endfacet
  facet normal -0.793323 0.608802 0
    outer loop
      vertex -23.9908 -28.5618 3
      vertex -23.8872 -28.4268 5
      vertex -23.8872 -28.4268 3
    endloop
  endfacet
  facet normal -0.793323 0.608802 0
    outer loop
      vertex -23.8872 -28.4268 5
      vertex -23.9908 -28.5618 3
      vertex -23.9908 -28.5618 5
    endloop
  endfacet
  facet normal -0.566579 -0.824008 0
    outer loop
      vertex -24.7464 -23.7908 3
      vertex -24.6062 -23.8872 5
      vertex -24.7464 -23.7908 5
    endloop
  endfacet
  facet normal -0.566579 -0.824008 -0
    outer loop
      vertex -24.6062 -23.8872 5
      vertex -24.7464 -23.7908 3
      vertex -24.6062 -23.8872 3
    endloop
  endfacet
  facet normal 0.182194 0.983263 -0
    outer loop
      vertex -27.0249 -29.7265 3
      vertex -27.1922 -29.6955 5
      vertex -27.0249 -29.7265 5
    endloop
  endfacet
  facet normal 0.182194 0.983263 0
    outer loop
      vertex -27.1922 -29.6955 5
      vertex -27.0249 -29.7265 3
      vertex -27.1922 -29.6955 3
    endloop
  endfacet
  facet normal 0.923909 -0.382611 0
    outer loop
      vertex -29.5506 -25.3518 5
      vertex -29.4855 -25.1946 3
      vertex -29.4855 -25.1946 5
    endloop
  endfacet
  facet normal 0.923909 -0.382611 0
    outer loop
      vertex -29.4855 -25.1946 3
      vertex -29.5506 -25.3518 5
      vertex -29.5506 -25.3518 3
    endloop
  endfacet
  facet normal 0.760458 0.649387 0
    outer loop
      vertex -28.9317 -28.6912 5
      vertex -29.0422 -28.5618 3
      vertex -29.0422 -28.5618 5
    endloop
  endfacet
  facet normal 0.760458 0.649387 0
    outer loop
      vertex -29.0422 -28.5618 3
      vertex -28.9317 -28.6912 5
      vertex -28.9317 -28.6912 3
    endloop
  endfacet
  facet normal 0.958679 -0.284489 0
    outer loop
      vertex -29.6558 -25.6753 5
      vertex -29.6074 -25.5122 3
      vertex -29.6074 -25.5122 5
    endloop
  endfacet
  facet normal 0.958679 -0.284489 0
    outer loop
      vertex -29.6074 -25.5122 3
      vertex -29.6558 -25.6753 5
      vertex -29.6558 -25.6753 3
    endloop
  endfacet
  facet normal -0.991452 -0.13047 0
    outer loop
      vertex -23.2843 -26.1768 3
      vertex -23.3065 -26.0081 5
      vertex -23.3065 -26.0081 3
    endloop
  endfacet
  facet normal -0.991452 -0.13047 0
    outer loop
      vertex -23.3065 -26.0081 5
      vertex -23.2843 -26.1768 3
      vertex -23.2843 -26.1768 5
    endloop
  endfacet
  facet normal 0.566579 0.824008 -0
    outer loop
      vertex -28.2866 -29.2422 3
      vertex -28.4268 -29.1458 5
      vertex -28.2866 -29.2422 5
    endloop
  endfacet
  facet normal 0.566579 0.824008 0
    outer loop
      vertex -28.4268 -29.1458 5
      vertex -28.2866 -29.2422 3
      vertex -28.4268 -29.1458 3
    endloop
  endfacet
  facet normal -0.649387 -0.760458 0
    outer loop
      vertex -24.4712 -23.9908 3
      vertex -24.3418 -24.1013 5
      vertex -24.4712 -23.9908 5
    endloop
  endfacet
  facet normal -0.649387 -0.760458 -0
    outer loop
      vertex -24.3418 -24.1013 5
      vertex -24.4712 -23.9908 3
      vertex -24.3418 -24.1013 3
    endloop
  endfacet
  facet normal -0.233262 -0.972414 0
    outer loop
      vertex -25.8408 -23.3375 3
      vertex -25.6753 -23.3772 5
      vertex -25.8408 -23.3375 5
    endloop
  endfacet
  facet normal -0.233262 -0.972414 -0
    outer loop
      vertex -25.6753 -23.3772 5
      vertex -25.8408 -23.3375 3
      vertex -25.6753 -23.3772 3
    endloop
  endfacet
  facet normal 0.333804 -0.942643 0
    outer loop
      vertex -27.6812 -23.4824 3
      vertex -27.5208 -23.4256 5
      vertex -27.6812 -23.4824 5
    endloop
  endfacet
  facet normal 0.333804 -0.942643 0
    outer loop
      vertex -27.5208 -23.4256 5
      vertex -27.6812 -23.4824 3
      vertex -27.5208 -23.4256 3
    endloop
  endfacet
  facet normal -0.824008 -0.566579 0
    outer loop
      vertex -23.7908 -24.7464 3
      vertex -23.8872 -24.6062 5
      vertex -23.8872 -24.6062 3
    endloop
  endfacet
  facet normal -0.824008 -0.566579 0
    outer loop
      vertex -23.8872 -24.6062 5
      vertex -23.7908 -24.7464 3
      vertex -23.7908 -24.7464 5
    endloop
  endfacet
  facet normal -0.90273 -0.430207 0
    outer loop
      vertex -23.5475 -25.1946 3
      vertex -23.6207 -25.041 5
      vertex -23.6207 -25.041 3
    endloop
  endfacet
  facet normal -0.90273 -0.430207 0
    outer loop
      vertex -23.6207 -25.041 5
      vertex -23.5475 -25.1946 3
      vertex -23.5475 -25.1946 5
    endloop
  endfacet
  facet normal -0.90273 0.430207 0
    outer loop
      vertex -23.6207 -27.992 3
      vertex -23.5475 -27.8384 5
      vertex -23.5475 -27.8384 3
    endloop
  endfacet
  facet normal -0.90273 0.430207 0
    outer loop
      vertex -23.5475 -27.8384 5
      vertex -23.6207 -27.992 3
      vertex -23.6207 -27.992 5
    endloop
  endfacet
  facet normal 0.649387 -0.760458 0
    outer loop
      vertex -28.6912 -24.1013 3
      vertex -28.5618 -23.9908 5
      vertex -28.6912 -24.1013 5
    endloop
  endfacet
  facet normal 0.649387 -0.760458 0
    outer loop
      vertex -28.5618 -23.9908 5
      vertex -28.6912 -24.1013 3
      vertex -28.5618 -23.9908 3
    endloop
  endfacet
  facet normal 0.522424 0.852686 -0
    outer loop
      vertex -28.1415 -29.3311 3
      vertex -28.2866 -29.2422 5
      vertex -28.1415 -29.3311 5
    endloop
  endfacet
  facet normal 0.522424 0.852686 0
    outer loop
      vertex -28.2866 -29.2422 5
      vertex -28.1415 -29.3311 3
      vertex -28.2866 -29.2422 3
    endloop
  endfacet
  facet normal -0.99965 -0.0264458 0
    outer loop
      vertex -23.2665 -26.5165 3
      vertex -23.271 -26.3464 5
      vertex -23.271 -26.3464 3
    endloop
  endfacet
  facet normal -0.99965 -0.0264458 0
    outer loop
      vertex -23.271 -26.3464 5
      vertex -23.2665 -26.5165 3
      vertex -23.2665 -26.5165 5
    endloop
  endfacet
  facet normal 0.972414 -0.233262 0
    outer loop
      vertex -29.6955 -25.8408 5
      vertex -29.6558 -25.6753 3
      vertex -29.6558 -25.6753 5
    endloop
  endfacet
  facet normal 0.972414 -0.233262 0
    outer loop
      vertex -29.6558 -25.6753 3
      vertex -29.6955 -25.8408 5
      vertex -29.6955 -25.8408 3
    endloop
  endfacet
  facet normal -0.0258585 0.999666 0
    outer loop
      vertex -26.3464 -29.7621 3
      vertex -26.5165 -29.7665 5
      vertex -26.3464 -29.7621 5
    endloop
  endfacet
  facet normal -0.0258585 0.999666 0
    outer loop
      vertex -26.5165 -29.7665 5
      vertex -26.3464 -29.7621 3
      vertex -26.5165 -29.7665 3
    endloop
  endfacet
  facet normal -0.958679 0.284489 0
    outer loop
      vertex -23.4256 -27.5208 3
      vertex -23.3772 -27.3577 5
      vertex -23.3772 -27.3577 3
    endloop
  endfacet
  facet normal -0.958679 0.284489 0
    outer loop
      vertex -23.3772 -27.3577 5
      vertex -23.4256 -27.5208 3
      vertex -23.4256 -27.5208 5
    endloop
  endfacet
  facet normal -0.996939 0.0781798 0
    outer loop
      vertex -23.2843 -26.8562 3
      vertex -23.271 -26.6866 5
      vertex -23.271 -26.6866 3
    endloop
  endfacet
  facet normal -0.996939 0.0781798 0
    outer loop
      vertex -23.271 -26.6866 5
      vertex -23.2843 -26.8562 3
      vertex -23.2843 -26.8562 5
    endloop
  endfacet
  facet normal -0.13047 -0.991452 0
    outer loop
      vertex -26.1768 -23.2843 3
      vertex -26.0081 -23.3065 5
      vertex -26.1768 -23.2843 5
    endloop
  endfacet
  facet normal -0.13047 -0.991452 -0
    outer loop
      vertex -26.0081 -23.3065 5
      vertex -26.1768 -23.2843 3
      vertex -26.0081 -23.3065 3
    endloop
  endfacet
  facet normal 0.983263 0.182194 0
    outer loop
      vertex -29.6955 -27.1922 5
      vertex -29.7265 -27.0249 3
      vertex -29.7265 -27.0249 5
    endloop
  endfacet
  facet normal 0.983263 0.182194 0
    outer loop
      vertex -29.7265 -27.0249 3
      vertex -29.6955 -27.1922 5
      vertex -29.6955 -27.1922 3
    endloop
  endfacet
  facet normal -0.430207 0.90273 0
    outer loop
      vertex -25.041 -29.4123 3
      vertex -25.1946 -29.4855 5
      vertex -25.041 -29.4123 5
    endloop
  endfacet
  facet normal -0.430207 0.90273 0
    outer loop
      vertex -25.1946 -29.4855 5
      vertex -25.041 -29.4123 3
      vertex -25.1946 -29.4855 3
    endloop
  endfacet
  facet normal 0.0781798 -0.996939 0
    outer loop
      vertex -26.8562 -23.2843 3
      vertex -26.6866 -23.271 5
      vertex -26.8562 -23.2843 5
    endloop
  endfacet
  facet normal 0.0781798 -0.996939 0
    outer loop
      vertex -26.6866 -23.271 5
      vertex -26.8562 -23.2843 3
      vertex -26.6866 -23.271 3
    endloop
  endfacet
  facet normal 0.852686 -0.522424 0
    outer loop
      vertex -29.3311 -24.8915 5
      vertex -29.2422 -24.7464 3
      vertex -29.2422 -24.7464 5
    endloop
  endfacet
  facet normal 0.852686 -0.522424 0
    outer loop
      vertex -29.2422 -24.7464 3
      vertex -29.3311 -24.8915 5
      vertex -29.3311 -24.8915 3
    endloop
  endfacet
  facet normal -0.991452 0.13047 0
    outer loop
      vertex -23.3065 -27.0249 3
      vertex -23.2843 -26.8562 5
      vertex -23.2843 -26.8562 3
    endloop
  endfacet
  facet normal -0.991452 0.13047 0
    outer loop
      vertex -23.2843 -26.8562 5
      vertex -23.3065 -27.0249 3
      vertex -23.3065 -27.0249 5
    endloop
  endfacet
  facet normal -0.996939 -0.0781798 0
    outer loop
      vertex -23.271 -26.3464 3
      vertex -23.2843 -26.1768 5
      vertex -23.2843 -26.1768 3
    endloop
  endfacet
  facet normal -0.996939 -0.0781798 0
    outer loop
      vertex -23.2843 -26.1768 5
      vertex -23.271 -26.3464 3
      vertex -23.271 -26.3464 5
    endloop
  endfacet
  facet normal 0.477286 -0.878748 0
    outer loop
      vertex -28.1415 -23.7019 3
      vertex -27.992 -23.6207 5
      vertex -28.1415 -23.7019 5
    endloop
  endfacet
  facet normal 0.477286 -0.878748 0
    outer loop
      vertex -27.992 -23.6207 5
      vertex -28.1415 -23.7019 3
      vertex -27.992 -23.6207 3
    endloop
  endfacet
  facet normal -0.942643 0.333804 0
    outer loop
      vertex -23.4824 -27.6812 3
      vertex -23.4256 -27.5208 5
      vertex -23.4256 -27.5208 3
    endloop
  endfacet
  facet normal -0.942643 0.333804 0
    outer loop
      vertex -23.4256 -27.5208 5
      vertex -23.4824 -27.6812 3
      vertex -23.4824 -27.6812 5
    endloop
  endfacet
  facet normal 0.824008 -0.566579 0
    outer loop
      vertex -29.2422 -24.7464 5
      vertex -29.1458 -24.6062 3
      vertex -29.1458 -24.6062 5
    endloop
  endfacet
  facet normal 0.824008 -0.566579 0
    outer loop
      vertex -29.1458 -24.6062 3
      vertex -29.2422 -24.7464 5
      vertex -29.2422 -24.7464 3
    endloop
  endfacet
  facet normal 0.522424 -0.852686 0
    outer loop
      vertex -28.2866 -23.7908 3
      vertex -28.1415 -23.7019 5
      vertex -28.2866 -23.7908 5
    endloop
  endfacet
  facet normal 0.522424 -0.852686 0
    outer loop
      vertex -28.1415 -23.7019 5
      vertex -28.2866 -23.7908 3
      vertex -28.1415 -23.7019 3
    endloop
  endfacet
  facet normal 0.688348 -0.725381 0
    outer loop
      vertex -28.8146 -24.2184 3
      vertex -28.6912 -24.1013 5
      vertex -28.8146 -24.2184 5
    endloop
  endfacet
  facet normal 0.688348 -0.725381 0
    outer loop
      vertex -28.6912 -24.1013 5
      vertex -28.8146 -24.2184 3
      vertex -28.6912 -24.1013 3
    endloop
  endfacet
  facet normal 0.942643 -0.333804 0
    outer loop
      vertex -29.6074 -25.5122 5
      vertex -29.5506 -25.3518 3
      vertex -29.5506 -25.3518 5
    endloop
  endfacet
  facet normal 0.942643 -0.333804 0
    outer loop
      vertex -29.5506 -25.3518 3
      vertex -29.6074 -25.5122 5
      vertex -29.6074 -25.5122 3
    endloop
  endfacet
  facet normal 0.182194 -0.983263 0
    outer loop
      vertex -27.1922 -23.3375 3
      vertex -27.0249 -23.3065 5
      vertex -27.1922 -23.3375 5
    endloop
  endfacet
  facet normal 0.182194 -0.983263 0
    outer loop
      vertex -27.0249 -23.3065 5
      vertex -27.1922 -23.3375 3
      vertex -27.0249 -23.3065 3
    endloop
  endfacet
  facet normal 0.0258585 0.999666 -0
    outer loop
      vertex -26.5165 -29.7665 3
      vertex -26.6866 -29.7621 5
      vertex -26.5165 -29.7665 5
    endloop
  endfacet
  facet normal 0.0258585 0.999666 0
    outer loop
      vertex -26.6866 -29.7621 5
      vertex -26.5165 -29.7665 3
      vertex -26.6866 -29.7621 3
    endloop
  endfacet
  facet normal 0.824008 0.566579 0
    outer loop
      vertex -29.1458 -28.4268 5
      vertex -29.2422 -28.2866 3
      vertex -29.2422 -28.2866 5
    endloop
  endfacet
  facet normal 0.824008 0.566579 0
    outer loop
      vertex -29.2422 -28.2866 3
      vertex -29.1458 -28.4268 5
      vertex -29.1458 -28.4268 3
    endloop
  endfacet
  facet normal -0.983263 -0.182194 0
    outer loop
      vertex -23.3065 -26.0081 3
      vertex -23.3375 -25.8408 5
      vertex -23.3375 -25.8408 3
    endloop
  endfacet
  facet normal -0.983263 -0.182194 0
    outer loop
      vertex -23.3375 -25.8408 5
      vertex -23.3065 -26.0081 3
      vertex -23.3065 -26.0081 5
    endloop
  endfacet
  facet normal 0.382611 -0.923909 0
    outer loop
      vertex -27.8384 -23.5475 3
      vertex -27.6812 -23.4824 5
      vertex -27.8384 -23.5475 5
    endloop
  endfacet
  facet normal 0.382611 -0.923909 0
    outer loop
      vertex -27.6812 -23.4824 5
      vertex -27.8384 -23.5475 3
      vertex -27.6812 -23.4824 3
    endloop
  endfacet
  facet normal -0.983263 0.182194 0
    outer loop
      vertex -23.3375 -27.1922 3
      vertex -23.3065 -27.0249 5
      vertex -23.3065 -27.0249 3
    endloop
  endfacet
  facet normal -0.983263 0.182194 0
    outer loop
      vertex -23.3065 -27.0249 5
      vertex -23.3375 -27.1922 3
      vertex -23.3375 -27.1922 5
    endloop
  endfacet
  facet normal -0.852686 0.522424 0
    outer loop
      vertex -23.7908 -28.2866 3
      vertex -23.7019 -28.1415 5
      vertex -23.7019 -28.1415 3
    endloop
  endfacet
  facet normal -0.852686 0.522424 0
    outer loop
      vertex -23.7019 -28.1415 5
      vertex -23.7908 -28.2866 3
      vertex -23.7908 -28.2866 5
    endloop
  endfacet
  facet normal -0.958679 -0.284489 0
    outer loop
      vertex -23.3772 -25.6753 3
      vertex -23.4256 -25.5122 5
      vertex -23.4256 -25.5122 3
    endloop
  endfacet
  facet normal -0.958679 -0.284489 0
    outer loop
      vertex -23.4256 -25.5122 5
      vertex -23.3772 -25.6753 3
      vertex -23.3772 -25.6753 5
    endloop
  endfacet
  facet normal 0.0264458 -0.99965 0
    outer loop
      vertex -26.6866 -23.271 3
      vertex -26.5165 -23.2665 5
      vertex -26.6866 -23.271 5
    endloop
  endfacet
  facet normal 0.0264458 -0.99965 0
    outer loop
      vertex -26.5165 -23.2665 5
      vertex -26.6866 -23.271 3
      vertex -26.5165 -23.2665 3
    endloop
  endfacet
  facet normal -0.284489 -0.958679 0
    outer loop
      vertex -25.6753 -23.3772 3
      vertex -25.5122 -23.4256 5
      vertex -25.6753 -23.3772 5
    endloop
  endfacet
  facet normal -0.284489 -0.958679 -0
    outer loop
      vertex -25.5122 -23.4256 5
      vertex -25.6753 -23.3772 3
      vertex -25.5122 -23.4256 3
    endloop
  endfacet
  facet normal -0.522424 -0.852686 0
    outer loop
      vertex -24.8915 -23.7019 3
      vertex -24.7464 -23.7908 5
      vertex -24.8915 -23.7019 5
    endloop
  endfacet
  facet normal -0.522424 -0.852686 -0
    outer loop
      vertex -24.7464 -23.7908 5
      vertex -24.8915 -23.7019 3
      vertex -24.7464 -23.7908 3
    endloop
  endfacet
  facet normal 0.942643 0.333804 0
    outer loop
      vertex -29.5506 -27.6812 5
      vertex -29.6074 -27.5208 3
      vertex -29.6074 -27.5208 5
    endloop
  endfacet
  facet normal 0.942643 0.333804 0
    outer loop
      vertex -29.6074 -27.5208 3
      vertex -29.5506 -27.6812 5
      vertex -29.5506 -27.6812 3
    endloop
  endfacet
  facet normal -0.923909 -0.382611 0
    outer loop
      vertex -23.4824 -25.3518 3
      vertex -23.5475 -25.1946 5
      vertex -23.5475 -25.1946 3
    endloop
  endfacet
  facet normal -0.923909 -0.382611 0
    outer loop
      vertex -23.5475 -25.1946 5
      vertex -23.4824 -25.3518 3
      vertex -23.4824 -25.3518 5
    endloop
  endfacet
  facet normal -0.923909 0.382611 0
    outer loop
      vertex -23.5475 -27.8384 3
      vertex -23.4824 -27.6812 5
      vertex -23.4824 -27.6812 3
    endloop
  endfacet
  facet normal -0.923909 0.382611 0
    outer loop
      vertex -23.4824 -27.6812 5
      vertex -23.5475 -27.8384 3
      vertex -23.5475 -27.8384 5
    endloop
  endfacet
  facet normal 0.284489 -0.958679 0
    outer loop
      vertex -27.5208 -23.4256 3
      vertex -27.3577 -23.3772 5
      vertex -27.5208 -23.4256 5
    endloop
  endfacet
  facet normal 0.284489 -0.958679 0
    outer loop
      vertex -27.3577 -23.3772 5
      vertex -27.5208 -23.4256 3
      vertex -27.3577 -23.3772 3
    endloop
  endfacet
  facet normal -0.382611 -0.923909 0
    outer loop
      vertex -25.3518 -23.4824 3
      vertex -25.1946 -23.5475 5
      vertex -25.3518 -23.4824 5
    endloop
  endfacet
  facet normal -0.382611 -0.923909 -0
    outer loop
      vertex -25.1946 -23.5475 5
      vertex -25.3518 -23.4824 3
      vertex -25.1946 -23.5475 3
    endloop
  endfacet
  facet normal -0.333804 -0.942643 0
    outer loop
      vertex -25.5122 -23.4256 3
      vertex -25.3518 -23.4824 5
      vertex -25.5122 -23.4256 5
    endloop
  endfacet
  facet normal -0.333804 -0.942643 -0
    outer loop
      vertex -25.3518 -23.4824 5
      vertex -25.5122 -23.4256 3
      vertex -25.3518 -23.4824 3
    endloop
  endfacet
  facet normal 0.983088 -0.183135 0
    outer loop
      vertex 24.8374 -26.2506 3
      vertex 24.8537 -26.1631 0
      vertex 24.8537 -26.1631 3
    endloop
  endfacet
  facet normal 0.983088 -0.183135 0
    outer loop
      vertex 24.8537 -26.1631 0
      vertex 24.8374 -26.2506 3
      vertex 24.8374 -26.2506 0
    endloop
  endfacet
  facet normal 0.687745 -0.725953 0
    outer loop
      vertex 25.3144 -25.3144 0
      vertex 25.379 -25.2532 3
      vertex 25.3144 -25.3144 3
    endloop
  endfacet
  facet normal 0.687745 -0.725953 0
    outer loop
      vertex 25.379 -25.2532 3
      vertex 25.3144 -25.3144 0
      vertex 25.379 -25.2532 0
    endloop
  endfacet
  facet normal -0.760524 0.64931 0
    outer loop
      vertex 27.7799 -27.654 0
      vertex 27.8377 -27.5863 3
      vertex 27.8377 -27.5863 0
    endloop
  endfacet
  facet normal -0.760524 0.64931 0
    outer loop
      vertex 27.8377 -27.5863 3
      vertex 27.7799 -27.654 0
      vertex 27.7799 -27.654 3
    endloop
  endfacet
  facet normal -0.725392 0.688336 0
    outer loop
      vertex 27.7186 -27.7186 0
      vertex 27.7799 -27.654 3
      vertex 27.7799 -27.654 0
    endloop
  endfacet
  facet normal -0.725392 0.688336 0
    outer loop
      vertex 27.7799 -27.654 3
      vertex 27.7186 -27.7186 0
      vertex 27.7186 -27.7186 3
    endloop
  endfacet
  facet normal -0.793751 0.608243 0
    outer loop
      vertex 27.8377 -27.5863 0
      vertex 27.8918 -27.5157 3
      vertex 27.8918 -27.5157 0
    endloop
  endfacet
  facet normal -0.793751 0.608243 0
    outer loop
      vertex 27.8918 -27.5157 3
      vertex 27.8377 -27.5863 0
      vertex 27.8377 -27.5863 3
    endloop
  endfacet
  facet normal 0.333702 0.942679 -0
    outer loop
      vertex 25.9912 -28.1333 0
      vertex 25.9073 -28.1036 3
      vertex 25.9912 -28.1333 3
    endloop
  endfacet
  facet normal 0.333702 0.942679 0
    outer loop
      vertex 25.9073 -28.1036 3
      vertex 25.9912 -28.1333 0
      vertex 25.9073 -28.1036 0
    endloop
  endfacet
  facet normal -0.972285 0.233798 0
    outer loop
      vertex 28.1586 -26.9565 0
      vertex 28.1794 -26.87 3
      vertex 28.1794 -26.87 0
    endloop
  endfacet
  facet normal -0.972285 0.233798 0
    outer loop
      vertex 28.1794 -26.87 3
      vertex 28.1586 -26.9565 0
      vertex 28.1586 -26.9565 3
    endloop
  endfacet
  facet normal 0.64931 0.760524 -0
    outer loop
      vertex 25.4467 -27.8377 0
      vertex 25.379 -27.7799 3
      vertex 25.4467 -27.8377 3
    endloop
  endfacet
  facet normal 0.64931 0.760524 0
    outer loop
      vertex 25.379 -27.7799 3
      vertex 25.4467 -27.8377 0
      vertex 25.379 -27.7799 0
    endloop
  endfacet
  facet normal 0.878625 -0.477513 0
    outer loop
      vertex 25.0018 -25.7447 3
      vertex 25.0443 -25.6665 0
      vertex 25.0443 -25.6665 3
    endloop
  endfacet
  facet normal 0.878625 -0.477513 0
    outer loop
      vertex 25.0443 -25.6665 0
      vertex 25.0018 -25.7447 3
      vertex 25.0018 -25.7447 0
    endloop
  endfacet
  facet normal -0.958719 0.284356 0
    outer loop
      vertex 28.1333 -27.0418 0
      vertex 28.1586 -26.9565 3
      vertex 28.1586 -26.9565 0
    endloop
  endfacet
  facet normal -0.958719 0.284356 0
    outer loop
      vertex 28.1586 -26.9565 3
      vertex 28.1333 -27.0418 0
      vertex 28.1333 -27.0418 3
    endloop
  endfacet
  facet normal 0.991462 -0.130396 0
    outer loop
      vertex 24.8258 -26.3388 3
      vertex 24.8374 -26.2506 0
      vertex 24.8374 -26.2506 3
    endloop
  endfacet
  facet normal 0.991462 -0.130396 0
    outer loop
      vertex 24.8374 -26.2506 0
      vertex 24.8258 -26.3388 3
      vertex 24.8258 -26.3388 0
    endloop
  endfacet
  facet normal -0.942679 -0.333702 0
    outer loop
      vertex 28.1333 -25.9912 0
      vertex 28.1036 -25.9073 3
      vertex 28.1036 -25.9073 0
    endloop
  endfacet
  facet normal -0.942679 -0.333702 0
    outer loop
      vertex 28.1036 -25.9073 3
      vertex 28.1333 -25.9912 0
      vertex 28.1333 -25.9912 3
    endloop
  endfacet
  facet normal -0.0786731 0.9969 0
    outer loop
      vertex 26.6942 -28.2072 0
      vertex 26.6055 -28.2142 3
      vertex 26.6942 -28.2072 3
    endloop
  endfacet
  facet normal -0.0786731 0.9969 0
    outer loop
      vertex 26.6055 -28.2142 3
      vertex 26.6942 -28.2072 0
      vertex 26.6055 -28.2142 0
    endloop
  endfacet
  facet normal -0.852698 0.522404 0
    outer loop
      vertex 27.9422 -27.4424 0
      vertex 27.9887 -27.3665 3
      vertex 27.9887 -27.3665 0
    endloop
  endfacet
  facet normal -0.852698 0.522404 0
    outer loop
      vertex 27.9887 -27.3665 3
      vertex 27.9422 -27.4424 0
      vertex 27.9422 -27.4424 3
    endloop
  endfacet
  facet normal -0.284356 0.958719 0
    outer loop
      vertex 27.0418 -28.1333 0
      vertex 26.9565 -28.1586 3
      vertex 27.0418 -28.1333 3
    endloop
  endfacet
  facet normal -0.284356 0.958719 0
    outer loop
      vertex 26.9565 -28.1586 3
      vertex 27.0418 -28.1333 0
      vertex 26.9565 -28.1586 0
    endloop
  endfacet
  facet normal -0.60895 -0.793208 0
    outer loop
      vertex 27.5157 -25.1412 0
      vertex 27.5863 -25.1954 3
      vertex 27.5157 -25.1412 3
    endloop
  endfacet
  facet normal -0.60895 -0.793208 -0
    outer loop
      vertex 27.5863 -25.1954 3
      vertex 27.5157 -25.1412 0
      vertex 27.5863 -25.1954 0
    endloop
  endfacet
  facet normal -0.923839 0.382781 0
    outer loop
      vertex 28.0695 -27.208 0
      vertex 28.1036 -27.1257 3
      vertex 28.1036 -27.1257 0
    endloop
  endfacet
  facet normal -0.923839 0.382781 0
    outer loop
      vertex 28.1036 -27.1257 3
      vertex 28.0695 -27.208 0
      vertex 28.0695 -27.208 3
    endloop
  endfacet
  facet normal -0.999666 0.0258341 0
    outer loop
      vertex 28.2142 -26.6055 0
      vertex 28.2165 -26.5165 3
      vertex 28.2165 -26.5165 0
    endloop
  endfacet
  facet normal -0.999666 0.0258341 0
    outer loop
      vertex 28.2165 -26.5165 3
      vertex 28.2142 -26.6055 0
      vertex 28.2142 -26.6055 3
    endloop
  endfacet
  facet normal -0.333702 -0.942679 0
    outer loop
      vertex 27.0418 -24.8997 0
      vertex 27.1257 -24.9294 3
      vertex 27.0418 -24.8997 3
    endloop
  endfacet
  facet normal -0.333702 -0.942679 -0
    outer loop
      vertex 27.1257 -24.9294 3
      vertex 27.0418 -24.8997 0
      vertex 27.1257 -24.9294 0
    endloop
  endfacet
  facet normal -0.878625 0.477513 0
    outer loop
      vertex 27.9887 -27.3665 0
      vertex 28.0312 -27.2883 3
      vertex 28.0312 -27.2883 0
    endloop
  endfacet
  facet normal -0.878625 0.477513 0
    outer loop
      vertex 28.0312 -27.2883 3
      vertex 27.9887 -27.3665 0
      vertex 27.9887 -27.3665 3
    endloop
  endfacet
  facet normal 0.64931 -0.760524 0
    outer loop
      vertex 25.379 -25.2532 0
      vertex 25.4467 -25.1954 3
      vertex 25.379 -25.2532 3
    endloop
  endfacet
  facet normal 0.64931 -0.760524 0
    outer loop
      vertex 25.4467 -25.1954 3
      vertex 25.379 -25.2532 0
      vertex 25.4467 -25.1954 0
    endloop
  endfacet
  facet normal 0.793208 0.60895 0
    outer loop
      vertex 25.1954 -27.5863 3
      vertex 25.1412 -27.5157 0
      vertex 25.1412 -27.5157 3
    endloop
  endfacet
  facet normal 0.793208 0.60895 0
    outer loop
      vertex 25.1412 -27.5157 0
      vertex 25.1954 -27.5863 3
      vertex 25.1954 -27.5863 0
    endloop
  endfacet
  facet normal -0.0786731 -0.9969 0
    outer loop
      vertex 26.6055 -24.8188 0
      vertex 26.6942 -24.8258 3
      vertex 26.6055 -24.8188 3
    endloop
  endfacet
  facet normal -0.0786731 -0.9969 -0
    outer loop
      vertex 26.6942 -24.8258 3
      vertex 26.6055 -24.8188 0
      vertex 26.6942 -24.8258 0
    endloop
  endfacet
  facet normal 0.688336 0.725392 -0
    outer loop
      vertex 25.379 -27.7799 0
      vertex 25.3144 -27.7186 3
      vertex 25.379 -27.7799 3
    endloop
  endfacet
  facet normal 0.688336 0.725392 0
    outer loop
      vertex 25.3144 -27.7186 3
      vertex 25.379 -27.7799 0
      vertex 25.3144 -27.7186 0
    endloop
  endfacet
  facet normal 0.97254 0.232735 0
    outer loop
      vertex 24.8744 -26.9565 3
      vertex 24.8537 -26.87 0
      vertex 24.8537 -26.87 3
    endloop
  endfacet
  facet normal 0.97254 0.232735 0
    outer loop
      vertex 24.8537 -26.87 0
      vertex 24.8744 -26.9565 3
      vertex 24.8744 -26.9565 0
    endloop
  endfacet
  facet normal -0.0258341 -0.999666 0
    outer loop
      vertex 26.5165 -24.8165 0
      vertex 26.6055 -24.8188 3
      vertex 26.5165 -24.8165 3
    endloop
  endfacet
  facet normal -0.0258341 -0.999666 -0
    outer loop
      vertex 26.6055 -24.8188 3
      vertex 26.5165 -24.8165 0
      vertex 26.6055 -24.8188 0
    endloop
  endfacet
  facet normal 0.760524 -0.64931 0
    outer loop
      vertex 25.1954 -25.4467 3
      vertex 25.2532 -25.379 0
      vertex 25.2532 -25.379 3
    endloop
  endfacet
  facet normal 0.760524 -0.64931 0
    outer loop
      vertex 25.2532 -25.379 0
      vertex 25.1954 -25.4467 3
      vertex 25.1954 -25.4467 0
    endloop
  endfacet
  facet normal -0.793751 -0.608243 0
    outer loop
      vertex 27.8918 -25.5173 0
      vertex 27.8377 -25.4467 3
      vertex 27.8377 -25.4467 0
    endloop
  endfacet
  facet normal -0.793751 -0.608243 0
    outer loop
      vertex 27.8377 -25.4467 3
      vertex 27.8918 -25.5173 0
      vertex 27.8918 -25.5173 3
    endloop
  endfacet
  facet normal -0.181848 0.983327 0
    outer loop
      vertex 26.87 -28.1794 0
      vertex 26.7824 -28.1956 3
      vertex 26.87 -28.1794 3
    endloop
  endfacet
  facet normal -0.181848 0.983327 0
    outer loop
      vertex 26.7824 -28.1956 3
      vertex 26.87 -28.1794 0
      vertex 26.7824 -28.1956 0
    endloop
  endfacet
  facet normal -0.687745 -0.725953 0
    outer loop
      vertex 27.654 -25.2532 0
      vertex 27.7186 -25.3144 3
      vertex 27.654 -25.2532 3
    endloop
  endfacet
  facet normal -0.687745 -0.725953 -0
    outer loop
      vertex 27.7186 -25.3144 3
      vertex 27.654 -25.2532 0
      vertex 27.7186 -25.3144 0
    endloop
  endfacet
  facet normal -0.9969 0.0786731 0
    outer loop
      vertex 28.2072 -26.6942 0
      vertex 28.2142 -26.6055 3
      vertex 28.2142 -26.6055 0
    endloop
  endfacet
  facet normal -0.9969 0.0786731 0
    outer loop
      vertex 28.2142 -26.6055 3
      vertex 28.2072 -26.6942 0
      vertex 28.2072 -26.6942 3
    endloop
  endfacet
  facet normal -0.477513 -0.878625 0
    outer loop
      vertex 27.2883 -25.0018 0
      vertex 27.3665 -25.0443 3
      vertex 27.2883 -25.0018 3
    endloop
  endfacet
  facet normal -0.477513 -0.878625 -0
    outer loop
      vertex 27.3665 -25.0443 3
      vertex 27.2883 -25.0018 0
      vertex 27.3665 -25.0443 0
    endloop
  endfacet
  facet normal 0.902798 -0.430064 0
    outer loop
      vertex 24.9635 -25.8251 3
      vertex 25.0018 -25.7447 0
      vertex 25.0018 -25.7447 3
    endloop
  endfacet
  facet normal 0.902798 -0.430064 0
    outer loop
      vertex 25.0018 -25.7447 0
      vertex 24.9635 -25.8251 3
      vertex 24.9635 -25.8251 0
    endloop
  endfacet
  facet normal -0.566577 0.824009 0
    outer loop
      vertex 27.5157 -27.8918 0
      vertex 27.4424 -27.9422 3
      vertex 27.5157 -27.8918 3
    endloop
  endfacet
  facet normal -0.566577 0.824009 0
    outer loop
      vertex 27.4424 -27.9422 3
      vertex 27.5157 -27.8918 0
      vertex 27.4424 -27.9422 0
    endloop
  endfacet
  facet normal 0.430064 -0.902798 0
    outer loop
      vertex 25.7447 -25.0018 0
      vertex 25.8251 -24.9635 3
      vertex 25.7447 -25.0018 3
    endloop
  endfacet
  facet normal 0.430064 -0.902798 0
    outer loop
      vertex 25.8251 -24.9635 3
      vertex 25.7447 -25.0018 0
      vertex 25.8251 -24.9635 0
    endloop
  endfacet
  facet normal 0.999666 -0.0258341 0
    outer loop
      vertex 24.8165 -26.5165 3
      vertex 24.8188 -26.4275 0
      vertex 24.8188 -26.4275 3
    endloop
  endfacet
  facet normal 0.999666 -0.0258341 0
    outer loop
      vertex 24.8188 -26.4275 0
      vertex 24.8165 -26.5165 3
      vertex 24.8165 -26.5165 0
    endloop
  endfacet
  facet normal -0.522404 -0.852698 0
    outer loop
      vertex 27.3665 -25.0443 0
      vertex 27.4424 -25.0908 3
      vertex 27.3665 -25.0443 3
    endloop
  endfacet
  facet normal -0.522404 -0.852698 -0
    outer loop
      vertex 27.4424 -25.0908 3
      vertex 27.3665 -25.0443 0
      vertex 27.4424 -25.0908 0
    endloop
  endfacet
  facet normal 0.958719 0.284356 0
    outer loop
      vertex 24.8997 -27.0418 3
      vertex 24.8744 -26.9565 0
      vertex 24.8744 -26.9565 3
    endloop
  endfacet
  facet normal 0.958719 0.284356 0
    outer loop
      vertex 24.8744 -26.9565 0
      vertex 24.8997 -27.0418 3
      vertex 24.8997 -27.0418 0
    endloop
  endfacet
  facet normal -0.9969 -0.0786731 0
    outer loop
      vertex 28.2142 -26.4275 0
      vertex 28.2072 -26.3388 3
      vertex 28.2072 -26.3388 0
    endloop
  endfacet
  facet normal -0.9969 -0.0786731 0
    outer loop
      vertex 28.2072 -26.3388 3
      vertex 28.2142 -26.4275 0
      vertex 28.2142 -26.4275 3
    endloop
  endfacet
  facet normal -0.182933 -0.983125 0
    outer loop
      vertex 26.7824 -24.8374 0
      vertex 26.87 -24.8537 3
      vertex 26.7824 -24.8374 3
    endloop
  endfacet
  facet normal -0.182933 -0.983125 -0
    outer loop
      vertex 26.87 -24.8537 3
      vertex 26.7824 -24.8374 0
      vertex 26.87 -24.8537 0
    endloop
  endfacet
  facet normal -0.972347 -0.233543 0
    outer loop
      vertex 28.1794 -26.1631 0
      vertex 28.1586 -26.0765 3
      vertex 28.1586 -26.0765 0
    endloop
  endfacet
  facet normal -0.972347 -0.233543 0
    outer loop
      vertex 28.1586 -26.0765 3
      vertex 28.1794 -26.1631 0
      vertex 28.1794 -26.1631 3
    endloop
  endfacet
  facet normal 0.90259 0.430501 0
    outer loop
      vertex 25.0018 -27.2883 3
      vertex 24.9635 -27.208 0
      vertex 24.9635 -27.208 3
    endloop
  endfacet
  facet normal 0.90259 0.430501 0
    outer loop
      vertex 24.9635 -27.208 0
      vertex 25.0018 -27.2883 3
      vertex 25.0018 -27.2883 0
    endloop
  endfacet
  facet normal 0.477513 0.878625 -0
    outer loop
      vertex 25.7447 -28.0312 0
      vertex 25.6665 -27.9887 3
      vertex 25.7447 -28.0312 3
    endloop
  endfacet
  facet normal 0.477513 0.878625 0
    outer loop
      vertex 25.6665 -27.9887 3
      vertex 25.7447 -28.0312 0
      vertex 25.6665 -27.9887 0
    endloop
  endfacet
  facet normal -0.430501 -0.90259 0
    outer loop
      vertex 27.208 -24.9635 0
      vertex 27.2883 -25.0018 3
      vertex 27.208 -24.9635 3
    endloop
  endfacet
  facet normal -0.430501 -0.90259 -0
    outer loop
      vertex 27.2883 -25.0018 3
      vertex 27.208 -24.9635 0
      vertex 27.2883 -25.0018 0
    endloop
  endfacet
  facet normal 0.824009 -0.566577 0
    outer loop
      vertex 25.0908 -25.5906 3
      vertex 25.1412 -25.5173 0
      vertex 25.1412 -25.5173 3
    endloop
  endfacet
  facet normal 0.824009 -0.566577 0
    outer loop
      vertex 25.1412 -25.5173 0
      vertex 25.0908 -25.5906 3
      vertex 25.0908 -25.5906 0
    endloop
  endfacet
  facet normal -0.64931 0.760524 0
    outer loop
      vertex 27.654 -27.7799 0
      vertex 27.5863 -27.8377 3
      vertex 27.654 -27.7799 3
    endloop
  endfacet
  facet normal -0.64931 0.760524 0
    outer loop
      vertex 27.5863 -27.8377 3
      vertex 27.654 -27.7799 0
      vertex 27.5863 -27.8377 0
    endloop
  endfacet
  facet normal 0.477513 -0.878625 0
    outer loop
      vertex 25.6665 -25.0443 0
      vertex 25.7447 -25.0018 3
      vertex 25.6665 -25.0443 3
    endloop
  endfacet
  facet normal 0.477513 -0.878625 0
    outer loop
      vertex 25.7447 -25.0018 3
      vertex 25.6665 -25.0443 0
      vertex 25.7447 -25.0018 0
    endloop
  endfacet
  facet normal 0.284356 0.958719 -0
    outer loop
      vertex 26.0765 -28.1586 0
      vertex 25.9912 -28.1333 3
      vertex 26.0765 -28.1586 3
    endloop
  endfacet
  facet normal 0.284356 0.958719 0
    outer loop
      vertex 25.9912 -28.1333 3
      vertex 26.0765 -28.1586 0
      vertex 25.9912 -28.1333 0
    endloop
  endfacet
  facet normal -0.64931 -0.760524 0
    outer loop
      vertex 27.5863 -25.1954 0
      vertex 27.654 -25.2532 3
      vertex 27.5863 -25.1954 3
    endloop
  endfacet
  facet normal -0.64931 -0.760524 -0
    outer loop
      vertex 27.654 -25.2532 3
      vertex 27.5863 -25.1954 0
      vertex 27.654 -25.2532 0
    endloop
  endfacet
  facet normal 0.608243 0.793751 -0
    outer loop
      vertex 25.5173 -27.8918 0
      vertex 25.4467 -27.8377 3
      vertex 25.5173 -27.8918 3
    endloop
  endfacet
  facet normal 0.608243 0.793751 0
    outer loop
      vertex 25.4467 -27.8377 3
      vertex 25.5173 -27.8918 0
      vertex 25.4467 -27.8377 0
    endloop
  endfacet
  facet normal 0.566577 0.824009 -0
    outer loop
      vertex 25.5906 -27.9422 0
      vertex 25.5173 -27.8918 3
      vertex 25.5906 -27.9422 3
    endloop
  endfacet
  facet normal 0.566577 0.824009 0
    outer loop
      vertex 25.5173 -27.8918 3
      vertex 25.5906 -27.9422 0
      vertex 25.5173 -27.8918 0
    endloop
  endfacet
  facet normal -0.958719 -0.284356 0
    outer loop
      vertex 28.1586 -26.0765 0
      vertex 28.1333 -25.9912 3
      vertex 28.1333 -25.9912 0
    endloop
  endfacet
  facet normal -0.958719 -0.284356 0
    outer loop
      vertex 28.1333 -25.9912 3
      vertex 28.1586 -26.0765 0
      vertex 28.1586 -26.0765 3
    endloop
  endfacet
  facet normal 0.383179 -0.923674 0
    outer loop
      vertex 25.8251 -24.9635 0
      vertex 25.9073 -24.9294 3
      vertex 25.8251 -24.9635 3
    endloop
  endfacet
  facet normal 0.383179 -0.923674 0
    outer loop
      vertex 25.9073 -24.9294 3
      vertex 25.8251 -24.9635 0
      vertex 25.9073 -24.9294 0
    endloop
  endfacet
  facet normal 0.793208 -0.60895 0
    outer loop
      vertex 25.1412 -25.5173 3
      vertex 25.1954 -25.4467 0
      vertex 25.1954 -25.4467 3
    endloop
  endfacet
  facet normal 0.793208 -0.60895 0
    outer loop
      vertex 25.1954 -25.4467 0
      vertex 25.1412 -25.5173 3
      vertex 25.1412 -25.5173 0
    endloop
  endfacet
  facet normal 0.0258341 -0.999666 0
    outer loop
      vertex 26.4275 -24.8188 0
      vertex 26.5165 -24.8165 3
      vertex 26.4275 -24.8188 3
    endloop
  endfacet
  facet normal 0.0258341 -0.999666 0
    outer loop
      vertex 26.5165 -24.8165 3
      vertex 26.4275 -24.8188 0
      vertex 26.5165 -24.8165 0
    endloop
  endfacet
  facet normal -0.382781 0.923839 0
    outer loop
      vertex 27.208 -28.0695 0
      vertex 27.1257 -28.1036 3
      vertex 27.208 -28.0695 3
    endloop
  endfacet
  facet normal -0.382781 0.923839 0
    outer loop
      vertex 27.1257 -28.1036 3
      vertex 27.208 -28.0695 0
      vertex 27.1257 -28.1036 0
    endloop
  endfacet
  facet normal 0.9969 -0.0786731 0
    outer loop
      vertex 24.8188 -26.4275 3
      vertex 24.8258 -26.3388 0
      vertex 24.8258 -26.3388 3
    endloop
  endfacet
  facet normal 0.9969 -0.0786731 0
    outer loop
      vertex 24.8258 -26.3388 0
      vertex 24.8188 -26.4275 3
      vertex 24.8188 -26.4275 0
    endloop
  endfacet
  facet normal -0.333702 0.942679 0
    outer loop
      vertex 27.1257 -28.1036 0
      vertex 27.0418 -28.1333 3
      vertex 27.1257 -28.1036 3
    endloop
  endfacet
  facet normal -0.333702 0.942679 0
    outer loop
      vertex 27.0418 -28.1333 3
      vertex 27.1257 -28.1036 0
      vertex 27.0418 -28.1333 0
    endloop
  endfacet
  facet normal -0.430501 0.90259 0
    outer loop
      vertex 27.2883 -28.0312 0
      vertex 27.208 -28.0695 3
      vertex 27.2883 -28.0312 3
    endloop
  endfacet
  facet normal -0.430501 0.90259 0
    outer loop
      vertex 27.208 -28.0695 3
      vertex 27.2883 -28.0312 0
      vertex 27.208 -28.0695 0
    endloop
  endfacet
  facet normal -0.90259 0.430501 0
    outer loop
      vertex 28.0312 -27.2883 0
      vertex 28.0695 -27.208 3
      vertex 28.0695 -27.208 0
    endloop
  endfacet
  facet normal -0.90259 0.430501 0
    outer loop
      vertex 28.0695 -27.208 3
      vertex 28.0312 -27.2883 0
      vertex 28.0312 -27.2883 3
    endloop
  endfacet
  facet normal -0.477513 0.878625 0
    outer loop
      vertex 27.3665 -27.9887 0
      vertex 27.2883 -28.0312 3
      vertex 27.3665 -27.9887 3
    endloop
  endfacet
  facet normal -0.477513 0.878625 0
    outer loop
      vertex 27.2883 -28.0312 3
      vertex 27.3665 -27.9887 0
      vertex 27.2883 -28.0312 0
    endloop
  endfacet
  facet normal 0.824009 0.566577 0
    outer loop
      vertex 25.1412 -27.5157 3
      vertex 25.0908 -27.4424 0
      vertex 25.0908 -27.4424 3
    endloop
  endfacet
  facet normal 0.824009 0.566577 0
    outer loop
      vertex 25.0908 -27.4424 0
      vertex 25.1412 -27.5157 3
      vertex 25.1412 -27.5157 0
    endloop
  endfacet
  facet normal -0.902798 -0.430064 0
    outer loop
      vertex 28.0695 -25.8251 0
      vertex 28.0312 -25.7447 3
      vertex 28.0312 -25.7447 0
    endloop
  endfacet
  facet normal -0.902798 -0.430064 0
    outer loop
      vertex 28.0312 -25.7447 3
      vertex 28.0695 -25.8251 0
      vertex 28.0695 -25.8251 3
    endloop
  endfacet
  facet normal 0.991462 0.130396 0
    outer loop
      vertex 24.8374 -26.7824 3
      vertex 24.8258 -26.6942 0
      vertex 24.8258 -26.6942 3
    endloop
  endfacet
  facet normal 0.991462 0.130396 0
    outer loop
      vertex 24.8258 -26.6942 0
      vertex 24.8374 -26.7824 3
      vertex 24.8374 -26.7824 0
    endloop
  endfacet
  facet normal 0.852698 -0.522404 0
    outer loop
      vertex 25.0443 -25.6665 3
      vertex 25.0908 -25.5906 0
      vertex 25.0908 -25.5906 3
    endloop
  endfacet
  facet normal 0.852698 -0.522404 0
    outer loop
      vertex 25.0908 -25.5906 0
      vertex 25.0443 -25.6665 3
      vertex 25.0443 -25.6665 0
    endloop
  endfacet
  facet normal 0.522404 0.852698 -0
    outer loop
      vertex 25.6665 -27.9887 0
      vertex 25.5906 -27.9422 3
      vertex 25.6665 -27.9887 3
    endloop
  endfacet
  facet normal 0.522404 0.852698 0
    outer loop
      vertex 25.5906 -27.9422 3
      vertex 25.6665 -27.9887 0
      vertex 25.5906 -27.9422 0
    endloop
  endfacet
  facet normal -0.942679 0.333702 0
    outer loop
      vertex 28.1036 -27.1257 0
      vertex 28.1333 -27.0418 3
      vertex 28.1333 -27.0418 0
    endloop
  endfacet
  facet normal -0.942679 0.333702 0
    outer loop
      vertex 28.1333 -27.0418 3
      vertex 28.1036 -27.1257 0
      vertex 28.1036 -27.1257 3
    endloop
  endfacet
  facet normal -0.824009 0.566577 0
    outer loop
      vertex 27.8918 -27.5157 0
      vertex 27.9422 -27.4424 3
      vertex 27.9422 -27.4424 0
    endloop
  endfacet
  facet normal -0.824009 0.566577 0
    outer loop
      vertex 27.9422 -27.4424 3
      vertex 27.8918 -27.5157 0
      vertex 27.8918 -27.5157 3
    endloop
  endfacet
  facet normal 0.9969 0.0786731 0
    outer loop
      vertex 24.8258 -26.6942 3
      vertex 24.8188 -26.6055 0
      vertex 24.8188 -26.6055 3
    endloop
  endfacet
  facet normal 0.9969 0.0786731 0
    outer loop
      vertex 24.8188 -26.6055 0
      vertex 24.8258 -26.6942 3
      vertex 24.8258 -26.6942 0
    endloop
  endfacet
  facet normal 0.60895 -0.793208 0
    outer loop
      vertex 25.4467 -25.1954 0
      vertex 25.5173 -25.1412 3
      vertex 25.4467 -25.1954 3
    endloop
  endfacet
  facet normal 0.60895 -0.793208 0
    outer loop
      vertex 25.5173 -25.1412 3
      vertex 25.4467 -25.1954 0
      vertex 25.5173 -25.1412 0
    endloop
  endfacet
  facet normal 0.522404 -0.852698 0
    outer loop
      vertex 25.5906 -25.0908 0
      vertex 25.6665 -25.0443 3
      vertex 25.5906 -25.0908 3
    endloop
  endfacet
  facet normal 0.522404 -0.852698 0
    outer loop
      vertex 25.6665 -25.0443 3
      vertex 25.5906 -25.0908 0
      vertex 25.6665 -25.0443 0
    endloop
  endfacet
  facet normal -0.725392 -0.688336 0
    outer loop
      vertex 27.7799 -25.379 0
      vertex 27.7186 -25.3144 3
      vertex 27.7186 -25.3144 0
    endloop
  endfacet
  facet normal -0.725392 -0.688336 0
    outer loop
      vertex 27.7186 -25.3144 3
      vertex 27.7799 -25.379 0
      vertex 27.7799 -25.379 3
    endloop
  endfacet
  facet normal -0.923674 -0.383179 0
    outer loop
      vertex 28.1036 -25.9073 0
      vertex 28.0695 -25.8251 3
      vertex 28.0695 -25.8251 0
    endloop
  endfacet
  facet normal -0.923674 -0.383179 0
    outer loop
      vertex 28.0695 -25.8251 3
      vertex 28.1036 -25.9073 0
      vertex 28.1036 -25.9073 3
    endloop
  endfacet
  facet normal 0.130396 -0.991462 0
    outer loop
      vertex 26.2506 -24.8374 0
      vertex 26.3388 -24.8258 3
      vertex 26.2506 -24.8374 3
    endloop
  endfacet
  facet normal 0.130396 -0.991462 0
    outer loop
      vertex 26.3388 -24.8258 3
      vertex 26.2506 -24.8374 0
      vertex 26.3388 -24.8258 0
    endloop
  endfacet
  facet normal 0.0786731 0.9969 -0
    outer loop
      vertex 26.4275 -28.2142 0
      vertex 26.3388 -28.2072 3
      vertex 26.4275 -28.2142 3
    endloop
  endfacet
  facet normal 0.0786731 0.9969 0
    outer loop
      vertex 26.3388 -28.2072 3
      vertex 26.4275 -28.2142 0
      vertex 26.3388 -28.2072 0
    endloop
  endfacet
  facet normal -0.608243 0.793751 0
    outer loop
      vertex 27.5863 -27.8377 0
      vertex 27.5157 -27.8918 3
      vertex 27.5863 -27.8377 3
    endloop
  endfacet
  facet normal -0.608243 0.793751 0
    outer loop
      vertex 27.5157 -27.8918 3
      vertex 27.5863 -27.8377 0
      vertex 27.5157 -27.8918 0
    endloop
  endfacet
  facet normal -0.522404 0.852698 0
    outer loop
      vertex 27.4424 -27.9422 0
      vertex 27.3665 -27.9887 3
      vertex 27.4424 -27.9422 3
    endloop
  endfacet
  facet normal -0.522404 0.852698 0
    outer loop
      vertex 27.3665 -27.9887 3
      vertex 27.4424 -27.9422 0
      vertex 27.3665 -27.9887 0
    endloop
  endfacet
  facet normal -0.983327 0.181848 0
    outer loop
      vertex 28.1794 -26.87 0
      vertex 28.1956 -26.7824 3
      vertex 28.1956 -26.7824 0
    endloop
  endfacet
  facet normal -0.983327 0.181848 0
    outer loop
      vertex 28.1956 -26.7824 3
      vertex 28.1794 -26.87 0
      vertex 28.1794 -26.87 3
    endloop
  endfacet
  facet normal -0.983289 -0.182049 0
    outer loop
      vertex 28.1956 -26.2506 0
      vertex 28.1794 -26.1631 3
      vertex 28.1794 -26.1631 0
    endloop
  endfacet
  facet normal -0.983289 -0.182049 0
    outer loop
      vertex 28.1794 -26.1631 3
      vertex 28.1956 -26.2506 0
      vertex 28.1956 -26.2506 3
    endloop
  endfacet
  facet normal 0.333702 -0.942679 0
    outer loop
      vertex 25.9073 -24.9294 0
      vertex 25.9912 -24.8997 3
      vertex 25.9073 -24.9294 3
    endloop
  endfacet
  facet normal 0.333702 -0.942679 0
    outer loop
      vertex 25.9912 -24.8997 3
      vertex 25.9073 -24.9294 0
      vertex 25.9912 -24.8997 0
    endloop
  endfacet
  facet normal -0.999666 -0.0258341 0
    outer loop
      vertex 28.2165 -26.5165 0
      vertex 28.2142 -26.4275 3
      vertex 28.2142 -26.4275 0
    endloop
  endfacet
  facet normal -0.999666 -0.0258341 0
    outer loop
      vertex 28.2142 -26.4275 3
      vertex 28.2165 -26.5165 0
      vertex 28.2165 -26.5165 3
    endloop
  endfacet
  facet normal 0.725953 0.687745 0
    outer loop
      vertex 25.3144 -27.7186 3
      vertex 25.2532 -27.654 0
      vertex 25.2532 -27.654 3
    endloop
  endfacet
  facet normal 0.725953 0.687745 0
    outer loop
      vertex 25.2532 -27.654 0
      vertex 25.3144 -27.7186 3
      vertex 25.3144 -27.7186 0
    endloop
  endfacet
  facet normal -0.824009 -0.566577 0
    outer loop
      vertex 27.9422 -25.5906 0
      vertex 27.8918 -25.5173 3
      vertex 27.8918 -25.5173 0
    endloop
  endfacet
  facet normal -0.824009 -0.566577 0
    outer loop
      vertex 27.8918 -25.5173 3
      vertex 27.9422 -25.5906 0
      vertex 27.9422 -25.5906 3
    endloop
  endfacet
  facet normal -0.566577 -0.824009 0
    outer loop
      vertex 27.4424 -25.0908 0
      vertex 27.5157 -25.1412 3
      vertex 27.4424 -25.0908 3
    endloop
  endfacet
  facet normal -0.566577 -0.824009 -0
    outer loop
      vertex 27.5157 -25.1412 3
      vertex 27.4424 -25.0908 0
      vertex 27.5157 -25.1412 0
    endloop
  endfacet
  facet normal -0.991462 -0.130396 0
    outer loop
      vertex 28.2072 -26.3388 0
      vertex 28.1956 -26.2506 3
      vertex 28.1956 -26.2506 0
    endloop
  endfacet
  facet normal -0.991462 -0.130396 0
    outer loop
      vertex 28.1956 -26.2506 3
      vertex 28.2072 -26.3388 0
      vertex 28.2072 -26.3388 3
    endloop
  endfacet
  facet normal 0.130396 0.991462 -0
    outer loop
      vertex 26.3388 -28.2072 0
      vertex 26.2506 -28.1956 3
      vertex 26.3388 -28.2072 3
    endloop
  endfacet
  facet normal 0.130396 0.991462 0
    outer loop
      vertex 26.2506 -28.1956 3
      vertex 26.3388 -28.2072 0
      vertex 26.2506 -28.1956 0
    endloop
  endfacet
  facet normal -0.760524 -0.64931 0
    outer loop
      vertex 27.8377 -25.4467 0
      vertex 27.7799 -25.379 3
      vertex 27.7799 -25.379 0
    endloop
  endfacet
  facet normal -0.760524 -0.64931 0
    outer loop
      vertex 27.7799 -25.379 3
      vertex 27.8377 -25.4467 0
      vertex 27.8377 -25.4467 3
    endloop
  endfacet
  facet normal 0.878625 0.477513 0
    outer loop
      vertex 25.0443 -27.3665 3
      vertex 25.0018 -27.2883 0
      vertex 25.0018 -27.2883 3
    endloop
  endfacet
  facet normal 0.878625 0.477513 0
    outer loop
      vertex 25.0018 -27.2883 0
      vertex 25.0443 -27.3665 3
      vertex 25.0443 -27.3665 0
    endloop
  endfacet
  facet normal 0.852698 0.522404 0
    outer loop
      vertex 25.0908 -27.4424 3
      vertex 25.0443 -27.3665 0
      vertex 25.0443 -27.3665 3
    endloop
  endfacet
  facet normal 0.852698 0.522404 0
    outer loop
      vertex 25.0443 -27.3665 0
      vertex 25.0908 -27.4424 3
      vertex 25.0908 -27.4424 0
    endloop
  endfacet
  facet normal -0.130396 0.991462 0
    outer loop
      vertex 26.7824 -28.1956 0
      vertex 26.6942 -28.2072 3
      vertex 26.7824 -28.1956 3
    endloop
  endfacet
  facet normal -0.130396 0.991462 0
    outer loop
      vertex 26.6942 -28.2072 3
      vertex 26.7824 -28.1956 0
      vertex 26.6942 -28.2072 0
    endloop
  endfacet
  facet normal 0.999666 0.0258341 0
    outer loop
      vertex 24.8188 -26.6055 3
      vertex 24.8165 -26.5165 0
      vertex 24.8165 -26.5165 3
    endloop
  endfacet
  facet normal 0.999666 0.0258341 0
    outer loop
      vertex 24.8165 -26.5165 0
      vertex 24.8188 -26.6055 3
      vertex 24.8188 -26.6055 0
    endloop
  endfacet
  facet normal 0.725953 -0.687745 0
    outer loop
      vertex 25.2532 -25.379 3
      vertex 25.3144 -25.3144 0
      vertex 25.3144 -25.3144 3
    endloop
  endfacet
  facet normal 0.725953 -0.687745 0
    outer loop
      vertex 25.3144 -25.3144 0
      vertex 25.2532 -25.379 3
      vertex 25.2532 -25.379 0
    endloop
  endfacet
  facet normal 0.972601 -0.232481 0
    outer loop
      vertex 24.8537 -26.1631 3
      vertex 24.8744 -26.0765 0
      vertex 24.8744 -26.0765 3
    endloop
  endfacet
  facet normal 0.972601 -0.232481 0
    outer loop
      vertex 24.8744 -26.0765 0
      vertex 24.8537 -26.1631 3
      vertex 24.8537 -26.1631 0
    endloop
  endfacet
  facet normal 0.958719 -0.284356 0
    outer loop
      vertex 24.8744 -26.0765 3
      vertex 24.8997 -25.9912 0
      vertex 24.8997 -25.9912 3
    endloop
  endfacet
  facet normal 0.958719 -0.284356 0
    outer loop
      vertex 24.8997 -25.9912 0
      vertex 24.8744 -26.0765 3
      vertex 24.8744 -26.0765 0
    endloop
  endfacet
  facet normal -0.688336 0.725392 0
    outer loop
      vertex 27.7186 -27.7186 0
      vertex 27.654 -27.7799 3
      vertex 27.7186 -27.7186 3
    endloop
  endfacet
  facet normal -0.688336 0.725392 0
    outer loop
      vertex 27.654 -27.7799 3
      vertex 27.7186 -27.7186 0
      vertex 27.654 -27.7799 0
    endloop
  endfacet
  facet normal -0.233798 0.972285 0
    outer loop
      vertex 26.9565 -28.1586 0
      vertex 26.87 -28.1794 3
      vertex 26.9565 -28.1586 3
    endloop
  endfacet
  facet normal -0.233798 0.972285 0
    outer loop
      vertex 26.87 -28.1794 3
      vertex 26.9565 -28.1586 0
      vertex 26.87 -28.1794 0
    endloop
  endfacet
  facet normal 0.0786731 -0.9969 0
    outer loop
      vertex 26.3388 -24.8258 0
      vertex 26.4275 -24.8188 3
      vertex 26.3388 -24.8258 3
    endloop
  endfacet
  facet normal 0.0786731 -0.9969 0
    outer loop
      vertex 26.4275 -24.8188 3
      vertex 26.3388 -24.8258 0
      vertex 26.4275 -24.8188 0
    endloop
  endfacet
  facet normal 0.233543 0.972347 -0
    outer loop
      vertex 26.1631 -28.1794 0
      vertex 26.0765 -28.1586 3
      vertex 26.1631 -28.1794 3
    endloop
  endfacet
  facet normal 0.233543 0.972347 0
    outer loop
      vertex 26.0765 -28.1586 3
      vertex 26.1631 -28.1794 0
      vertex 26.0765 -28.1586 0
    endloop
  endfacet
  facet normal 0.182049 0.983289 -0
    outer loop
      vertex 26.2506 -28.1956 0
      vertex 26.1631 -28.1794 3
      vertex 26.2506 -28.1956 3
    endloop
  endfacet
  facet normal 0.182049 0.983289 0
    outer loop
      vertex 26.1631 -28.1794 3
      vertex 26.2506 -28.1956 0
      vertex 26.1631 -28.1794 0
    endloop
  endfacet
  facet normal 0.232481 -0.972601 0
    outer loop
      vertex 26.0765 -24.8744 0
      vertex 26.1631 -24.8537 3
      vertex 26.0765 -24.8744 3
    endloop
  endfacet
  facet normal 0.232481 -0.972601 0
    outer loop
      vertex 26.1631 -24.8537 3
      vertex 26.0765 -24.8744 0
      vertex 26.1631 -24.8537 0
    endloop
  endfacet
  facet normal 0.430064 0.902798 -0
    outer loop
      vertex 25.8251 -28.0695 0
      vertex 25.7447 -28.0312 3
      vertex 25.8251 -28.0695 3
    endloop
  endfacet
  facet normal 0.430064 0.902798 0
    outer loop
      vertex 25.7447 -28.0312 3
      vertex 25.8251 -28.0695 0
      vertex 25.7447 -28.0312 0
    endloop
  endfacet
  facet normal 0.942679 0.333702 0
    outer loop
      vertex 24.9294 -27.1257 3
      vertex 24.8997 -27.0418 0
      vertex 24.8997 -27.0418 3
    endloop
  endfacet
  facet normal 0.942679 0.333702 0
    outer loop
      vertex 24.8997 -27.0418 0
      vertex 24.9294 -27.1257 3
      vertex 24.9294 -27.1257 0
    endloop
  endfacet
  facet normal -0.852698 -0.522404 0
    outer loop
      vertex 27.9887 -25.6665 0
      vertex 27.9422 -25.5906 3
      vertex 27.9422 -25.5906 0
    endloop
  endfacet
  facet normal -0.852698 -0.522404 0
    outer loop
      vertex 27.9422 -25.5906 3
      vertex 27.9887 -25.6665 0
      vertex 27.9887 -25.6665 3
    endloop
  endfacet
  facet normal 0.284356 -0.958719 0
    outer loop
      vertex 25.9912 -24.8997 0
      vertex 26.0765 -24.8744 3
      vertex 25.9912 -24.8997 3
    endloop
  endfacet
  facet normal 0.284356 -0.958719 0
    outer loop
      vertex 26.0765 -24.8744 3
      vertex 25.9912 -24.8997 0
      vertex 26.0765 -24.8744 0
    endloop
  endfacet
  facet normal 0.923674 -0.383179 0
    outer loop
      vertex 24.9294 -25.9073 3
      vertex 24.9635 -25.8251 0
      vertex 24.9635 -25.8251 3
    endloop
  endfacet
  facet normal 0.923674 -0.383179 0
    outer loop
      vertex 24.9635 -25.8251 0
      vertex 24.9294 -25.9073 3
      vertex 24.9294 -25.9073 0
    endloop
  endfacet
  facet normal -0.991462 0.130396 0
    outer loop
      vertex 28.1956 -26.7824 0
      vertex 28.2072 -26.6942 3
      vertex 28.2072 -26.6942 0
    endloop
  endfacet
  facet normal -0.991462 0.130396 0
    outer loop
      vertex 28.2072 -26.6942 3
      vertex 28.1956 -26.7824 0
      vertex 28.1956 -26.7824 3
    endloop
  endfacet
  facet normal 0.760524 0.64931 0
    outer loop
      vertex 25.2532 -27.654 3
      vertex 25.1954 -27.5863 0
      vertex 25.1954 -27.5863 3
    endloop
  endfacet
  facet normal 0.760524 0.64931 0
    outer loop
      vertex 25.1954 -27.5863 0
      vertex 25.2532 -27.654 3
      vertex 25.2532 -27.654 0
    endloop
  endfacet
  facet normal -0.878625 -0.477513 0
    outer loop
      vertex 28.0312 -25.7447 0
      vertex 27.9887 -25.6665 3
      vertex 27.9887 -25.6665 0
    endloop
  endfacet
  facet normal -0.878625 -0.477513 0
    outer loop
      vertex 27.9887 -25.6665 3
      vertex 28.0312 -25.7447 0
      vertex 28.0312 -25.7447 3
    endloop
  endfacet
  facet normal -0.0258341 0.999666 0
    outer loop
      vertex 26.6055 -28.2142 0
      vertex 26.5165 -28.2165 3
      vertex 26.6055 -28.2142 3
    endloop
  endfacet
  facet normal -0.0258341 0.999666 0
    outer loop
      vertex 26.5165 -28.2165 3
      vertex 26.6055 -28.2142 0
      vertex 26.5165 -28.2165 0
    endloop
  endfacet
  facet normal 0.0258341 0.999666 -0
    outer loop
      vertex 26.5165 -28.2165 0
      vertex 26.4275 -28.2142 3
      vertex 26.5165 -28.2165 3
    endloop
  endfacet
  facet normal 0.0258341 0.999666 0
    outer loop
      vertex 26.4275 -28.2142 3
      vertex 26.5165 -28.2165 0
      vertex 26.4275 -28.2142 0
    endloop
  endfacet
  facet normal -0.284356 -0.958719 0
    outer loop
      vertex 26.9565 -24.8744 0
      vertex 27.0418 -24.8997 3
      vertex 26.9565 -24.8744 3
    endloop
  endfacet
  facet normal -0.284356 -0.958719 -0
    outer loop
      vertex 27.0418 -24.8997 3
      vertex 26.9565 -24.8744 0
      vertex 27.0418 -24.8997 0
    endloop
  endfacet
  facet normal -0.232735 -0.97254 0
    outer loop
      vertex 26.87 -24.8537 0
      vertex 26.9565 -24.8744 3
      vertex 26.87 -24.8537 3
    endloop
  endfacet
  facet normal -0.232735 -0.97254 -0
    outer loop
      vertex 26.9565 -24.8744 3
      vertex 26.87 -24.8537 0
      vertex 26.9565 -24.8744 0
    endloop
  endfacet
  facet normal -0.130396 -0.991462 0
    outer loop
      vertex 26.6942 -24.8258 0
      vertex 26.7824 -24.8374 3
      vertex 26.6942 -24.8258 3
    endloop
  endfacet
  facet normal -0.130396 -0.991462 -0
    outer loop
      vertex 26.7824 -24.8374 3
      vertex 26.6942 -24.8258 0
      vertex 26.7824 -24.8374 0
    endloop
  endfacet
  facet normal 0.183135 -0.983088 0
    outer loop
      vertex 26.1631 -24.8537 0
      vertex 26.2506 -24.8374 3
      vertex 26.1631 -24.8537 3
    endloop
  endfacet
  facet normal 0.183135 -0.983088 0
    outer loop
      vertex 26.2506 -24.8374 3
      vertex 26.1631 -24.8537 0
      vertex 26.2506 -24.8374 0
    endloop
  endfacet
  facet normal 0.566577 -0.824009 0
    outer loop
      vertex 25.5173 -25.1412 0
      vertex 25.5906 -25.0908 3
      vertex 25.5173 -25.1412 3
    endloop
  endfacet
  facet normal 0.566577 -0.824009 0
    outer loop
      vertex 25.5906 -25.0908 3
      vertex 25.5173 -25.1412 0
      vertex 25.5906 -25.0908 0
    endloop
  endfacet
  facet normal -0.382781 -0.923839 0
    outer loop
      vertex 27.1257 -24.9294 0
      vertex 27.208 -24.9635 3
      vertex 27.1257 -24.9294 3
    endloop
  endfacet
  facet normal -0.382781 -0.923839 -0
    outer loop
      vertex 27.208 -24.9635 3
      vertex 27.1257 -24.9294 0
      vertex 27.208 -24.9635 0
    endloop
  endfacet
  facet normal 0.383179 0.923674 -0
    outer loop
      vertex 25.9073 -28.1036 0
      vertex 25.8251 -28.0695 3
      vertex 25.9073 -28.1036 3
    endloop
  endfacet
  facet normal 0.383179 0.923674 0
    outer loop
      vertex 25.8251 -28.0695 3
      vertex 25.9073 -28.1036 0
      vertex 25.8251 -28.0695 0
    endloop
  endfacet
  facet normal 0.923839 0.382781 0
    outer loop
      vertex 24.9635 -27.208 3
      vertex 24.9294 -27.1257 0
      vertex 24.9294 -27.1257 3
    endloop
  endfacet
  facet normal 0.923839 0.382781 0
    outer loop
      vertex 24.9294 -27.1257 0
      vertex 24.9635 -27.208 3
      vertex 24.9635 -27.208 0
    endloop
  endfacet
  facet normal 0.942679 -0.333702 0
    outer loop
      vertex 24.8997 -25.9912 3
      vertex 24.9294 -25.9073 0
      vertex 24.9294 -25.9073 3
    endloop
  endfacet
  facet normal 0.942679 -0.333702 0
    outer loop
      vertex 24.9294 -25.9073 0
      vertex 24.8997 -25.9912 3
      vertex 24.8997 -25.9912 0
    endloop
  endfacet
  facet normal 0.983125 0.182933 0
    outer loop
      vertex 24.8537 -26.87 3
      vertex 24.8374 -26.7824 0
      vertex 24.8374 -26.7824 3
    endloop
  endfacet
  facet normal 0.983125 0.182933 0
    outer loop
      vertex 24.8374 -26.7824 0
      vertex 24.8537 -26.87 3
      vertex 24.8537 -26.87 0
    endloop
  endfacet
  facet normal -0.760458 0.649387 0
    outer loop
      vertex 28.9317 -28.6912 3
      vertex 29.0422 -28.5618 5
      vertex 29.0422 -28.5618 3
    endloop
  endfacet
  facet normal -0.760458 0.649387 0
    outer loop
      vertex 29.0422 -28.5618 5
      vertex 28.9317 -28.6912 3
      vertex 28.9317 -28.6912 5
    endloop
  endfacet
  facet normal -0.725381 0.688348 0
    outer loop
      vertex 28.8146 -28.8146 3
      vertex 28.9317 -28.6912 5
      vertex 28.9317 -28.6912 3
    endloop
  endfacet
  facet normal -0.725381 0.688348 0
    outer loop
      vertex 28.9317 -28.6912 5
      vertex 28.8146 -28.8146 3
      vertex 28.8146 -28.8146 5
    endloop
  endfacet
  facet normal -0.793323 0.608802 0
    outer loop
      vertex 29.0422 -28.5618 3
      vertex 29.1458 -28.4268 5
      vertex 29.1458 -28.4268 3
    endloop
  endfacet
  facet normal -0.793323 0.608802 0
    outer loop
      vertex 29.1458 -28.4268 5
      vertex 29.0422 -28.5618 3
      vertex 29.0422 -28.5618 5
    endloop
  endfacet
  facet normal 0.180473 0.98358 0
    outer loop
      vertex 25.9972 -29.7245 3
      vertex 26.0081 -29.7265 5
      vertex 26.0081 -29.7265 3
    endloop
  endfacet
  facet normal 0.182194 0.983263 -9.69745e-06
    outer loop
      vertex 26.0081 -29.7265 5
      vertex 25.9972 -29.7245 3
      vertex 25.8408 -29.6955 5
    endloop
  endfacet
  facet normal 0.182314 0.98324 0
    outer loop
      vertex 25.8408 -29.6955 5
      vertex 25.9972 -29.7245 3
      vertex 25.8408 -29.6955 3
    endloop
  endfacet
  facet normal 0.90273 -0.430207 0
    outer loop
      vertex 23.5475 -25.1946 5
      vertex 23.6207 -25.041 3
      vertex 23.6207 -25.041 5
    endloop
  endfacet
  facet normal 0.90273 -0.430207 0
    outer loop
      vertex 23.6207 -25.041 3
      vertex 23.5475 -25.1946 5
      vertex 23.5475 -25.1946 3
    endloop
  endfacet
  facet normal -0.688348 -0.725381 0
    outer loop
      vertex 28.6912 -24.1013 3
      vertex 28.8146 -24.2184 5
      vertex 28.6912 -24.1013 5
    endloop
  endfacet
  facet normal -0.688348 -0.725381 -0
    outer loop
      vertex 28.8146 -24.2184 5
      vertex 28.6912 -24.1013 3
      vertex 28.8146 -24.2184 3
    endloop
  endfacet
  facet normal 0.649387 -0.760458 0
    outer loop
      vertex 24.3418 -24.1013 3
      vertex 24.4712 -23.9908 5
      vertex 24.3418 -24.1013 5
    endloop
  endfacet
  facet normal 0.649387 -0.760458 0
    outer loop
      vertex 24.4712 -23.9908 5
      vertex 24.3418 -24.1013 3
      vertex 24.4712 -23.9908 3
    endloop
  endfacet
  facet normal -0.284489 0.958679 0
    outer loop
      vertex 27.5208 -29.6074 3
      vertex 27.3577 -29.6558 5
      vertex 27.5208 -29.6074 5
    endloop
  endfacet
  facet normal -0.284489 0.958679 0
    outer loop
      vertex 27.3577 -29.6558 5
      vertex 27.5208 -29.6074 3
      vertex 27.3577 -29.6558 3
    endloop
  endfacet
  facet normal -0.793323 -0.608802 0
    outer loop
      vertex 29.1458 -24.6062 3
      vertex 29.0422 -24.4712 5
      vertex 29.0422 -24.4712 3
    endloop
  endfacet
  facet normal -0.793323 -0.608802 0
    outer loop
      vertex 29.0422 -24.4712 5
      vertex 29.1458 -24.6062 3
      vertex 29.1458 -24.6062 5
    endloop
  endfacet
  facet normal 0.522424 -0.852686 0
    outer loop
      vertex 24.7464 -23.7908 3
      vertex 24.8915 -23.7019 5
      vertex 24.7464 -23.7908 5
    endloop
  endfacet
  facet normal 0.522424 -0.852686 0
    outer loop
      vertex 24.8915 -23.7019 5
      vertex 24.7464 -23.7908 3
      vertex 24.8915 -23.7019 3
    endloop
  endfacet
  facet normal -0.98324 -0.182314 0
    outer loop
      vertex 29.7245 -25.9972 3
      vertex 29.6955 -25.8408 5
      vertex 29.6955 -25.8408 3
    endloop
  endfacet
  facet normal -0.98358 -0.180473 -0
    outer loop
      vertex 29.7265 -26.0081 5
      vertex 29.7245 -25.9972 3
      vertex 29.7265 -26.0081 3
    endloop
  endfacet
  facet normal -0.983263 -0.182194 -9.69745e-06
    outer loop
      vertex 29.7245 -25.9972 3
      vertex 29.7265 -26.0081 5
      vertex 29.6955 -25.8408 5
    endloop
  endfacet
  facet normal -0.233262 -0.972414 0
    outer loop
      vertex 27.1922 -23.3375 3
      vertex 27.3577 -23.3772 5
      vertex 27.1922 -23.3375 5
    endloop
  endfacet
  facet normal -0.233262 -0.972414 -0
    outer loop
      vertex 27.3577 -23.3772 5
      vertex 27.1922 -23.3375 3
      vertex 27.3577 -23.3772 3
    endloop
  endfacet
  facet normal 0.608802 0.793323 -0
    outer loop
      vertex 24.6062 -29.1458 3
      vertex 24.4712 -29.0422 5
      vertex 24.6062 -29.1458 5
    endloop
  endfacet
  facet normal 0.608802 0.793323 0
    outer loop
      vertex 24.4712 -29.0422 5
      vertex 24.6062 -29.1458 3
      vertex 24.4712 -29.0422 3
    endloop
  endfacet
  facet normal -0.522424 0.852686 0
    outer loop
      vertex 28.2866 -29.2422 3
      vertex 28.1415 -29.3311 5
      vertex 28.2866 -29.2422 5
    endloop
  endfacet
  facet normal -0.522424 0.852686 0
    outer loop
      vertex 28.1415 -29.3311 5
      vertex 28.2866 -29.2422 3
      vertex 28.1415 -29.3311 3
    endloop
  endfacet
  facet normal 0.991452 0.13047 0
    outer loop
      vertex 23.3065 -27.0249 5
      vertex 23.2843 -26.8562 3
      vertex 23.2843 -26.8562 5
    endloop
  endfacet
  facet normal 0.991452 0.13047 0
    outer loop
      vertex 23.2843 -26.8562 3
      vertex 23.3065 -27.0249 5
      vertex 23.3065 -27.0249 3
    endloop
  endfacet
  facet normal -0.958679 -0.284489 0
    outer loop
      vertex 29.6558 -25.6753 3
      vertex 29.6074 -25.5122 5
      vertex 29.6074 -25.5122 3
    endloop
  endfacet
  facet normal -0.958679 -0.284489 0
    outer loop
      vertex 29.6074 -25.5122 5
      vertex 29.6558 -25.6753 3
      vertex 29.6558 -25.6753 5
    endloop
  endfacet
  facet normal -0.972414 -0.233262 0
    outer loop
      vertex 29.6955 -25.8408 3
      vertex 29.6558 -25.6753 5
      vertex 29.6558 -25.6753 3
    endloop
  endfacet
  facet normal -0.972414 -0.233262 0
    outer loop
      vertex 29.6558 -25.6753 5
      vertex 29.6955 -25.8408 3
      vertex 29.6955 -25.8408 5
    endloop
  endfacet
  facet normal -0.991452 -0.13047 0
    outer loop
      vertex 29.7487 -26.1768 3
      vertex 29.7265 -26.0081 5
      vertex 29.7265 -26.0081 3
    endloop
  endfacet
  facet normal -0.991452 -0.13047 0
    outer loop
      vertex 29.7265 -26.0081 5
      vertex 29.7487 -26.1768 3
      vertex 29.7487 -26.1768 5
    endloop
  endfacet
  facet normal -0.0264458 -0.99965 0
    outer loop
      vertex 26.5165 -23.2665 3
      vertex 26.6866 -23.271 5
      vertex 26.5165 -23.2665 5
    endloop
  endfacet
  facet normal -0.0264458 -0.99965 -0
    outer loop
      vertex 26.6866 -23.271 5
      vertex 26.5165 -23.2665 3
      vertex 26.6866 -23.271 3
    endloop
  endfacet
  facet normal 0.430207 0.90273 -0
    outer loop
      vertex 25.1946 -29.4855 3
      vertex 25.041 -29.4123 5
      vertex 25.1946 -29.4855 5
    endloop
  endfacet
  facet normal 0.430207 0.90273 0
    outer loop
      vertex 25.041 -29.4123 5
      vertex 25.1946 -29.4855 3
      vertex 25.041 -29.4123 3
    endloop
  endfacet
  facet normal 0.688348 0.725381 -0
    outer loop
      vertex 24.3418 -28.9317 3
      vertex 24.2184 -28.8146 5
      vertex 24.3418 -28.9317 5
    endloop
  endfacet
  facet normal 0.688348 0.725381 0
    outer loop
      vertex 24.2184 -28.8146 5
      vertex 24.3418 -28.9317 3
      vertex 24.2184 -28.8146 3
    endloop
  endfacet
  facet normal 0.793323 -0.608802 0
    outer loop
      vertex 23.8872 -24.6062 5
      vertex 23.9908 -24.4712 3
      vertex 23.9908 -24.4712 5
    endloop
  endfacet
  facet normal 0.793323 -0.608802 0
    outer loop
      vertex 23.9908 -24.4712 3
      vertex 23.8872 -24.6062 5
      vertex 23.8872 -24.6062 3
    endloop
  endfacet
  facet normal -0.477286 0.878748 0
    outer loop
      vertex 28.1415 -29.3311 3
      vertex 27.992 -29.4123 5
      vertex 28.1415 -29.3311 5
    endloop
  endfacet
  facet normal -0.477286 0.878748 0
    outer loop
      vertex 27.992 -29.4123 5
      vertex 28.1415 -29.3311 3
      vertex 27.992 -29.4123 3
    endloop
  endfacet
  facet normal -0.0258585 0.999666 0
    outer loop
      vertex 26.6866 -29.7621 3
      vertex 26.5165 -29.7665 5
      vertex 26.6866 -29.7621 5
    endloop
  endfacet
  facet normal -0.0258585 0.999666 0
    outer loop
      vertex 26.5165 -29.7665 5
      vertex 26.6866 -29.7621 3
      vertex 26.5165 -29.7665 3
    endloop
  endfacet
  facet normal -0.923909 0.382611 0
    outer loop
      vertex 29.4855 -27.8384 3
      vertex 29.5506 -27.6812 5
      vertex 29.5506 -27.6812 3
    endloop
  endfacet
  facet normal -0.923909 0.382611 0
    outer loop
      vertex 29.5506 -27.6812 5
      vertex 29.4855 -27.8384 3
      vertex 29.4855 -27.8384 5
    endloop
  endfacet
  facet normal -0.688348 0.725381 0
    outer loop
      vertex 28.8146 -28.8146 3
      vertex 28.6912 -28.9317 5
      vertex 28.8146 -28.8146 5
    endloop
  endfacet
  facet normal -0.688348 0.725381 0
    outer loop
      vertex 28.6912 -28.9317 5
      vertex 28.8146 -28.8146 3
      vertex 28.6912 -28.9317 3
    endloop
  endfacet
  facet normal -0.13047 0.991452 0
    outer loop
      vertex 27.0249 -29.7265 3
      vertex 26.8562 -29.7487 5
      vertex 27.0249 -29.7265 5
    endloop
  endfacet
  facet normal -0.13047 0.991452 0
    outer loop
      vertex 26.8562 -29.7487 5
      vertex 27.0249 -29.7265 3
      vertex 26.8562 -29.7487 3
    endloop
  endfacet
  facet normal 0.972414 0.233262 0
    outer loop
      vertex 23.3772 -27.3577 5
      vertex 23.3375 -27.1922 3
      vertex 23.3375 -27.1922 5
    endloop
  endfacet
  facet normal 0.972414 0.233262 0
    outer loop
      vertex 23.3375 -27.1922 3
      vertex 23.3772 -27.3577 5
      vertex 23.3772 -27.3577 3
    endloop
  endfacet
  facet normal 0.725381 -0.688348 0
    outer loop
      vertex 24.1013 -24.3418 5
      vertex 24.2184 -24.2184 3
      vertex 24.2184 -24.2184 5
    endloop
  endfacet
  facet normal 0.725381 -0.688348 0
    outer loop
      vertex 24.2184 -24.2184 3
      vertex 24.1013 -24.3418 5
      vertex 24.1013 -24.3418 3
    endloop
  endfacet
  facet normal -0.996893 -0.078764 0
    outer loop
      vertex 29.7621 -26.3464 3
      vertex 29.7487 -26.1768 5
      vertex 29.7487 -26.1768 3
    endloop
  endfacet
  facet normal -0.996893 -0.078764 0
    outer loop
      vertex 29.7487 -26.1768 5
      vertex 29.7621 -26.3464 3
      vertex 29.7621 -26.3464 5
    endloop
  endfacet
  facet normal -0.972414 0.233262 0
    outer loop
      vertex 29.6558 -27.3577 3
      vertex 29.6955 -27.1922 5
      vertex 29.6955 -27.1922 3
    endloop
  endfacet
  facet normal -0.972414 0.233262 0
    outer loop
      vertex 29.6955 -27.1922 5
      vertex 29.6558 -27.3577 3
      vertex 29.6558 -27.3577 5
    endloop
  endfacet
  facet normal -0.233262 0.972414 0
    outer loop
      vertex 27.3577 -29.6558 3
      vertex 27.1922 -29.6955 5
      vertex 27.3577 -29.6558 5
    endloop
  endfacet
  facet normal -0.233262 0.972414 0
    outer loop
      vertex 27.1922 -29.6955 5
      vertex 27.3577 -29.6558 3
      vertex 27.1922 -29.6955 3
    endloop
  endfacet
  facet normal -0.430207 0.90273 0
    outer loop
      vertex 27.992 -29.4123 3
      vertex 27.8384 -29.4855 5
      vertex 27.992 -29.4123 5
    endloop
  endfacet
  facet normal -0.430207 0.90273 0
    outer loop
      vertex 27.8384 -29.4855 5
      vertex 27.992 -29.4123 3
      vertex 27.8384 -29.4855 3
    endloop
  endfacet
  facet normal -0.958679 0.284489 0
    outer loop
      vertex 29.6074 -27.5208 3
      vertex 29.6558 -27.3577 5
      vertex 29.6558 -27.3577 3
    endloop
  endfacet
  facet normal -0.958679 0.284489 0
    outer loop
      vertex 29.6558 -27.3577 5
      vertex 29.6074 -27.5208 3
      vertex 29.6074 -27.5208 5
    endloop
  endfacet
  facet normal -0.878748 -0.477286 0
    outer loop
      vertex 29.4123 -25.041 3
      vertex 29.3311 -24.8915 5
      vertex 29.3311 -24.8915 3
    endloop
  endfacet
  facet normal -0.878748 -0.477286 0
    outer loop
      vertex 29.3311 -24.8915 5
      vertex 29.4123 -25.041 3
      vertex 29.4123 -25.041 5
    endloop
  endfacet
  facet normal -0.878748 0.477286 0
    outer loop
      vertex 29.3311 -28.1415 3
      vertex 29.4123 -27.992 5
      vertex 29.4123 -27.992 3
    endloop
  endfacet
  facet normal -0.878748 0.477286 0
    outer loop
      vertex 29.4123 -27.992 5
      vertex 29.3311 -28.1415 3
      vertex 29.3311 -28.1415 5
    endloop
  endfacet
  facet normal -0.852686 -0.522424 0
    outer loop
      vertex 29.3311 -24.8915 3
      vertex 29.2422 -24.7464 5
      vertex 29.2422 -24.7464 3
    endloop
  endfacet
  facet normal -0.852686 -0.522424 0
    outer loop
      vertex 29.2422 -24.7464 5
      vertex 29.3311 -24.8915 3
      vertex 29.3311 -24.8915 5
    endloop
  endfacet
  facet normal -0.477286 -0.878748 0
    outer loop
      vertex 27.992 -23.6207 3
      vertex 28.1415 -23.7019 5
      vertex 27.992 -23.6207 5
    endloop
  endfacet
  facet normal -0.477286 -0.878748 -0
    outer loop
      vertex 28.1415 -23.7019 5
      vertex 27.992 -23.6207 3
      vertex 28.1415 -23.7019 3
    endloop
  endfacet
  facet normal -0.382611 0.923909 0
    outer loop
      vertex 27.8384 -29.4855 3
      vertex 27.6812 -29.5506 5
      vertex 27.8384 -29.4855 5
    endloop
  endfacet
  facet normal -0.382611 0.923909 0
    outer loop
      vertex 27.6812 -29.5506 5
      vertex 27.8384 -29.4855 3
      vertex 27.6812 -29.5506 3
    endloop
  endfacet
  facet normal -0.725381 -0.688348 0
    outer loop
      vertex 28.9317 -24.3418 3
      vertex 28.8146 -24.2184 5
      vertex 28.8146 -24.2184 3
    endloop
  endfacet
  facet normal -0.725381 -0.688348 0
    outer loop
      vertex 28.8146 -24.2184 5
      vertex 28.9317 -24.3418 3
      vertex 28.9317 -24.3418 5
    endloop
  endfacet
  facet normal -0.942643 0.333804 0
    outer loop
      vertex 29.5506 -27.6812 3
      vertex 29.6074 -27.5208 5
      vertex 29.6074 -27.5208 3
    endloop
  endfacet
  facet normal -0.942643 0.333804 0
    outer loop
      vertex 29.6074 -27.5208 5
      vertex 29.5506 -27.6812 3
      vertex 29.5506 -27.6812 5
    endloop
  endfacet
  facet normal 0.13047 0.991452 -0
    outer loop
      vertex 26.1768 -29.7487 3
      vertex 26.0081 -29.7265 5
      vertex 26.1768 -29.7487 5
    endloop
  endfacet
  facet normal 0.13047 0.991452 0
    outer loop
      vertex 26.0081 -29.7265 5
      vertex 26.1768 -29.7487 3
      vertex 26.0081 -29.7265 3
    endloop
  endfacet
  facet normal 0.878748 -0.477286 0
    outer loop
      vertex 23.6207 -25.041 5
      vertex 23.7019 -24.8915 3
      vertex 23.7019 -24.8915 5
    endloop
  endfacet
  facet normal 0.878748 -0.477286 0
    outer loop
      vertex 23.7019 -24.8915 3
      vertex 23.6207 -25.041 5
      vertex 23.6207 -25.041 3
    endloop
  endfacet
  facet normal -0.90273 0.430207 0
    outer loop
      vertex 29.4123 -27.992 3
      vertex 29.4855 -27.8384 5
      vertex 29.4855 -27.8384 3
    endloop
  endfacet
  facet normal -0.90273 0.430207 0
    outer loop
      vertex 29.4855 -27.8384 5
      vertex 29.4123 -27.992 3
      vertex 29.4123 -27.992 5
    endloop
  endfacet
  facet normal 0.793323 0.608802 0
    outer loop
      vertex 23.9908 -28.5618 5
      vertex 23.8872 -28.4268 3
      vertex 23.8872 -28.4268 5
    endloop
  endfacet
  facet normal 0.793323 0.608802 0
    outer loop
      vertex 23.8872 -28.4268 3
      vertex 23.9908 -28.5618 5
      vertex 23.9908 -28.5618 3
    endloop
  endfacet
  facet normal 0.0258585 0.999666 -0
    outer loop
      vertex 26.5165 -29.7665 3
      vertex 26.3464 -29.7621 5
      vertex 26.5165 -29.7665 5
    endloop
  endfacet
  facet normal 0.0258585 0.999666 0
    outer loop
      vertex 26.3464 -29.7621 5
      vertex 26.5165 -29.7665 3
      vertex 26.3464 -29.7621 3
    endloop
  endfacet
  facet normal -0.608802 0.793323 0
    outer loop
      vertex 28.5618 -29.0422 3
      vertex 28.4268 -29.1458 5
      vertex 28.5618 -29.0422 5
    endloop
  endfacet
  facet normal -0.608802 0.793323 0
    outer loop
      vertex 28.4268 -29.1458 5
      vertex 28.5618 -29.0422 3
      vertex 28.4268 -29.1458 3
    endloop
  endfacet
  facet normal 0.99965 -0.0264458 0
    outer loop
      vertex 23.2665 -26.5165 5
      vertex 23.271 -26.3464 3
      vertex 23.271 -26.3464 5
    endloop
  endfacet
  facet normal 0.99965 -0.0264458 0
    outer loop
      vertex 23.271 -26.3464 3
      vertex 23.2665 -26.5165 5
      vertex 23.2665 -26.5165 3
    endloop
  endfacet
  facet normal 0.824008 0.566579 0
    outer loop
      vertex 23.8872 -28.4268 5
      vertex 23.7908 -28.2866 3
      vertex 23.7908 -28.2866 5
    endloop
  endfacet
  facet normal 0.824008 0.566579 0
    outer loop
      vertex 23.7908 -28.2866 3
      vertex 23.8872 -28.4268 5
      vertex 23.8872 -28.4268 3
    endloop
  endfacet
  facet normal -0.996893 0.078764 0
    outer loop
      vertex 29.7487 -26.8562 3
      vertex 29.7621 -26.6866 5
      vertex 29.7621 -26.6866 3
    endloop
  endfacet
  facet normal -0.996893 0.078764 0
    outer loop
      vertex 29.7621 -26.6866 5
      vertex 29.7487 -26.8562 3
      vertex 29.7487 -26.8562 5
    endloop
  endfacet
  facet normal 0.983263 -0.182194 0
    outer loop
      vertex 23.3065 -26.0081 5
      vertex 23.3375 -25.8408 3
      vertex 23.3375 -25.8408 5
    endloop
  endfacet
  facet normal 0.983263 -0.182194 0
    outer loop
      vertex 23.3375 -25.8408 3
      vertex 23.3065 -26.0081 5
      vertex 23.3065 -26.0081 3
    endloop
  endfacet
  facet normal 0.608802 -0.793323 0
    outer loop
      vertex 24.4712 -23.9908 3
      vertex 24.6062 -23.8872 5
      vertex 24.4712 -23.9908 5
    endloop
  endfacet
  facet normal 0.608802 -0.793323 0
    outer loop
      vertex 24.6062 -23.8872 5
      vertex 24.4712 -23.9908 3
      vertex 24.6062 -23.8872 3
    endloop
  endfacet
  facet normal -0.649387 -0.760458 0
    outer loop
      vertex 28.5618 -23.9908 3
      vertex 28.6912 -24.1013 5
      vertex 28.5618 -23.9908 5
    endloop
  endfacet
  facet normal -0.649387 -0.760458 -0
    outer loop
      vertex 28.6912 -24.1013 5
      vertex 28.5618 -23.9908 3
      vertex 28.6912 -24.1013 3
    endloop
  endfacet
  facet normal 0.90273 0.430207 0
    outer loop
      vertex 23.6207 -27.992 5
      vertex 23.5475 -27.8384 3
      vertex 23.5475 -27.8384 5
    endloop
  endfacet
  facet normal 0.90273 0.430207 0
    outer loop
      vertex 23.5475 -27.8384 3
      vertex 23.6207 -27.992 5
      vertex 23.6207 -27.992 3
    endloop
  endfacet
  facet normal -0.078764 0.996893 0
    outer loop
      vertex 26.8562 -29.7487 3
      vertex 26.6866 -29.7621 5
      vertex 26.8562 -29.7487 5
    endloop
  endfacet
  facet normal -0.078764 0.996893 0
    outer loop
      vertex 26.6866 -29.7621 5
      vertex 26.8562 -29.7487 3
      vertex 26.6866 -29.7621 3
    endloop
  endfacet
  facet normal 0.996939 -0.0781798 0
    outer loop
      vertex 23.271 -26.3464 5
      vertex 23.2843 -26.1768 3
      vertex 23.2843 -26.1768 5
    endloop
  endfacet
  facet normal 0.996939 -0.0781798 0
    outer loop
      vertex 23.2843 -26.1768 3
      vertex 23.271 -26.3464 5
      vertex 23.271 -26.3464 3
    endloop
  endfacet
  facet normal 0.333804 -0.942643 0
    outer loop
      vertex 25.3518 -23.4824 3
      vertex 25.5122 -23.4256 5
      vertex 25.3518 -23.4824 5
    endloop
  endfacet
  facet normal 0.333804 -0.942643 0
    outer loop
      vertex 25.5122 -23.4256 5
      vertex 25.3518 -23.4824 3
      vertex 25.5122 -23.4256 3
    endloop
  endfacet
  facet normal 0.649387 0.760458 -0
    outer loop
      vertex 24.4712 -29.0422 3
      vertex 24.3418 -28.9317 5
      vertex 24.4712 -29.0422 5
    endloop
  endfacet
  facet normal 0.649387 0.760458 0
    outer loop
      vertex 24.3418 -28.9317 5
      vertex 24.4712 -29.0422 3
      vertex 24.3418 -28.9317 3
    endloop
  endfacet
  facet normal 0.233262 -0.972414 0
    outer loop
      vertex 25.6753 -23.3772 3
      vertex 25.8408 -23.3375 5
      vertex 25.6753 -23.3772 5
    endloop
  endfacet
  facet normal 0.233262 -0.972414 0
    outer loop
      vertex 25.8408 -23.3375 5
      vertex 25.6753 -23.3772 3
      vertex 25.8408 -23.3375 3
    endloop
  endfacet
  facet normal 0.078764 0.996893 -0
    outer loop
      vertex 26.3464 -29.7621 3
      vertex 26.1768 -29.7487 5
      vertex 26.3464 -29.7621 5
    endloop
  endfacet
  facet normal 0.078764 0.996893 0
    outer loop
      vertex 26.1768 -29.7487 5
      vertex 26.3464 -29.7621 3
      vertex 26.1768 -29.7487 3
    endloop
  endfacet
  facet normal -0.923909 -0.382611 0
    outer loop
      vertex 29.5506 -25.3518 3
      vertex 29.4855 -25.1946 5
      vertex 29.4855 -25.1946 3
    endloop
  endfacet
  facet normal -0.923909 -0.382611 0
    outer loop
      vertex 29.4855 -25.1946 5
      vertex 29.5506 -25.3518 3
      vertex 29.5506 -25.3518 5
    endloop
  endfacet
  facet normal 0.477286 -0.878748 0
    outer loop
      vertex 24.8915 -23.7019 3
      vertex 25.041 -23.6207 5
      vertex 24.8915 -23.7019 5
    endloop
  endfacet
  facet normal 0.477286 -0.878748 0
    outer loop
      vertex 25.041 -23.6207 5
      vertex 24.8915 -23.7019 3
      vertex 25.041 -23.6207 3
    endloop
  endfacet
  facet normal -0.942643 -0.333804 0
    outer loop
      vertex 29.6074 -25.5122 3
      vertex 29.5506 -25.3518 5
      vertex 29.5506 -25.3518 3
    endloop
  endfacet
  facet normal -0.942643 -0.333804 0
    outer loop
      vertex 29.5506 -25.3518 5
      vertex 29.6074 -25.5122 3
      vertex 29.6074 -25.5122 5
    endloop
  endfacet
  facet normal -0.991452 0.13047 0
    outer loop
      vertex 29.7265 -27.0249 3
      vertex 29.7487 -26.8562 5
      vertex 29.7487 -26.8562 3
    endloop
  endfacet
  facet normal -0.991452 0.13047 0
    outer loop
      vertex 29.7487 -26.8562 5
      vertex 29.7265 -27.0249 3
      vertex 29.7265 -27.0249 5
    endloop
  endfacet
  facet normal 0.688348 -0.725381 0
    outer loop
      vertex 24.2184 -24.2184 3
      vertex 24.3418 -24.1013 5
      vertex 24.2184 -24.2184 5
    endloop
  endfacet
  facet normal 0.688348 -0.725381 0
    outer loop
      vertex 24.3418 -24.1013 5
      vertex 24.2184 -24.2184 3
      vertex 24.3418 -24.1013 3
    endloop
  endfacet
  facet normal -0.566579 -0.824008 0
    outer loop
      vertex 28.2866 -23.7908 3
      vertex 28.4268 -23.8872 5
      vertex 28.2866 -23.7908 5
    endloop
  endfacet
  facet normal -0.566579 -0.824008 -0
    outer loop
      vertex 28.4268 -23.8872 5
      vertex 28.2866 -23.7908 3
      vertex 28.4268 -23.8872 3
    endloop
  endfacet
  facet normal 0.477286 0.878748 -0
    outer loop
      vertex 25.041 -29.4123 3
      vertex 24.8915 -29.3311 5
      vertex 25.041 -29.4123 5
    endloop
  endfacet
  facet normal 0.477286 0.878748 0
    outer loop
      vertex 24.8915 -29.3311 5
      vertex 25.041 -29.4123 3
      vertex 24.8915 -29.3311 3
    endloop
  endfacet
  facet normal -0.824008 -0.566579 0
    outer loop
      vertex 29.2422 -24.7464 3
      vertex 29.1458 -24.6062 5
      vertex 29.1458 -24.6062 3
    endloop
  endfacet
  facet normal -0.824008 -0.566579 0
    outer loop
      vertex 29.1458 -24.6062 5
      vertex 29.2422 -24.7464 3
      vertex 29.2422 -24.7464 5
    endloop
  endfacet
  facet normal -0.760458 -0.649387 0
    outer loop
      vertex 29.0422 -24.4712 3
      vertex 28.9317 -24.3418 5
      vertex 28.9317 -24.3418 3
    endloop
  endfacet
  facet normal -0.760458 -0.649387 0
    outer loop
      vertex 28.9317 -24.3418 5
      vertex 29.0422 -24.4712 3
      vertex 29.0422 -24.4712 5
    endloop
  endfacet
  facet normal -0.608802 -0.793323 0
    outer loop
      vertex 28.4268 -23.8872 3
      vertex 28.5618 -23.9908 5
      vertex 28.4268 -23.8872 5
    endloop
  endfacet
  facet normal -0.608802 -0.793323 -0
    outer loop
      vertex 28.5618 -23.9908 5
      vertex 28.4268 -23.8872 3
      vertex 28.5618 -23.9908 3
    endloop
  endfacet
  facet normal 0.824008 -0.566579 0
    outer loop
      vertex 23.7908 -24.7464 5
      vertex 23.8872 -24.6062 3
      vertex 23.8872 -24.6062 5
    endloop
  endfacet
  facet normal 0.824008 -0.566579 0
    outer loop
      vertex 23.8872 -24.6062 3
      vertex 23.7908 -24.7464 5
      vertex 23.7908 -24.7464 3
    endloop
  endfacet
  facet normal -0.983263 0.182194 0
    outer loop
      vertex 29.6955 -27.1922 3
      vertex 29.7265 -27.0249 5
      vertex 29.7265 -27.0249 3
    endloop
  endfacet
  facet normal -0.983263 0.182194 0
    outer loop
      vertex 29.7265 -27.0249 5
      vertex 29.6955 -27.1922 3
      vertex 29.6955 -27.1922 5
    endloop
  endfacet
  facet normal 0.382611 0.923909 -0
    outer loop
      vertex 25.3518 -29.5506 3
      vertex 25.1946 -29.4855 5
      vertex 25.3518 -29.5506 5
    endloop
  endfacet
  facet normal 0.382611 0.923909 0
    outer loop
      vertex 25.1946 -29.4855 5
      vertex 25.3518 -29.5506 3
      vertex 25.1946 -29.4855 3
    endloop
  endfacet
  facet normal -0.649387 0.760458 0
    outer loop
      vertex 28.6912 -28.9317 3
      vertex 28.5618 -29.0422 5
      vertex 28.6912 -28.9317 5
    endloop
  endfacet
  facet normal -0.649387 0.760458 0
    outer loop
      vertex 28.5618 -29.0422 5
      vertex 28.6912 -28.9317 3
      vertex 28.5618 -29.0422 3
    endloop
  endfacet
  facet normal 0.284489 0.958679 -0
    outer loop
      vertex 25.6753 -29.6558 3
      vertex 25.5122 -29.6074 5
      vertex 25.6753 -29.6558 5
    endloop
  endfacet
  facet normal 0.284489 0.958679 0
    outer loop
      vertex 25.5122 -29.6074 5
      vertex 25.6753 -29.6558 3
      vertex 25.5122 -29.6074 3
    endloop
  endfacet
  facet normal 0.13047 -0.991452 0
    outer loop
      vertex 26.0081 -23.3065 3
      vertex 26.1768 -23.2843 5
      vertex 26.0081 -23.3065 5
    endloop
  endfacet
  facet normal 0.13047 -0.991452 0
    outer loop
      vertex 26.1768 -23.2843 5
      vertex 26.0081 -23.3065 3
      vertex 26.1768 -23.2843 3
    endloop
  endfacet
  facet normal -0.824008 0.566579 0
    outer loop
      vertex 29.1458 -28.4268 3
      vertex 29.2422 -28.2866 5
      vertex 29.2422 -28.2866 3
    endloop
  endfacet
  facet normal -0.824008 0.566579 0
    outer loop
      vertex 29.2422 -28.2866 5
      vertex 29.1458 -28.4268 3
      vertex 29.1458 -28.4268 5
    endloop
  endfacet
  facet normal 0.760458 -0.649387 0
    outer loop
      vertex 23.9908 -24.4712 5
      vertex 24.1013 -24.3418 3
      vertex 24.1013 -24.3418 5
    endloop
  endfacet
  facet normal 0.760458 -0.649387 0
    outer loop
      vertex 24.1013 -24.3418 3
      vertex 23.9908 -24.4712 5
      vertex 23.9908 -24.4712 3
    endloop
  endfacet
  facet normal 0.972414 -0.233262 0
    outer loop
      vertex 23.3375 -25.8408 5
      vertex 23.3772 -25.6753 3
      vertex 23.3772 -25.6753 5
    endloop
  endfacet
  facet normal 0.972414 -0.233262 0
    outer loop
      vertex 23.3772 -25.6753 3
      vertex 23.3375 -25.8408 5
      vertex 23.3375 -25.8408 3
    endloop
  endfacet
  facet normal 0.942643 0.333804 0
    outer loop
      vertex 23.4824 -27.6812 5
      vertex 23.4256 -27.5208 3
      vertex 23.4256 -27.5208 5
    endloop
  endfacet
  facet normal 0.942643 0.333804 0
    outer loop
      vertex 23.4256 -27.5208 3
      vertex 23.4824 -27.6812 5
      vertex 23.4824 -27.6812 3
    endloop
  endfacet
  facet normal 0.566579 -0.824008 0
    outer loop
      vertex 24.6062 -23.8872 3
      vertex 24.7464 -23.7908 5
      vertex 24.6062 -23.8872 5
    endloop
  endfacet
  facet normal 0.566579 -0.824008 0
    outer loop
      vertex 24.7464 -23.7908 5
      vertex 24.6062 -23.8872 3
      vertex 24.7464 -23.7908 3
    endloop
  endfacet
  facet normal 0.430207 -0.90273 0
    outer loop
      vertex 25.041 -23.6207 3
      vertex 25.1946 -23.5475 5
      vertex 25.041 -23.6207 5
    endloop
  endfacet
  facet normal 0.430207 -0.90273 0
    outer loop
      vertex 25.1946 -23.5475 5
      vertex 25.041 -23.6207 3
      vertex 25.1946 -23.5475 3
    endloop
  endfacet
  facet normal -0.430207 -0.90273 0
    outer loop
      vertex 27.8384 -23.5475 3
      vertex 27.992 -23.6207 5
      vertex 27.8384 -23.5475 5
    endloop
  endfacet
  facet normal -0.430207 -0.90273 -0
    outer loop
      vertex 27.992 -23.6207 5
      vertex 27.8384 -23.5475 3
      vertex 27.992 -23.6207 3
    endloop
  endfacet
  facet normal 0.760458 0.649387 0
    outer loop
      vertex 24.1013 -28.6912 5
      vertex 23.9908 -28.5618 3
      vertex 23.9908 -28.5618 5
    endloop
  endfacet
  facet normal 0.760458 0.649387 0
    outer loop
      vertex 23.9908 -28.5618 3
      vertex 24.1013 -28.6912 5
      vertex 24.1013 -28.6912 3
    endloop
  endfacet
  facet normal -0.852686 0.522424 0
    outer loop
      vertex 29.2422 -28.2866 3
      vertex 29.3311 -28.1415 5
      vertex 29.3311 -28.1415 3
    endloop
  endfacet
  facet normal -0.852686 0.522424 0
    outer loop
      vertex 29.3311 -28.1415 5
      vertex 29.2422 -28.2866 3
      vertex 29.2422 -28.2866 5
    endloop
  endfacet
  facet normal 0.0264458 -0.99965 0
    outer loop
      vertex 26.3464 -23.271 3
      vertex 26.5165 -23.2665 5
      vertex 26.3464 -23.271 5
    endloop
  endfacet
  facet normal 0.0264458 -0.99965 0
    outer loop
      vertex 26.5165 -23.2665 5
      vertex 26.3464 -23.271 3
      vertex 26.5165 -23.2665 3
    endloop
  endfacet
  facet normal 0.233262 0.972414 -0
    outer loop
      vertex 25.8408 -29.6955 3
      vertex 25.6753 -29.6558 5
      vertex 25.8408 -29.6955 5
    endloop
  endfacet
  facet normal 0.233262 0.972414 0
    outer loop
      vertex 25.6753 -29.6558 5
      vertex 25.8408 -29.6955 3
      vertex 25.6753 -29.6558 3
    endloop
  endfacet
  facet normal -0.999666 -0.0258585 0
    outer loop
      vertex 29.7665 -26.5165 3
      vertex 29.7621 -26.3464 5
      vertex 29.7621 -26.3464 3
    endloop
  endfacet
  facet normal -0.999666 -0.0258585 0
    outer loop
      vertex 29.7621 -26.3464 5
      vertex 29.7665 -26.5165 3
      vertex 29.7665 -26.5165 5
    endloop
  endfacet
  facet normal -0.284489 -0.958679 0
    outer loop
      vertex 27.3577 -23.3772 3
      vertex 27.5208 -23.4256 5
      vertex 27.3577 -23.3772 5
    endloop
  endfacet
  facet normal -0.284489 -0.958679 -0
    outer loop
      vertex 27.5208 -23.4256 5
      vertex 27.3577 -23.3772 3
      vertex 27.5208 -23.4256 3
    endloop
  endfacet
  facet normal -0.0781798 -0.996939 0
    outer loop
      vertex 26.6866 -23.271 3
      vertex 26.8562 -23.2843 5
      vertex 26.6866 -23.271 5
    endloop
  endfacet
  facet normal -0.0781798 -0.996939 -0
    outer loop
      vertex 26.8562 -23.2843 5
      vertex 26.6866 -23.271 3
      vertex 26.8562 -23.2843 3
    endloop
  endfacet
  facet normal 0.991452 -0.13047 0
    outer loop
      vertex 23.2843 -26.1768 5
      vertex 23.3065 -26.0081 3
      vertex 23.3065 -26.0081 5
    endloop
  endfacet
  facet normal 0.991452 -0.13047 0
    outer loop
      vertex 23.3065 -26.0081 3
      vertex 23.2843 -26.1768 5
      vertex 23.2843 -26.1768 3
    endloop
  endfacet
  facet normal -0.182194 0.983263 0
    outer loop
      vertex 27.1922 -29.6955 3
      vertex 27.0249 -29.7265 5
      vertex 27.1922 -29.6955 5
    endloop
  endfacet
  facet normal -0.182194 0.983263 0
    outer loop
      vertex 27.0249 -29.7265 5
      vertex 27.1922 -29.6955 3
      vertex 27.0249 -29.7265 3
    endloop
  endfacet
  facet normal -0.90273 -0.430207 0
    outer loop
      vertex 29.4855 -25.1946 3
      vertex 29.4123 -25.041 5
      vertex 29.4123 -25.041 3
    endloop
  endfacet
  facet normal -0.90273 -0.430207 0
    outer loop
      vertex 29.4123 -25.041 5
      vertex 29.4855 -25.1946 3
      vertex 29.4855 -25.1946 5
    endloop
  endfacet
  facet normal 0.996939 0.0781798 0
    outer loop
      vertex 23.2843 -26.8562 5
      vertex 23.271 -26.6866 3
      vertex 23.271 -26.6866 5
    endloop
  endfacet
  facet normal 0.996939 0.0781798 0
    outer loop
      vertex 23.271 -26.6866 3
      vertex 23.2843 -26.8562 5
      vertex 23.2843 -26.8562 3
    endloop
  endfacet
  facet normal 0.522424 0.852686 -0
    outer loop
      vertex 24.8915 -29.3311 3
      vertex 24.7464 -29.2422 5
      vertex 24.8915 -29.3311 5
    endloop
  endfacet
  facet normal 0.522424 0.852686 0
    outer loop
      vertex 24.7464 -29.2422 5
      vertex 24.8915 -29.3311 3
      vertex 24.7464 -29.2422 3
    endloop
  endfacet
  facet normal -0.13047 -0.991452 0
    outer loop
      vertex 26.8562 -23.2843 3
      vertex 27.0249 -23.3065 5
      vertex 26.8562 -23.2843 5
    endloop
  endfacet
  facet normal -0.13047 -0.991452 -0
    outer loop
      vertex 27.0249 -23.3065 5
      vertex 26.8562 -23.2843 3
      vertex 27.0249 -23.3065 3
    endloop
  endfacet
  facet normal 0.0781798 -0.996939 0
    outer loop
      vertex 26.1768 -23.2843 3
      vertex 26.3464 -23.271 5
      vertex 26.1768 -23.2843 5
    endloop
  endfacet
  facet normal 0.0781798 -0.996939 0
    outer loop
      vertex 26.3464 -23.271 5
      vertex 26.1768 -23.2843 3
      vertex 26.3464 -23.271 3
    endloop
  endfacet
  facet normal 0.878748 0.477286 0
    outer loop
      vertex 23.7019 -28.1415 5
      vertex 23.6207 -27.992 3
      vertex 23.6207 -27.992 5
    endloop
  endfacet
  facet normal 0.878748 0.477286 0
    outer loop
      vertex 23.6207 -27.992 3
      vertex 23.7019 -28.1415 5
      vertex 23.7019 -28.1415 3
    endloop
  endfacet
  facet normal -0.333804 -0.942643 0
    outer loop
      vertex 27.5208 -23.4256 3
      vertex 27.6812 -23.4824 5
      vertex 27.5208 -23.4256 5
    endloop
  endfacet
  facet normal -0.333804 -0.942643 -0
    outer loop
      vertex 27.6812 -23.4824 5
      vertex 27.5208 -23.4256 3
      vertex 27.6812 -23.4824 3
    endloop
  endfacet
  facet normal 0.566579 0.824008 -0
    outer loop
      vertex 24.7464 -29.2422 3
      vertex 24.6062 -29.1458 5
      vertex 24.7464 -29.2422 5
    endloop
  endfacet
  facet normal 0.566579 0.824008 0
    outer loop
      vertex 24.6062 -29.1458 5
      vertex 24.7464 -29.2422 3
      vertex 24.6062 -29.1458 3
    endloop
  endfacet
  facet normal 0.852686 0.522424 0
    outer loop
      vertex 23.7908 -28.2866 5
      vertex 23.7019 -28.1415 3
      vertex 23.7019 -28.1415 5
    endloop
  endfacet
  facet normal 0.852686 0.522424 0
    outer loop
      vertex 23.7019 -28.1415 3
      vertex 23.7908 -28.2866 5
      vertex 23.7908 -28.2866 3
    endloop
  endfacet
  facet normal 0.725381 0.688348 0
    outer loop
      vertex 24.2184 -28.8146 5
      vertex 24.1013 -28.6912 3
      vertex 24.1013 -28.6912 5
    endloop
  endfacet
  facet normal 0.725381 0.688348 0
    outer loop
      vertex 24.1013 -28.6912 3
      vertex 24.2184 -28.8146 5
      vertex 24.2184 -28.8146 3
    endloop
  endfacet
  facet normal 0.333804 0.942643 -0
    outer loop
      vertex 25.5122 -29.6074 3
      vertex 25.3518 -29.5506 5
      vertex 25.5122 -29.6074 5
    endloop
  endfacet
  facet normal 0.333804 0.942643 0
    outer loop
      vertex 25.3518 -29.5506 5
      vertex 25.5122 -29.6074 3
      vertex 25.3518 -29.5506 3
    endloop
  endfacet
  facet normal 0.983263 0.182194 0
    outer loop
      vertex 23.3375 -27.1922 5
      vertex 23.3065 -27.0249 3
      vertex 23.3065 -27.0249 5
    endloop
  endfacet
  facet normal 0.983263 0.182194 0
    outer loop
      vertex 23.3065 -27.0249 3
      vertex 23.3375 -27.1922 5
      vertex 23.3375 -27.1922 3
    endloop
  endfacet
  facet normal -0.999666 0.0258585 0
    outer loop
      vertex 29.7621 -26.6866 3
      vertex 29.7665 -26.5165 5
      vertex 29.7665 -26.5165 3
    endloop
  endfacet
  facet normal -0.999666 0.0258585 0
    outer loop
      vertex 29.7665 -26.5165 5
      vertex 29.7621 -26.6866 3
      vertex 29.7621 -26.6866 5
    endloop
  endfacet
  facet normal -0.566579 0.824008 0
    outer loop
      vertex 28.4268 -29.1458 3
      vertex 28.2866 -29.2422 5
      vertex 28.4268 -29.1458 5
    endloop
  endfacet
  facet normal -0.566579 0.824008 0
    outer loop
      vertex 28.2866 -29.2422 5
      vertex 28.4268 -29.1458 3
      vertex 28.2866 -29.2422 3
    endloop
  endfacet
  facet normal 0.182194 -0.983263 0
    outer loop
      vertex 25.8408 -23.3375 3
      vertex 26.0081 -23.3065 5
      vertex 25.8408 -23.3375 5
    endloop
  endfacet
  facet normal 0.182194 -0.983263 0
    outer loop
      vertex 26.0081 -23.3065 5
      vertex 25.8408 -23.3375 3
      vertex 26.0081 -23.3065 3
    endloop
  endfacet
  facet normal 0.923909 0.382611 0
    outer loop
      vertex 23.5475 -27.8384 5
      vertex 23.4824 -27.6812 3
      vertex 23.4824 -27.6812 5
    endloop
  endfacet
  facet normal 0.923909 0.382611 0
    outer loop
      vertex 23.4824 -27.6812 3
      vertex 23.5475 -27.8384 5
      vertex 23.5475 -27.8384 3
    endloop
  endfacet
  facet normal -0.182194 -0.983263 0
    outer loop
      vertex 27.0249 -23.3065 3
      vertex 27.1922 -23.3375 5
      vertex 27.0249 -23.3065 5
    endloop
  endfacet
  facet normal -0.182194 -0.983263 -0
    outer loop
      vertex 27.1922 -23.3375 5
      vertex 27.0249 -23.3065 3
      vertex 27.1922 -23.3375 3
    endloop
  endfacet
  facet normal -0.522424 -0.852686 0
    outer loop
      vertex 28.1415 -23.7019 3
      vertex 28.2866 -23.7908 5
      vertex 28.1415 -23.7019 5
    endloop
  endfacet
  facet normal -0.522424 -0.852686 -0
    outer loop
      vertex 28.2866 -23.7908 5
      vertex 28.1415 -23.7019 3
      vertex 28.2866 -23.7908 3
    endloop
  endfacet
  facet normal 0.284489 -0.958679 0
    outer loop
      vertex 25.5122 -23.4256 3
      vertex 25.6753 -23.3772 5
      vertex 25.5122 -23.4256 5
    endloop
  endfacet
  facet normal 0.284489 -0.958679 0
    outer loop
      vertex 25.6753 -23.3772 5
      vertex 25.5122 -23.4256 3
      vertex 25.6753 -23.3772 3
    endloop
  endfacet
  facet normal 0.99965 0.0264458 0
    outer loop
      vertex 23.271 -26.6866 5
      vertex 23.2665 -26.5165 3
      vertex 23.2665 -26.5165 5
    endloop
  endfacet
  facet normal 0.99965 0.0264458 0
    outer loop
      vertex 23.2665 -26.5165 3
      vertex 23.271 -26.6866 5
      vertex 23.271 -26.6866 3
    endloop
  endfacet
  facet normal 0.958679 -0.284489 0
    outer loop
      vertex 23.3772 -25.6753 5
      vertex 23.4256 -25.5122 3
      vertex 23.4256 -25.5122 5
    endloop
  endfacet
  facet normal 0.958679 -0.284489 0
    outer loop
      vertex 23.4256 -25.5122 3
      vertex 23.3772 -25.6753 5
      vertex 23.3772 -25.6753 3
    endloop
  endfacet
  facet normal 0.852686 -0.522424 0
    outer loop
      vertex 23.7019 -24.8915 5
      vertex 23.7908 -24.7464 3
      vertex 23.7908 -24.7464 5
    endloop
  endfacet
  facet normal 0.852686 -0.522424 0
    outer loop
      vertex 23.7908 -24.7464 3
      vertex 23.7019 -24.8915 5
      vertex 23.7019 -24.8915 3
    endloop
  endfacet
  facet normal -0.333804 0.942643 0
    outer loop
      vertex 27.6812 -29.5506 3
      vertex 27.5208 -29.6074 5
      vertex 27.6812 -29.5506 5
    endloop
  endfacet
  facet normal -0.333804 0.942643 0
    outer loop
      vertex 27.5208 -29.6074 5
      vertex 27.6812 -29.5506 3
      vertex 27.5208 -29.6074 3
    endloop
  endfacet
  facet normal 0.382611 -0.923909 0
    outer loop
      vertex 25.1946 -23.5475 3
      vertex 25.3518 -23.4824 5
      vertex 25.1946 -23.5475 5
    endloop
  endfacet
  facet normal 0.382611 -0.923909 0
    outer loop
      vertex 25.3518 -23.4824 5
      vertex 25.1946 -23.5475 3
      vertex 25.3518 -23.4824 3
    endloop
  endfacet
  facet normal -0.382611 -0.923909 0
    outer loop
      vertex 27.6812 -23.4824 3
      vertex 27.8384 -23.5475 5
      vertex 27.6812 -23.4824 5
    endloop
  endfacet
  facet normal -0.382611 -0.923909 -0
    outer loop
      vertex 27.8384 -23.5475 5
      vertex 27.6812 -23.4824 3
      vertex 27.8384 -23.5475 3
    endloop
  endfacet
  facet normal 0.958679 0.284489 0
    outer loop
      vertex 23.4256 -27.5208 5
      vertex 23.3772 -27.3577 3
      vertex 23.3772 -27.3577 5
    endloop
  endfacet
  facet normal 0.958679 0.284489 0
    outer loop
      vertex 23.3772 -27.3577 3
      vertex 23.4256 -27.5208 5
      vertex 23.4256 -27.5208 3
    endloop
  endfacet
  facet normal 0.923909 -0.382611 0
    outer loop
      vertex 23.4824 -25.3518 5
      vertex 23.5475 -25.1946 3
      vertex 23.5475 -25.1946 5
    endloop
  endfacet
  facet normal 0.923909 -0.382611 0
    outer loop
      vertex 23.5475 -25.1946 3
      vertex 23.4824 -25.3518 5
      vertex 23.4824 -25.3518 3
    endloop
  endfacet
  facet normal 0.942643 -0.333804 0
    outer loop
      vertex 23.4256 -25.5122 5
      vertex 23.4824 -25.3518 3
      vertex 23.4824 -25.3518 5
    endloop
  endfacet
  facet normal 0.942643 -0.333804 0
    outer loop
      vertex 23.4824 -25.3518 3
      vertex 23.4256 -25.5122 5
      vertex 23.4256 -25.5122 3
    endloop
  endfacet
  facet normal -0.983252 -0.182249 0
    outer loop
      vertex 3.20999 0.508411 0
      vertex 3.17898 0.675713 7.5
      vertex 3.17898 0.675713 0
    endloop
  endfacet
  facet normal -0.983252 -0.182249 0
    outer loop
      vertex 3.17898 0.675713 7.5
      vertex 3.20999 0.508411 0
      vertex 3.20999 0.508411 7.5
    endloop
  endfacet
  facet normal 0.942661 0.333751 0
    outer loop
      vertex -3.03414 -1.1647 7.5
      vertex -3.09093 -1.0043 0
      vertex -3.09093 -1.0043 7.5
    endloop
  endfacet
  facet normal 0.942661 0.333751 0
    outer loop
      vertex -3.09093 -1.0043 0
      vertex -3.03414 -1.1647 7.5
      vertex -3.03414 -1.1647 0
    endloop
  endfacet
  facet normal -0.996917 0.0784604 0
    outer loop
      vertex 3.2322 -0.339717 0
      vertex 3.24555 -0.170092 7.5
      vertex 3.24555 -0.170092 0
    endloop
  endfacet
  facet normal -0.996917 0.0784604 0
    outer loop
      vertex 3.24555 -0.170092 7.5
      vertex 3.2322 -0.339717 0
      vertex 3.2322 -0.339717 7.5
    endloop
  endfacet
  facet normal -0.996917 -0.0784604 0
    outer loop
      vertex 3.24555 0.170092 0
      vertex 3.2322 0.339717 7.5
      vertex 3.2322 0.339717 0
    endloop
  endfacet
  facet normal -0.996917 -0.0784604 0
    outer loop
      vertex 3.2322 0.339717 7.5
      vertex 3.24555 0.170092 0
      vertex 3.24555 0.170092 7.5
    endloop
  endfacet
  facet normal -0.878813 0.477167 0
    outer loop
      vertex 2.81458 -1.625 0
      vertex 2.89577 -1.47547 7.5
      vertex 2.89577 -1.47547 0
    endloop
  endfacet
  facet normal -0.878813 0.477167 0
    outer loop
      vertex 2.89577 -1.47547 7.5
      vertex 2.81458 -1.625 0
      vertex 2.81458 -1.625 7.5
    endloop
  endfacet
  facet normal -0.688321 -0.725406 0
    outer loop
      vertex 2.17467 2.41522 0
      vertex 2.2981 2.2981 7.5
      vertex 2.17467 2.41522 7.5
    endloop
  endfacet
  facet normal -0.688321 -0.725406 -0
    outer loop
      vertex 2.2981 2.2981 7.5
      vertex 2.17467 2.41522 0
      vertex 2.2981 2.2981 0
    endloop
  endfacet
  facet normal 0.996917 0.0784604 0
    outer loop
      vertex -3.2322 -0.339717 7.5
      vertex -3.24555 -0.170092 0
      vertex -3.24555 -0.170092 7.5
    endloop
  endfacet
  facet normal 0.996917 0.0784604 0
    outer loop
      vertex -3.24555 -0.170092 0
      vertex -3.2322 -0.339717 7.5
      vertex -3.2322 -0.339717 0
    endloop
  endfacet
  facet normal -0.95881 -0.28405 0
    outer loop
      vertex 3.13926 0.841162 0
      vertex 3.09093 1.0043 7.5
      vertex 3.09093 1.0043 0
    endloop
  endfacet
  facet normal -0.95881 -0.28405 0
    outer loop
      vertex 3.09093 1.0043 7.5
      vertex 3.13926 0.841162 0
      vertex 3.13926 0.841162 7.5
    endloop
  endfacet
  facet normal 0.972371 -0.233441 0
    outer loop
      vertex -3.17898 0.675713 7.5
      vertex -3.13926 0.841162 0
      vertex -3.13926 0.841162 7.5
    endloop
  endfacet
  facet normal 0.972371 -0.233441 0
    outer loop
      vertex -3.13926 0.841162 0
      vertex -3.17898 0.675713 7.5
      vertex -3.17898 0.675713 0
    endloop
  endfacet
  facet normal -0.760409 0.649445 0
    outer loop
      vertex 2.41522 -2.17467 0
      vertex 2.52572 -2.04529 7.5
      vertex 2.52572 -2.04529 0
    endloop
  endfacet
  facet normal -0.760409 0.649445 0
    outer loop
      vertex 2.52572 -2.04529 7.5
      vertex 2.41522 -2.17467 0
      vertex 2.41522 -2.17467 7.5
    endloop
  endfacet
  facet normal -0.902594 -0.430492 0
    outer loop
      vertex 2.96902 1.32189 0
      vertex 2.89577 1.47547 7.5
      vertex 2.89577 1.47547 0
    endloop
  endfacet
  facet normal -0.902594 -0.430492 0
    outer loop
      vertex 2.89577 1.47547 7.5
      vertex 2.96902 1.32189 0
      vertex 2.96902 1.32189 7.5
    endloop
  endfacet
  facet normal -0.649445 -0.760409 0
    outer loop
      vertex 2.04529 2.52572 0
      vertex 2.17467 2.41522 7.5
      vertex 2.04529 2.52572 7.5
    endloop
  endfacet
  facet normal -0.649445 -0.760409 -0
    outer loop
      vertex 2.17467 2.41522 7.5
      vertex 2.04529 2.52572 0
      vertex 2.17467 2.41522 0
    endloop
  endfacet
  facet normal -0.942661 -0.333751 0
    outer loop
      vertex 3.09093 1.0043 0
      vertex 3.03414 1.1647 7.5
      vertex 3.03414 1.1647 0
    endloop
  endfacet
  facet normal -0.942661 -0.333751 0
    outer loop
      vertex 3.03414 1.1647 7.5
      vertex 3.09093 1.0043 0
      vertex 3.09093 1.0043 7.5
    endloop
  endfacet
  facet normal -0.28405 -0.95881 0
    outer loop
      vertex 0.841162 3.13926 0
      vertex 1.0043 3.09093 7.5
      vertex 0.841162 3.13926 7.5
    endloop
  endfacet
  facet normal -0.28405 -0.95881 -0
    outer loop
      vertex 1.0043 3.09093 7.5
      vertex 0.841162 3.13926 0
      vertex 1.0043 3.09093 0
    endloop
  endfacet
  facet normal -0.793358 -0.608756 0
    outer loop
      vertex 2.6293 1.9103 0
      vertex 2.52572 2.04529 7.5
      vertex 2.52572 2.04529 0
    endloop
  endfacet
  facet normal -0.793358 -0.608756 0
    outer loop
      vertex 2.52572 2.04529 7.5
      vertex 2.6293 1.9103 0
      vertex 2.6293 1.9103 7.5
    endloop
  endfacet
  facet normal 0.0784604 -0.996917 0
    outer loop
      vertex -0.339717 3.2322 0
      vertex -0.170092 3.24555 7.5
      vertex -0.339717 3.2322 7.5
    endloop
  endfacet
  facet normal 0.0784604 -0.996917 0
    outer loop
      vertex -0.170092 3.24555 7.5
      vertex -0.339717 3.2322 0
      vertex -0.170092 3.24555 0
    endloop
  endfacet
  facet normal -0.983252 0.182249 0
    outer loop
      vertex 3.17898 -0.675713 0
      vertex 3.20999 -0.508411 7.5
      vertex 3.20999 -0.508411 0
    endloop
  endfacet
  facet normal -0.983252 0.182249 0
    outer loop
      vertex 3.20999 -0.508411 7.5
      vertex 3.17898 -0.675713 0
      vertex 3.17898 -0.675713 7.5
    endloop
  endfacet
  facet normal 0.649445 0.760409 -0
    outer loop
      vertex -2.04529 -2.52572 0
      vertex -2.17467 -2.41522 7.5
      vertex -2.04529 -2.52572 7.5
    endloop
  endfacet
  facet normal 0.649445 0.760409 0
    outer loop
      vertex -2.17467 -2.41522 7.5
      vertex -2.04529 -2.52572 0
      vertex -2.17467 -2.41522 0
    endloop
  endfacet
  facet normal 0.28405 -0.95881 0
    outer loop
      vertex -1.0043 3.09093 0
      vertex -0.841162 3.13926 7.5
      vertex -1.0043 3.09093 7.5
    endloop
  endfacet
  facet normal 0.28405 -0.95881 0
    outer loop
      vertex -0.841162 3.13926 7.5
      vertex -1.0043 3.09093 0
      vertex -0.841162 3.13926 0
    endloop
  endfacet
  facet normal -0.902594 0.430492 0
    outer loop
      vertex 2.89577 -1.47547 0
      vertex 2.96902 -1.32189 7.5
      vertex 2.96902 -1.32189 0
    endloop
  endfacet
  facet normal -0.902594 0.430492 0
    outer loop
      vertex 2.96902 -1.32189 7.5
      vertex 2.89577 -1.47547 0
      vertex 2.89577 -1.47547 7.5
    endloop
  endfacet
  facet normal -0.852654 0.522477 0
    outer loop
      vertex 2.72568 -1.77008 0
      vertex 2.81458 -1.625 7.5
      vertex 2.81458 -1.625 0
    endloop
  endfacet
  facet normal -0.852654 0.522477 0
    outer loop
      vertex 2.81458 -1.625 7.5
      vertex 2.72568 -1.77008 0
      vertex 2.72568 -1.77008 7.5
    endloop
  endfacet
  facet normal 0.382732 -0.923859 0
    outer loop
      vertex -1.32189 2.96902 0
      vertex -1.1647 3.03414 7.5
      vertex -1.32189 2.96902 7.5
    endloop
  endfacet
  facet normal 0.382732 -0.923859 0
    outer loop
      vertex -1.1647 3.03414 7.5
      vertex -1.32189 2.96902 0
      vertex -1.1647 3.03414 0
    endloop
  endfacet
  facet normal -0.991444 -0.130532 0
    outer loop
      vertex 3.2322 0.339717 0
      vertex 3.20999 0.508411 7.5
      vertex 3.20999 0.508411 0
    endloop
  endfacet
  facet normal -0.991444 -0.130532 0
    outer loop
      vertex 3.20999 0.508411 7.5
      vertex 3.2322 0.339717 0
      vertex 3.2322 0.339717 7.5
    endloop
  endfacet
  facet normal -0.566444 -0.8241 0
    outer loop
      vertex 1.77008 2.72568 0
      vertex 1.9103 2.6293 7.5
      vertex 1.77008 2.72568 7.5
    endloop
  endfacet
  facet normal -0.566444 -0.8241 -0
    outer loop
      vertex 1.9103 2.6293 7.5
      vertex 1.77008 2.72568 0
      vertex 1.9103 2.6293 0
    endloop
  endfacet
  facet normal -0.182249 -0.983252 0
    outer loop
      vertex 0.508411 3.20999 0
      vertex 0.675713 3.17898 7.5
      vertex 0.508411 3.20999 7.5
    endloop
  endfacet
  facet normal -0.182249 -0.983252 -0
    outer loop
      vertex 0.675713 3.17898 7.5
      vertex 0.508411 3.20999 0
      vertex 0.675713 3.17898 0
    endloop
  endfacet
  facet normal -0.942661 0.333751 0
    outer loop
      vertex 3.03414 -1.1647 0
      vertex 3.09093 -1.0043 7.5
      vertex 3.09093 -1.0043 0
    endloop
  endfacet
  facet normal -0.942661 0.333751 0
    outer loop
      vertex 3.09093 -1.0043 7.5
      vertex 3.03414 -1.1647 0
      vertex 3.03414 -1.1647 7.5
    endloop
  endfacet
  facet normal -0.130532 0.991444 0
    outer loop
      vertex 0.508411 -3.20999 0
      vertex 0.339717 -3.2322 7.5
      vertex 0.508411 -3.20999 7.5
    endloop
  endfacet
  facet normal -0.130532 0.991444 0
    outer loop
      vertex 0.339717 -3.2322 7.5
      vertex 0.508411 -3.20999 0
      vertex 0.339717 -3.2322 0
    endloop
  endfacet
  facet normal -0.522477 -0.852654 0
    outer loop
      vertex 1.625 2.81458 0
      vertex 1.77008 2.72568 7.5
      vertex 1.625 2.81458 7.5
    endloop
  endfacet
  facet normal -0.522477 -0.852654 -0
    outer loop
      vertex 1.77008 2.72568 7.5
      vertex 1.625 2.81458 0
      vertex 1.77008 2.72568 0
    endloop
  endfacet
  facet normal 0.477167 0.878813 -0
    outer loop
      vertex -1.47547 -2.89577 0
      vertex -1.625 -2.81458 7.5
      vertex -1.47547 -2.89577 7.5
    endloop
  endfacet
  facet normal 0.477167 0.878813 0
    outer loop
      vertex -1.625 -2.81458 7.5
      vertex -1.47547 -2.89577 0
      vertex -1.625 -2.81458 0
    endloop
  endfacet
  facet normal 0.130532 -0.991444 0
    outer loop
      vertex -0.508411 3.20999 0
      vertex -0.339717 3.2322 7.5
      vertex -0.508411 3.20999 7.5
    endloop
  endfacet
  facet normal 0.130532 -0.991444 0
    outer loop
      vertex -0.339717 3.2322 7.5
      vertex -0.508411 3.20999 0
      vertex -0.339717 3.2322 0
    endloop
  endfacet
  facet normal -0.0784604 -0.996917 0
    outer loop
      vertex 0.170092 3.24555 0
      vertex 0.339717 3.2322 7.5
      vertex 0.170092 3.24555 7.5
    endloop
  endfacet
  facet normal -0.0784604 -0.996917 -0
    outer loop
      vertex 0.339717 3.2322 7.5
      vertex 0.170092 3.24555 0
      vertex 0.339717 3.2322 0
    endloop
  endfacet
  facet normal 0.852654 -0.522477 0
    outer loop
      vertex -2.81458 1.625 7.5
      vertex -2.72568 1.77008 0
      vertex -2.72568 1.77008 7.5
    endloop
  endfacet
  facet normal 0.852654 -0.522477 0
    outer loop
      vertex -2.72568 1.77008 0
      vertex -2.81458 1.625 7.5
      vertex -2.81458 1.625 0
    endloop
  endfacet
  facet normal -0.999658 -0.0261534 0
    outer loop
      vertex 3.25 0 0
      vertex 3.24555 0.170092 7.5
      vertex 3.24555 0.170092 0
    endloop
  endfacet
  facet normal -0.999658 -0.0261534 0
    outer loop
      vertex 3.24555 0.170092 7.5
      vertex 3.25 0 0
      vertex 3.25 0 7.5
    endloop
  endfacet
  facet normal 0.477167 -0.878813 0
    outer loop
      vertex -1.625 2.81458 0
      vertex -1.47547 2.89577 7.5
      vertex -1.625 2.81458 7.5
    endloop
  endfacet
  facet normal 0.477167 -0.878813 0
    outer loop
      vertex -1.47547 2.89577 7.5
      vertex -1.625 2.81458 0
      vertex -1.47547 2.89577 0
    endloop
  endfacet
  facet normal -0.95881 0.28405 0
    outer loop
      vertex 3.09093 -1.0043 0
      vertex 3.13926 -0.841162 7.5
      vertex 3.13926 -0.841162 0
    endloop
  endfacet
  facet normal -0.95881 0.28405 0
    outer loop
      vertex 3.13926 -0.841162 7.5
      vertex 3.09093 -1.0043 0
      vertex 3.09093 -1.0043 7.5
    endloop
  endfacet
  facet normal -0.430492 0.902594 0
    outer loop
      vertex 1.47547 -2.89577 0
      vertex 1.32189 -2.96902 7.5
      vertex 1.47547 -2.89577 7.5
    endloop
  endfacet
  facet normal -0.430492 0.902594 0
    outer loop
      vertex 1.32189 -2.96902 7.5
      vertex 1.47547 -2.89577 0
      vertex 1.32189 -2.96902 0
    endloop
  endfacet
  facet normal -0.0261534 0.999658 0
    outer loop
      vertex 0.170092 -3.24555 0
      vertex 0 -3.25 7.5
      vertex 0.170092 -3.24555 7.5
    endloop
  endfacet
  facet normal -0.0261534 0.999658 0
    outer loop
      vertex 0 -3.25 7.5
      vertex 0.170092 -3.24555 0
      vertex 0 -3.25 0
    endloop
  endfacet
  facet normal -0.923859 -0.382732 0
    outer loop
      vertex 3.03414 1.1647 0
      vertex 2.96902 1.32189 7.5
      vertex 2.96902 1.32189 0
    endloop
  endfacet
  facet normal -0.923859 -0.382732 0
    outer loop
      vertex 2.96902 1.32189 7.5
      vertex 3.03414 1.1647 0
      vertex 3.03414 1.1647 7.5
    endloop
  endfacet
  facet normal 0.991444 -0.130532 0
    outer loop
      vertex -3.2322 0.339717 7.5
      vertex -3.20999 0.508411 0
      vertex -3.20999 0.508411 7.5
    endloop
  endfacet
  facet normal 0.991444 -0.130532 0
    outer loop
      vertex -3.20999 0.508411 0
      vertex -3.2322 0.339717 7.5
      vertex -3.2322 0.339717 0
    endloop
  endfacet
  facet normal 0.95881 -0.28405 0
    outer loop
      vertex -3.13926 0.841162 7.5
      vertex -3.09093 1.0043 0
      vertex -3.09093 1.0043 7.5
    endloop
  endfacet
  facet normal 0.95881 -0.28405 0
    outer loop
      vertex -3.09093 1.0043 0
      vertex -3.13926 0.841162 7.5
      vertex -3.13926 0.841162 0
    endloop
  endfacet
  facet normal 0.649445 -0.760409 0
    outer loop
      vertex -2.17467 2.41522 0
      vertex -2.04529 2.52572 7.5
      vertex -2.17467 2.41522 7.5
    endloop
  endfacet
  facet normal 0.649445 -0.760409 0
    outer loop
      vertex -2.04529 2.52572 7.5
      vertex -2.17467 2.41522 0
      vertex -2.04529 2.52572 0
    endloop
  endfacet
  facet normal -0.430492 -0.902594 0
    outer loop
      vertex 1.32189 2.96902 0
      vertex 1.47547 2.89577 7.5
      vertex 1.32189 2.96902 7.5
    endloop
  endfacet
  facet normal -0.430492 -0.902594 -0
    outer loop
      vertex 1.47547 2.89577 7.5
      vertex 1.32189 2.96902 0
      vertex 1.47547 2.89577 0
    endloop
  endfacet
  facet normal -0.28405 0.95881 0
    outer loop
      vertex 1.0043 -3.09093 0
      vertex 0.841162 -3.13926 7.5
      vertex 1.0043 -3.09093 7.5
    endloop
  endfacet
  facet normal -0.28405 0.95881 0
    outer loop
      vertex 0.841162 -3.13926 7.5
      vertex 1.0043 -3.09093 0
      vertex 0.841162 -3.13926 0
    endloop
  endfacet
  facet normal -0.333751 0.942661 0
    outer loop
      vertex 1.1647 -3.03414 0
      vertex 1.0043 -3.09093 7.5
      vertex 1.1647 -3.03414 7.5
    endloop
  endfacet
  facet normal -0.333751 0.942661 0
    outer loop
      vertex 1.0043 -3.09093 7.5
      vertex 1.1647 -3.03414 0
      vertex 1.0043 -3.09093 0
    endloop
  endfacet
  facet normal -0.649445 0.760409 0
    outer loop
      vertex 2.17467 -2.41522 0
      vertex 2.04529 -2.52572 7.5
      vertex 2.17467 -2.41522 7.5
    endloop
  endfacet
  facet normal -0.649445 0.760409 0
    outer loop
      vertex 2.04529 -2.52572 7.5
      vertex 2.17467 -2.41522 0
      vertex 2.04529 -2.52572 0
    endloop
  endfacet
  facet normal -0.725406 -0.688321 0
    outer loop
      vertex 2.41522 2.17467 0
      vertex 2.2981 2.2981 7.5
      vertex 2.2981 2.2981 0
    endloop
  endfacet
  facet normal -0.725406 -0.688321 0
    outer loop
      vertex 2.2981 2.2981 7.5
      vertex 2.41522 2.17467 0
      vertex 2.41522 2.17467 7.5
    endloop
  endfacet
  facet normal 0.852654 0.522477 0
    outer loop
      vertex -2.72568 -1.77008 7.5
      vertex -2.81458 -1.625 0
      vertex -2.81458 -1.625 7.5
    endloop
  endfacet
  facet normal 0.852654 0.522477 0
    outer loop
      vertex -2.81458 -1.625 0
      vertex -2.72568 -1.77008 7.5
      vertex -2.72568 -1.77008 0
    endloop
  endfacet
  facet normal 0.130532 0.991444 -0
    outer loop
      vertex -0.339717 -3.2322 0
      vertex -0.508411 -3.20999 7.5
      vertex -0.339717 -3.2322 7.5
    endloop
  endfacet
  facet normal 0.130532 0.991444 0
    outer loop
      vertex -0.508411 -3.20999 7.5
      vertex -0.339717 -3.2322 0
      vertex -0.508411 -3.20999 0
    endloop
  endfacet
  facet normal -0.923859 0.382732 0
    outer loop
      vertex 2.96902 -1.32189 0
      vertex 3.03414 -1.1647 7.5
      vertex 3.03414 -1.1647 0
    endloop
  endfacet
  facet normal -0.923859 0.382732 0
    outer loop
      vertex 3.03414 -1.1647 7.5
      vertex 2.96902 -1.32189 0
      vertex 2.96902 -1.32189 7.5
    endloop
  endfacet
  facet normal 0.760409 0.649445 0
    outer loop
      vertex -2.41522 -2.17467 7.5
      vertex -2.52572 -2.04529 0
      vertex -2.52572 -2.04529 7.5
    endloop
  endfacet
  facet normal 0.760409 0.649445 0
    outer loop
      vertex -2.52572 -2.04529 0
      vertex -2.41522 -2.17467 7.5
      vertex -2.41522 -2.17467 0
    endloop
  endfacet
  facet normal -0.999658 0.0261534 0
    outer loop
      vertex 3.24555 -0.170092 0
      vertex 3.25 0 7.5
      vertex 3.25 0 0
    endloop
  endfacet
  facet normal -0.999658 0.0261534 0
    outer loop
      vertex 3.25 0 7.5
      vertex 3.24555 -0.170092 0
      vertex 3.24555 -0.170092 7.5
    endloop
  endfacet
  facet normal 0.95881 0.28405 0
    outer loop
      vertex -3.09093 -1.0043 7.5
      vertex -3.13926 -0.841162 0
      vertex -3.13926 -0.841162 7.5
    endloop
  endfacet
  facet normal 0.95881 0.28405 0
    outer loop
      vertex -3.13926 -0.841162 0
      vertex -3.09093 -1.0043 7.5
      vertex -3.09093 -1.0043 0
    endloop
  endfacet
  facet normal -0.688321 0.725406 0
    outer loop
      vertex 2.2981 -2.2981 0
      vertex 2.17467 -2.41522 7.5
      vertex 2.2981 -2.2981 7.5
    endloop
  endfacet
  facet normal -0.688321 0.725406 0
    outer loop
      vertex 2.17467 -2.41522 7.5
      vertex 2.2981 -2.2981 0
      vertex 2.17467 -2.41522 0
    endloop
  endfacet
  facet normal 0.999658 0.0261534 0
    outer loop
      vertex -3.24555 -0.170092 7.5
      vertex -3.25 0 0
      vertex -3.25 0 7.5
    endloop
  endfacet
  facet normal 0.999658 0.0261534 0
    outer loop
      vertex -3.25 0 0
      vertex -3.24555 -0.170092 7.5
      vertex -3.24555 -0.170092 0
    endloop
  endfacet
  facet normal -0.0784604 0.996917 0
    outer loop
      vertex 0.339717 -3.2322 0
      vertex 0.170092 -3.24555 7.5
      vertex 0.339717 -3.2322 7.5
    endloop
  endfacet
  facet normal -0.0784604 0.996917 0
    outer loop
      vertex 0.170092 -3.24555 7.5
      vertex 0.339717 -3.2322 0
      vertex 0.170092 -3.24555 0
    endloop
  endfacet
  facet normal 0.28405 0.95881 -0
    outer loop
      vertex -0.841162 -3.13926 0
      vertex -1.0043 -3.09093 7.5
      vertex -0.841162 -3.13926 7.5
    endloop
  endfacet
  facet normal 0.28405 0.95881 0
    outer loop
      vertex -1.0043 -3.09093 7.5
      vertex -0.841162 -3.13926 0
      vertex -1.0043 -3.09093 0
    endloop
  endfacet
  facet normal -0.972371 -0.233441 0
    outer loop
      vertex 3.17898 0.675713 0
      vertex 3.13926 0.841162 7.5
      vertex 3.13926 0.841162 0
    endloop
  endfacet
  facet normal -0.972371 -0.233441 0
    outer loop
      vertex 3.13926 0.841162 7.5
      vertex 3.17898 0.675713 0
      vertex 3.17898 0.675713 7.5
    endloop
  endfacet
  facet normal -0.991444 0.130532 0
    outer loop
      vertex 3.20999 -0.508411 0
      vertex 3.2322 -0.339717 7.5
      vertex 3.2322 -0.339717 0
    endloop
  endfacet
  facet normal -0.991444 0.130532 0
    outer loop
      vertex 3.2322 -0.339717 7.5
      vertex 3.20999 -0.508411 0
      vertex 3.20999 -0.508411 7.5
    endloop
  endfacet
  facet normal -0.382732 -0.923859 0
    outer loop
      vertex 1.1647 3.03414 0
      vertex 1.32189 2.96902 7.5
      vertex 1.1647 3.03414 7.5
    endloop
  endfacet
  facet normal -0.382732 -0.923859 -0
    outer loop
      vertex 1.32189 2.96902 7.5
      vertex 1.1647 3.03414 0
      vertex 1.32189 2.96902 0
    endloop
  endfacet
  facet normal -0.0261534 -0.999658 0
    outer loop
      vertex 0 3.25 0
      vertex 0.170092 3.24555 7.5
      vertex 0 3.25 7.5
    endloop
  endfacet
  facet normal -0.0261534 -0.999658 -0
    outer loop
      vertex 0.170092 3.24555 7.5
      vertex 0 3.25 0
      vertex 0.170092 3.24555 0
    endloop
  endfacet
  facet normal -0.760409 -0.649445 0
    outer loop
      vertex 2.52572 2.04529 0
      vertex 2.41522 2.17467 7.5
      vertex 2.41522 2.17467 0
    endloop
  endfacet
  facet normal -0.760409 -0.649445 0
    outer loop
      vertex 2.41522 2.17467 7.5
      vertex 2.52572 2.04529 0
      vertex 2.52572 2.04529 7.5
    endloop
  endfacet
  facet normal 0.608756 -0.793358 0
    outer loop
      vertex -2.04529 2.52572 0
      vertex -1.9103 2.6293 7.5
      vertex -2.04529 2.52572 7.5
    endloop
  endfacet
  facet normal 0.608756 -0.793358 0
    outer loop
      vertex -1.9103 2.6293 7.5
      vertex -2.04529 2.52572 0
      vertex -1.9103 2.6293 0
    endloop
  endfacet
  facet normal 0.999658 -0.0261534 0
    outer loop
      vertex -3.25 0 7.5
      vertex -3.24555 0.170092 0
      vertex -3.24555 0.170092 7.5
    endloop
  endfacet
  facet normal 0.999658 -0.0261534 0
    outer loop
      vertex -3.24555 0.170092 0
      vertex -3.25 0 7.5
      vertex -3.25 0 0
    endloop
  endfacet
  facet normal 0.522477 -0.852654 0
    outer loop
      vertex -1.77008 2.72568 0
      vertex -1.625 2.81458 7.5
      vertex -1.77008 2.72568 7.5
    endloop
  endfacet
  facet normal 0.522477 -0.852654 0
    outer loop
      vertex -1.625 2.81458 7.5
      vertex -1.77008 2.72568 0
      vertex -1.625 2.81458 0
    endloop
  endfacet
  facet normal 0.983252 -0.182249 0
    outer loop
      vertex -3.20999 0.508411 7.5
      vertex -3.17898 0.675713 0
      vertex -3.17898 0.675713 7.5
    endloop
  endfacet
  facet normal 0.983252 -0.182249 0
    outer loop
      vertex -3.17898 0.675713 0
      vertex -3.20999 0.508411 7.5
      vertex -3.20999 0.508411 0
    endloop
  endfacet
  facet normal 0.182249 -0.983252 0
    outer loop
      vertex -0.675713 3.17898 0
      vertex -0.508411 3.20999 7.5
      vertex -0.675713 3.17898 7.5
    endloop
  endfacet
  facet normal 0.182249 -0.983252 0
    outer loop
      vertex -0.508411 3.20999 7.5
      vertex -0.675713 3.17898 0
      vertex -0.508411 3.20999 0
    endloop
  endfacet
  facet normal 0.688321 -0.725406 0
    outer loop
      vertex -2.2981 2.2981 0
      vertex -2.17467 2.41522 7.5
      vertex -2.2981 2.2981 7.5
    endloop
  endfacet
  facet normal 0.688321 -0.725406 0
    outer loop
      vertex -2.17467 2.41522 7.5
      vertex -2.2981 2.2981 0
      vertex -2.17467 2.41522 0
    endloop
  endfacet
  facet normal -0.878813 -0.477167 0
    outer loop
      vertex 2.89577 1.47547 0
      vertex 2.81458 1.625 7.5
      vertex 2.81458 1.625 0
    endloop
  endfacet
  facet normal -0.878813 -0.477167 0
    outer loop
      vertex 2.81458 1.625 7.5
      vertex 2.89577 1.47547 0
      vertex 2.89577 1.47547 7.5
    endloop
  endfacet
  facet normal 0.0261534 -0.999658 0
    outer loop
      vertex -0.170092 3.24555 0
      vertex 0 3.25 7.5
      vertex -0.170092 3.24555 7.5
    endloop
  endfacet
  facet normal 0.0261534 -0.999658 0
    outer loop
      vertex 0 3.25 7.5
      vertex -0.170092 3.24555 0
      vertex 0 3.25 0
    endloop
  endfacet
  facet normal 0.991444 0.130532 0
    outer loop
      vertex -3.20999 -0.508411 7.5
      vertex -3.2322 -0.339717 0
      vertex -3.2322 -0.339717 7.5
    endloop
  endfacet
  facet normal 0.991444 0.130532 0
    outer loop
      vertex -3.2322 -0.339717 0
      vertex -3.20999 -0.508411 7.5
      vertex -3.20999 -0.508411 0
    endloop
  endfacet
  facet normal 0.725406 0.688321 0
    outer loop
      vertex -2.2981 -2.2981 7.5
      vertex -2.41522 -2.17467 0
      vertex -2.41522 -2.17467 7.5
    endloop
  endfacet
  facet normal 0.725406 0.688321 0
    outer loop
      vertex -2.41522 -2.17467 0
      vertex -2.2981 -2.2981 7.5
      vertex -2.2981 -2.2981 0
    endloop
  endfacet
  facet normal -0.182249 0.983252 0
    outer loop
      vertex 0.675713 -3.17898 0
      vertex 0.508411 -3.20999 7.5
      vertex 0.675713 -3.17898 7.5
    endloop
  endfacet
  facet normal -0.182249 0.983252 0
    outer loop
      vertex 0.508411 -3.20999 7.5
      vertex 0.675713 -3.17898 0
      vertex 0.508411 -3.20999 0
    endloop
  endfacet
  facet normal 0.942661 -0.333751 0
    outer loop
      vertex -3.09093 1.0043 7.5
      vertex -3.03414 1.1647 0
      vertex -3.03414 1.1647 7.5
    endloop
  endfacet
  facet normal 0.942661 -0.333751 0
    outer loop
      vertex -3.03414 1.1647 0
      vertex -3.09093 1.0043 7.5
      vertex -3.09093 1.0043 0
    endloop
  endfacet
  facet normal 0.688321 0.725406 -0
    outer loop
      vertex -2.17467 -2.41522 0
      vertex -2.2981 -2.2981 7.5
      vertex -2.17467 -2.41522 7.5
    endloop
  endfacet
  facet normal 0.688321 0.725406 0
    outer loop
      vertex -2.2981 -2.2981 7.5
      vertex -2.17467 -2.41522 0
      vertex -2.2981 -2.2981 0
    endloop
  endfacet
  facet normal -0.566444 0.8241 0
    outer loop
      vertex 1.9103 -2.6293 0
      vertex 1.77008 -2.72568 7.5
      vertex 1.9103 -2.6293 7.5
    endloop
  endfacet
  facet normal -0.566444 0.8241 0
    outer loop
      vertex 1.77008 -2.72568 7.5
      vertex 1.9103 -2.6293 0
      vertex 1.77008 -2.72568 0
    endloop
  endfacet
  facet normal -0.130532 -0.991444 0
    outer loop
      vertex 0.339717 3.2322 0
      vertex 0.508411 3.20999 7.5
      vertex 0.339717 3.2322 7.5
    endloop
  endfacet
  facet normal -0.130532 -0.991444 -0
    outer loop
      vertex 0.508411 3.20999 7.5
      vertex 0.339717 3.2322 0
      vertex 0.508411 3.20999 0
    endloop
  endfacet
  facet normal 0.430492 0.902594 -0
    outer loop
      vertex -1.32189 -2.96902 0
      vertex -1.47547 -2.89577 7.5
      vertex -1.32189 -2.96902 7.5
    endloop
  endfacet
  facet normal 0.430492 0.902594 0
    outer loop
      vertex -1.47547 -2.89577 7.5
      vertex -1.32189 -2.96902 0
      vertex -1.47547 -2.89577 0
    endloop
  endfacet
  facet normal 0.8241 0.566444 0
    outer loop
      vertex -2.6293 -1.9103 7.5
      vertex -2.72568 -1.77008 0
      vertex -2.72568 -1.77008 7.5
    endloop
  endfacet
  facet normal 0.8241 0.566444 0
    outer loop
      vertex -2.72568 -1.77008 0
      vertex -2.6293 -1.9103 7.5
      vertex -2.6293 -1.9103 0
    endloop
  endfacet
  facet normal 0.923859 -0.382732 0
    outer loop
      vertex -3.03414 1.1647 7.5
      vertex -2.96902 1.32189 0
      vertex -2.96902 1.32189 7.5
    endloop
  endfacet
  facet normal 0.923859 -0.382732 0
    outer loop
      vertex -2.96902 1.32189 0
      vertex -3.03414 1.1647 7.5
      vertex -3.03414 1.1647 0
    endloop
  endfacet
  facet normal -0.852654 -0.522477 0
    outer loop
      vertex 2.81458 1.625 0
      vertex 2.72568 1.77008 7.5
      vertex 2.72568 1.77008 0
    endloop
  endfacet
  facet normal -0.852654 -0.522477 0
    outer loop
      vertex 2.72568 1.77008 7.5
      vertex 2.81458 1.625 0
      vertex 2.81458 1.625 7.5
    endloop
  endfacet
  facet normal -0.233441 0.972371 0
    outer loop
      vertex 0.841162 -3.13926 0
      vertex 0.675713 -3.17898 7.5
      vertex 0.841162 -3.13926 7.5
    endloop
  endfacet
  facet normal -0.233441 0.972371 0
    outer loop
      vertex 0.675713 -3.17898 7.5
      vertex 0.841162 -3.13926 0
      vertex 0.675713 -3.17898 0
    endloop
  endfacet
  facet normal 0.996917 -0.0784604 0
    outer loop
      vertex -3.24555 0.170092 7.5
      vertex -3.2322 0.339717 0
      vertex -3.2322 0.339717 7.5
    endloop
  endfacet
  facet normal 0.996917 -0.0784604 0
    outer loop
      vertex -3.2322 0.339717 0
      vertex -3.24555 0.170092 7.5
      vertex -3.24555 0.170092 0
    endloop
  endfacet
  facet normal -0.608756 -0.793358 0
    outer loop
      vertex 1.9103 2.6293 0
      vertex 2.04529 2.52572 7.5
      vertex 1.9103 2.6293 7.5
    endloop
  endfacet
  facet normal -0.608756 -0.793358 -0
    outer loop
      vertex 2.04529 2.52572 7.5
      vertex 1.9103 2.6293 0
      vertex 2.04529 2.52572 0
    endloop
  endfacet
  facet normal -0.382732 0.923859 0
    outer loop
      vertex 1.32189 -2.96902 0
      vertex 1.1647 -3.03414 7.5
      vertex 1.32189 -2.96902 7.5
    endloop
  endfacet
  facet normal -0.382732 0.923859 0
    outer loop
      vertex 1.1647 -3.03414 7.5
      vertex 1.32189 -2.96902 0
      vertex 1.1647 -3.03414 0
    endloop
  endfacet
  facet normal -0.725406 0.688321 0
    outer loop
      vertex 2.2981 -2.2981 0
      vertex 2.41522 -2.17467 7.5
      vertex 2.41522 -2.17467 0
    endloop
  endfacet
  facet normal -0.725406 0.688321 0
    outer loop
      vertex 2.41522 -2.17467 7.5
      vertex 2.2981 -2.2981 0
      vertex 2.2981 -2.2981 7.5
    endloop
  endfacet
  facet normal -0.477167 0.878813 0
    outer loop
      vertex 1.625 -2.81458 0
      vertex 1.47547 -2.89577 7.5
      vertex 1.625 -2.81458 7.5
    endloop
  endfacet
  facet normal -0.477167 0.878813 0
    outer loop
      vertex 1.47547 -2.89577 7.5
      vertex 1.625 -2.81458 0
      vertex 1.47547 -2.89577 0
    endloop
  endfacet
  facet normal -0.972371 0.233441 0
    outer loop
      vertex 3.13926 -0.841162 0
      vertex 3.17898 -0.675713 7.5
      vertex 3.17898 -0.675713 0
    endloop
  endfacet
  facet normal -0.972371 0.233441 0
    outer loop
      vertex 3.17898 -0.675713 7.5
      vertex 3.13926 -0.841162 0
      vertex 3.13926 -0.841162 7.5
    endloop
  endfacet
  facet normal 0.760409 -0.649445 0
    outer loop
      vertex -2.52572 2.04529 7.5
      vertex -2.41522 2.17467 0
      vertex -2.41522 2.17467 7.5
    endloop
  endfacet
  facet normal 0.760409 -0.649445 0
    outer loop
      vertex -2.41522 2.17467 0
      vertex -2.52572 2.04529 7.5
      vertex -2.52572 2.04529 0
    endloop
  endfacet
  facet normal -0.477167 -0.878813 0
    outer loop
      vertex 1.47547 2.89577 0
      vertex 1.625 2.81458 7.5
      vertex 1.47547 2.89577 7.5
    endloop
  endfacet
  facet normal -0.477167 -0.878813 -0
    outer loop
      vertex 1.625 2.81458 7.5
      vertex 1.47547 2.89577 0
      vertex 1.625 2.81458 0
    endloop
  endfacet
  facet normal 0.333751 -0.942661 0
    outer loop
      vertex -1.1647 3.03414 0
      vertex -1.0043 3.09093 7.5
      vertex -1.1647 3.03414 7.5
    endloop
  endfacet
  facet normal 0.333751 -0.942661 0
    outer loop
      vertex -1.0043 3.09093 7.5
      vertex -1.1647 3.03414 0
      vertex -1.0043 3.09093 0
    endloop
  endfacet
  facet normal -0.522477 0.852654 0
    outer loop
      vertex 1.77008 -2.72568 0
      vertex 1.625 -2.81458 7.5
      vertex 1.77008 -2.72568 7.5
    endloop
  endfacet
  facet normal -0.522477 0.852654 0
    outer loop
      vertex 1.625 -2.81458 7.5
      vertex 1.77008 -2.72568 0
      vertex 1.625 -2.81458 0
    endloop
  endfacet
  facet normal 0.430492 -0.902594 0
    outer loop
      vertex -1.47547 2.89577 0
      vertex -1.32189 2.96902 7.5
      vertex -1.47547 2.89577 7.5
    endloop
  endfacet
  facet normal 0.430492 -0.902594 0
    outer loop
      vertex -1.32189 2.96902 7.5
      vertex -1.47547 2.89577 0
      vertex -1.32189 2.96902 0
    endloop
  endfacet
  facet normal -0.608756 0.793358 0
    outer loop
      vertex 2.04529 -2.52572 0
      vertex 1.9103 -2.6293 7.5
      vertex 2.04529 -2.52572 7.5
    endloop
  endfacet
  facet normal -0.608756 0.793358 0
    outer loop
      vertex 1.9103 -2.6293 7.5
      vertex 2.04529 -2.52572 0
      vertex 1.9103 -2.6293 0
    endloop
  endfacet
  facet normal -0.333751 -0.942661 0
    outer loop
      vertex 1.0043 3.09093 0
      vertex 1.1647 3.03414 7.5
      vertex 1.0043 3.09093 7.5
    endloop
  endfacet
  facet normal -0.333751 -0.942661 -0
    outer loop
      vertex 1.1647 3.03414 7.5
      vertex 1.0043 3.09093 0
      vertex 1.1647 3.03414 0
    endloop
  endfacet
  facet normal -0.8241 -0.566444 0
    outer loop
      vertex 2.72568 1.77008 0
      vertex 2.6293 1.9103 7.5
      vertex 2.6293 1.9103 0
    endloop
  endfacet
  facet normal -0.8241 -0.566444 0
    outer loop
      vertex 2.6293 1.9103 7.5
      vertex 2.72568 1.77008 0
      vertex 2.72568 1.77008 7.5
    endloop
  endfacet
  facet normal -0.8241 0.566444 0
    outer loop
      vertex 2.6293 -1.9103 0
      vertex 2.72568 -1.77008 7.5
      vertex 2.72568 -1.77008 0
    endloop
  endfacet
  facet normal -0.8241 0.566444 0
    outer loop
      vertex 2.72568 -1.77008 7.5
      vertex 2.6293 -1.9103 0
      vertex 2.6293 -1.9103 7.5
    endloop
  endfacet
  facet normal -0.793358 0.608756 0
    outer loop
      vertex 2.52572 -2.04529 0
      vertex 2.6293 -1.9103 7.5
      vertex 2.6293 -1.9103 0
    endloop
  endfacet
  facet normal -0.793358 0.608756 0
    outer loop
      vertex 2.6293 -1.9103 7.5
      vertex 2.52572 -2.04529 0
      vertex 2.52572 -2.04529 7.5
    endloop
  endfacet
  facet normal 0.923859 0.382732 0
    outer loop
      vertex -2.96902 -1.32189 7.5
      vertex -3.03414 -1.1647 0
      vertex -3.03414 -1.1647 7.5
    endloop
  endfacet
  facet normal 0.923859 0.382732 0
    outer loop
      vertex -3.03414 -1.1647 0
      vertex -2.96902 -1.32189 7.5
      vertex -2.96902 -1.32189 0
    endloop
  endfacet
  facet normal 0.182249 0.983252 -0
    outer loop
      vertex -0.508411 -3.20999 0
      vertex -0.675713 -3.17898 7.5
      vertex -0.508411 -3.20999 7.5
    endloop
  endfacet
  facet normal 0.182249 0.983252 0
    outer loop
      vertex -0.675713 -3.17898 7.5
      vertex -0.508411 -3.20999 0
      vertex -0.675713 -3.17898 0
    endloop
  endfacet
  facet normal 0.902594 -0.430492 0
    outer loop
      vertex -2.96902 1.32189 7.5
      vertex -2.89577 1.47547 0
      vertex -2.89577 1.47547 7.5
    endloop
  endfacet
  facet normal 0.902594 -0.430492 0
    outer loop
      vertex -2.89577 1.47547 0
      vertex -2.96902 1.32189 7.5
      vertex -2.96902 1.32189 0
    endloop
  endfacet
  facet normal 0.725406 -0.688321 0
    outer loop
      vertex -2.41522 2.17467 7.5
      vertex -2.2981 2.2981 0
      vertex -2.2981 2.2981 7.5
    endloop
  endfacet
  facet normal 0.725406 -0.688321 0
    outer loop
      vertex -2.2981 2.2981 0
      vertex -2.41522 2.17467 7.5
      vertex -2.41522 2.17467 0
    endloop
  endfacet
  facet normal 0.793358 -0.608756 0
    outer loop
      vertex -2.6293 1.9103 7.5
      vertex -2.52572 2.04529 0
      vertex -2.52572 2.04529 7.5
    endloop
  endfacet
  facet normal 0.793358 -0.608756 0
    outer loop
      vertex -2.52572 2.04529 0
      vertex -2.6293 1.9103 7.5
      vertex -2.6293 1.9103 0
    endloop
  endfacet
  facet normal 0.522477 0.852654 -0
    outer loop
      vertex -1.625 -2.81458 0
      vertex -1.77008 -2.72568 7.5
      vertex -1.625 -2.81458 7.5
    endloop
  endfacet
  facet normal 0.522477 0.852654 0
    outer loop
      vertex -1.77008 -2.72568 7.5
      vertex -1.625 -2.81458 0
      vertex -1.77008 -2.72568 0
    endloop
  endfacet
  facet normal 0.793358 0.608756 0
    outer loop
      vertex -2.52572 -2.04529 7.5
      vertex -2.6293 -1.9103 0
      vertex -2.6293 -1.9103 7.5
    endloop
  endfacet
  facet normal 0.793358 0.608756 0
    outer loop
      vertex -2.6293 -1.9103 0
      vertex -2.52572 -2.04529 7.5
      vertex -2.52572 -2.04529 0
    endloop
  endfacet
  facet normal 0.0784604 0.996917 -0
    outer loop
      vertex -0.170092 -3.24555 0
      vertex -0.339717 -3.2322 7.5
      vertex -0.170092 -3.24555 7.5
    endloop
  endfacet
  facet normal 0.0784604 0.996917 0
    outer loop
      vertex -0.339717 -3.2322 7.5
      vertex -0.170092 -3.24555 0
      vertex -0.339717 -3.2322 0
    endloop
  endfacet
  facet normal 0.0261534 0.999658 -0
    outer loop
      vertex 0 -3.25 0
      vertex -0.170092 -3.24555 7.5
      vertex 0 -3.25 7.5
    endloop
  endfacet
  facet normal 0.0261534 0.999658 0
    outer loop
      vertex -0.170092 -3.24555 7.5
      vertex 0 -3.25 0
      vertex -0.170092 -3.24555 0
    endloop
  endfacet
  facet normal 0.878813 0.477167 0
    outer loop
      vertex -2.81458 -1.625 7.5
      vertex -2.89577 -1.47547 0
      vertex -2.89577 -1.47547 7.5
    endloop
  endfacet
  facet normal 0.878813 0.477167 0
    outer loop
      vertex -2.89577 -1.47547 0
      vertex -2.81458 -1.625 7.5
      vertex -2.81458 -1.625 0
    endloop
  endfacet
  facet normal 0.566444 -0.8241 0
    outer loop
      vertex -1.9103 2.6293 0
      vertex -1.77008 2.72568 7.5
      vertex -1.9103 2.6293 7.5
    endloop
  endfacet
  facet normal 0.566444 -0.8241 0
    outer loop
      vertex -1.77008 2.72568 7.5
      vertex -1.9103 2.6293 0
      vertex -1.77008 2.72568 0
    endloop
  endfacet
  facet normal 0.233441 -0.972371 0
    outer loop
      vertex -0.841162 3.13926 0
      vertex -0.675713 3.17898 7.5
      vertex -0.841162 3.13926 7.5
    endloop
  endfacet
  facet normal 0.233441 -0.972371 0
    outer loop
      vertex -0.675713 3.17898 7.5
      vertex -0.841162 3.13926 0
      vertex -0.675713 3.17898 0
    endloop
  endfacet
  facet normal 0.333751 0.942661 -0
    outer loop
      vertex -1.0043 -3.09093 0
      vertex -1.1647 -3.03414 7.5
      vertex -1.0043 -3.09093 7.5
    endloop
  endfacet
  facet normal 0.333751 0.942661 0
    outer loop
      vertex -1.1647 -3.03414 7.5
      vertex -1.0043 -3.09093 0
      vertex -1.1647 -3.03414 0
    endloop
  endfacet
  facet normal 0.878813 -0.477167 0
    outer loop
      vertex -2.89577 1.47547 7.5
      vertex -2.81458 1.625 0
      vertex -2.81458 1.625 7.5
    endloop
  endfacet
  facet normal 0.878813 -0.477167 0
    outer loop
      vertex -2.81458 1.625 0
      vertex -2.89577 1.47547 7.5
      vertex -2.89577 1.47547 0
    endloop
  endfacet
  facet normal 0.972371 0.233441 0
    outer loop
      vertex -3.13926 -0.841162 7.5
      vertex -3.17898 -0.675713 0
      vertex -3.17898 -0.675713 7.5
    endloop
  endfacet
  facet normal 0.972371 0.233441 0
    outer loop
      vertex -3.17898 -0.675713 0
      vertex -3.13926 -0.841162 7.5
      vertex -3.13926 -0.841162 0
    endloop
  endfacet
  facet normal 0.983252 0.182249 0
    outer loop
      vertex -3.17898 -0.675713 7.5
      vertex -3.20999 -0.508411 0
      vertex -3.20999 -0.508411 7.5
    endloop
  endfacet
  facet normal 0.983252 0.182249 0
    outer loop
      vertex -3.20999 -0.508411 0
      vertex -3.17898 -0.675713 7.5
      vertex -3.17898 -0.675713 0
    endloop
  endfacet
  facet normal -0.233441 -0.972371 0
    outer loop
      vertex 0.675713 3.17898 0
      vertex 0.841162 3.13926 7.5
      vertex 0.675713 3.17898 7.5
    endloop
  endfacet
  facet normal -0.233441 -0.972371 -0
    outer loop
      vertex 0.841162 3.13926 7.5
      vertex 0.675713 3.17898 0
      vertex 0.841162 3.13926 0
    endloop
  endfacet
  facet normal 0.8241 -0.566444 0
    outer loop
      vertex -2.72568 1.77008 7.5
      vertex -2.6293 1.9103 0
      vertex -2.6293 1.9103 7.5
    endloop
  endfacet
  facet normal 0.8241 -0.566444 0
    outer loop
      vertex -2.6293 1.9103 0
      vertex -2.72568 1.77008 7.5
      vertex -2.72568 1.77008 0
    endloop
  endfacet
  facet normal 0.233441 0.972371 -0
    outer loop
      vertex -0.675713 -3.17898 0
      vertex -0.841162 -3.13926 7.5
      vertex -0.675713 -3.17898 7.5
    endloop
  endfacet
  facet normal 0.233441 0.972371 0
    outer loop
      vertex -0.841162 -3.13926 7.5
      vertex -0.675713 -3.17898 0
      vertex -0.841162 -3.13926 0
    endloop
  endfacet
  facet normal 0.608756 0.793358 -0
    outer loop
      vertex -1.9103 -2.6293 0
      vertex -2.04529 -2.52572 7.5
      vertex -1.9103 -2.6293 7.5
    endloop
  endfacet
  facet normal 0.608756 0.793358 0
    outer loop
      vertex -2.04529 -2.52572 7.5
      vertex -1.9103 -2.6293 0
      vertex -2.04529 -2.52572 0
    endloop
  endfacet
  facet normal 0.566444 0.8241 -0
    outer loop
      vertex -1.77008 -2.72568 0
      vertex -1.9103 -2.6293 7.5
      vertex -1.77008 -2.72568 7.5
    endloop
  endfacet
  facet normal 0.566444 0.8241 0
    outer loop
      vertex -1.9103 -2.6293 7.5
      vertex -1.77008 -2.72568 0
      vertex -1.9103 -2.6293 0
    endloop
  endfacet
  facet normal 0.902594 0.430492 0
    outer loop
      vertex -2.89577 -1.47547 7.5
      vertex -2.96902 -1.32189 0
      vertex -2.96902 -1.32189 7.5
    endloop
  endfacet
  facet normal 0.902594 0.430492 0
    outer loop
      vertex -2.96902 -1.32189 0
      vertex -2.89577 -1.47547 7.5
      vertex -2.89577 -1.47547 0
    endloop
  endfacet
  facet normal 0.382732 0.923859 -0
    outer loop
      vertex -1.1647 -3.03414 0
      vertex -1.32189 -2.96902 7.5
      vertex -1.1647 -3.03414 7.5
    endloop
  endfacet
  facet normal 0.382732 0.923859 0
    outer loop
      vertex -1.32189 -2.96902 7.5
      vertex -1.1647 -3.03414 0
      vertex -1.32189 -2.96902 0
    endloop
  endfacet
endsolid OpenSCAD_Model
